dataset,client,domain,assigned_key,file,total_px,ann_fg_px,ann_labeled_px,gt_fg_px,ann_fg_ratio,ann_labeled_ratio,gt_fg_ratio,ann_fg_inside_gt_ratio,gt_fg_covered_by_ann_ratio,ann_fg_boundary_ratio,ann_fg_core_ratio
odoc,client1,Domain1,scribble,gdrishtiGS_002.h5,147456,2185,4643,17690,0.014817979600694444,0.031487358940972224,0.1199679904513889,1.0,0.12351611079706049,0.030205949656750573,0.9697940503432494
odoc,client1,Domain1,scribble,gdrishtiGS_004.h5,147456,2643,5174,20346,0.017923990885416668,0.035088433159722224,0.13798014322916666,1.0,0.1299026835741669,0.14907302307983353,0.8509269769201665
odoc,client1,Domain1,scribble,gdrishtiGS_010.h5,147456,3283,5922,28167,0.022264268663194444,0.0401611328125,0.19101969401041666,0.9975632043862321,0.11627081336315546,0.2208346024977155,0.7767286018885166
odoc,client1,Domain1,scribble,gdrishtiGS_012.h5,147456,2642,5140,19785,0.017917209201388888,0.034857855902777776,0.13417561848958334,0.9965934897804694,0.13308061662875917,0.16010598031794096,0.8364875094625284
odoc,client1,Domain1,scribble,gdrishtiGS_015.h5,147456,2780,5347,22727,0.018853081597222224,0.036261664496527776,0.15412733289930555,1.0,0.12232146785761429,0.0420863309352518,0.9579136690647482
odoc,client1,Domain1,scribble,gdrishtiGS_016.h5,147456,2242,4709,18293,0.015204535590277778,0.03193495008680555,0.1240573459201389,0.9942016057091883,0.12184988793527579,0.07136485280999108,0.9228367528991972
odoc,client1,Domain1,scribble,gdrishtiGS_022.h5,147456,1900,4348,17265,0.012885199652777778,0.029486762152777776,0.11708577473958333,1.0,0.11004923255140457,0.0,1.0
odoc,client1,Domain1,scribble,gdrishtiGS_024.h5,147456,2761,5395,26918,0.018724229600694444,0.03658718532986111,0.1825493706597222,1.0,0.1025707704881492,0.0,1.0
odoc,client1,Domain1,scribble,gdrishtiGS_026.h5,147456,2542,5006,18203,0.017239040798611112,0.03394911024305555,0.1234469943576389,0.9870180959874115,0.13783442289732462,0.23800157356412274,0.7490165224232888
odoc,client1,Domain1,scribble,gdrishtiGS_031.h5,147456,2381,4945,24141,0.016147189670138888,0.03353542751736111,0.16371663411458334,1.0,0.09862888861273353,0.0,1.0
odoc,client1,Domain1,scribble,gdrishtiGS_032.h5,147456,3223,5746,35435,0.021857367621527776,0.03896755642361111,0.24030897352430555,1.0,0.09095527021306618,0.006205398696866274,0.9937946013031337
odoc,client1,Domain1,scribble,gdrishtiGS_038.h5,147456,2115,4592,20219,0.01434326171875,0.031141493055555556,0.1371188693576389,1.0,0.10460457985063554,0.0,1.0
odoc,client1,Domain1,scribble,gdrishtiGS_040.h5,147456,2758,5356,24459,0.018703884548611112,0.036322699652777776,0.16587320963541666,1.0,0.11276012919579705,0.009064539521392313,0.9909354604786077
odoc,client1,Domain1,scribble,gdrishtiGS_044.h5,147456,2452,4993,22147,0.016628689236111112,0.03386094835069445,0.15019395616319445,1.0,0.1107147694947397,0.0,1.0
odoc,client1,Domain1,scribble,gdrishtiGS_045.h5,147456,1879,4377,19117,0.012742784288194444,0.029683430989583332,0.1296454535590278,1.0,0.09828948056703457,0.0,1.0
odoc,client1,Domain1,scribble,gdrishtiGS_049.h5,147456,2747,5388,26225,0.018629286024305556,0.036539713541666664,0.1778496636284722,1.0,0.10474737845567207,0.00036403349108117945,0.9996359665089188
odoc,client1,Domain1,scribble,gdrishtiGS_051.h5,147456,2061,4568,18948,0.01397705078125,0.030978732638888888,0.12849934895833334,1.0,0.10877137428752374,0.0,1.0
odoc,client1,Domain1,scribble,gdrishtiGS_058.h5,147456,2422,4946,20172,0.016425238715277776,0.03354220920138889,0.13680013020833334,1.0,0.12006742018639699,0.05284888521882741,0.9471511147811725
odoc,client1,Domain1,scribble,gdrishtiGS_060.h5,147456,2805,5433,24396,0.019022623697916668,0.036844889322916664,0.16544596354166666,1.0,0.11497786522380718,0.0,1.0
odoc,client1,Domain1,scribble,gdrishtiGS_061.h5,147456,2808,5416,25875,0.01904296875,0.03672960069444445,0.17547607421875,1.0,0.10852173913043478,0.0,1.0
odoc,client1,Domain1,scribble,gdrishtiGS_062.h5,147456,2757,5355,27570,0.018697102864583332,0.03631591796875,0.18697102864583334,1.0,0.1,0.0,1.0
odoc,client1,Domain1,scribble,gdrishtiGS_063.h5,147456,3407,5800,33765,0.023105197482638888,0.03933376736111111,0.22898356119791666,1.0,0.10090330223604324,0.0,1.0
odoc,client1,Domain1,scribble,gdrishtiGS_064.h5,147456,2837,5492,27046,0.019239637586805556,0.03724500868055555,0.1834174262152778,1.0,0.10489536345485469,0.0,1.0
odoc,client1,Domain1,scribble,gdrishtiGS_066.h5,147456,2326,4888,21604,0.015774197048611112,0.033148871527777776,0.1465115017361111,1.0,0.1076652471764488,0.0,1.0
odoc,client1,Domain1,scribble,gdrishtiGS_068.h5,147456,3456,6105,35153,0.0234375,0.041402180989583336,0.2383965386284722,1.0,0.0983130884988479,0.0,1.0
odoc,client1,Domain1,scribble,gdrishtiGS_069.h5,147456,3557,6165,35449,0.024122450086805556,0.04180908203125,0.24040391710069445,1.0,0.10034133543964568,0.0,1.0
odoc,client1,Domain1,scribble,gdrishtiGS_075.h5,147456,2743,5435,29654,0.018602159288194444,0.036858452690972224,0.2011040581597222,1.0,0.09250016861131719,0.0,1.0
odoc,client1,Domain1,scribble,gdrishtiGS_076.h5,147456,2604,5257,26226,0.017659505208333332,0.035651312934027776,0.1778564453125,1.0,0.09929078014184398,0.0,1.0
odoc,client1,Domain1,scribble,gdrishtiGS_080.h5,147456,2622,5310,28573,0.017781575520833332,0.0360107421875,0.19377305772569445,1.0,0.09176495292758899,0.0,1.0
odoc,client1,Domain1,scribble,gdrishtiGS_081.h5,147456,2438,4998,21024,0.016533745659722224,0.033894856770833336,0.142578125,1.0,0.1159627092846271,0.0,1.0
odoc,client1,Domain1,scribble,gdrishtiGS_084.h5,147456,2567,5117,24062,0.017408582899305556,0.03470187717013889,0.1631808810763889,1.0,0.10668273626464965,0.0,1.0
odoc,client1,Domain1,scribble,gdrishtiGS_088.h5,147456,1328,3801,19726,0.009006076388888888,0.025777180989583332,0.13377549913194445,1.0,0.06732231572543851,0.0,1.0
odoc,client1,Domain1,scribble,ndrishtiGS_008.h5,147456,1820,4353,21181,0.012342664930555556,0.029520670572916668,0.1436428493923611,1.0,0.08592606581370096,0.0,1.0
odoc,client1,Domain1,scribble,ndrishtiGS_017.h5,147456,1633,4154,20690,0.011074490017361112,0.028171115451388888,0.1403130425347222,1.0,0.07892701788303529,0.0,1.0
odoc,client1,Domain1,scribble,ndrishtiGS_018.h5,147456,1747,4241,19243,0.011847601996527778,0.028761121961805556,0.1304999457465278,1.0,0.090786259938679,0.0,1.0
odoc,client1,Domain1,scribble,ndrishtiGS_033.h5,147456,3213,5876,31678,0.02178955078125,0.039849175347222224,0.21483018663194445,1.0,0.10142685775617148,0.017429193899782137,0.9825708061002179
odoc,client1,Domain1,scribble,ndrishtiGS_035.h5,147456,2687,5233,24291,0.018222384982638888,0.03548855251736111,0.16473388671875,1.0,0.11061710098390351,0.0,1.0
odoc,client1,Domain1,scribble,ndrishtiGS_036.h5,147456,2861,5520,28806,0.019402398003472224,0.037434895833333336,0.19535319010416666,1.0,0.09931958619732001,0.0,1.0
odoc,client1,Domain1,scribble,ndrishtiGS_037.h5,147456,2338,4876,21253,0.015855577256944444,0.03306749131944445,0.1441311306423611,1.0,0.11000799887074766,0.0,1.0
odoc,client1,Domain1,scribble,ndrishtiGS_041.h5,147456,2386,5027,27400,0.016181098090277776,0.03409152560763889,0.1858181423611111,1.0,0.08708029197080291,0.0,1.0
odoc,client1,Domain1,scribble,ndrishtiGS_042.h5,147456,2049,4645,25250,0.013895670572916666,0.031500922309027776,0.1712375217013889,1.0,0.08114851485148515,0.0,1.0
odoc,client1,Domain1,scribble,ndrishtiGS_046.h5,147456,1716,4260,20447,0.011637369791666666,0.028889973958333332,0.1386650933159722,1.0,0.08392429207218663,0.0,1.0
odoc,client1,Domain1,scribble,ndrishtiGS_047.h5,147456,1620,4100,19557,0.010986328125,0.027804904513888888,0.13262939453125,1.0,0.08283479061205706,0.0,1.0
odoc,client1,Domain1,scribble,ndrishtiGS_057.h5,147456,1872,4325,17914,0.0126953125,0.029330783420138888,0.1214870876736111,1.0,0.10449927431059507,0.0,1.0
odoc,client1,Domain1,scribble,ndrishtiGS_089.h5,147456,1780,4350,21856,0.012071397569444444,0.029500325520833332,0.1482204861111111,1.0,0.08144216691068815,0.0,1.0
odoc,client1,Domain1,scribble,ndrishtiGS_090.h5,147456,1748,4333,22352,0.011854383680555556,0.029385036892361112,0.1515842013888889,1.0,0.07820329277022191,0.0,1.0
odoc,client1,Domain1,scribble,ndrishtiGS_092.h5,147456,1939,4544,23070,0.013149685329861112,0.030815972222222224,0.15645345052083334,1.0,0.08404854789770265,0.0,1.0
odoc,client1,Domain1,scribble,ndrishtiGS_094.h5,147456,1408,3880,18673,0.009548611111111112,0.026312934027777776,0.12663438585069445,1.0,0.07540298827183634,0.0,1.0
odoc,client1,Domain1,scribble,ndrishtiGS_098.h5,147456,2421,5082,28493,0.01641845703125,0.034464518229166664,0.1932305230034722,1.0,0.08496823781279612,0.0,1.0
odoc,client1,Domain1,scribble,ndrishtiGS_101.h5,147456,1420,3864,17020,0.009629991319444444,0.026204427083333332,0.11542426215277778,1.0,0.08343125734430082,0.0,1.0
odoc,client2,Domain2,scribble_noisy,G-1-L.h5,147456,1299,3069,14807,0.008809407552083334,0.02081298828125,0.10041639539930555,1.0,0.08772877692983048,0.022324865280985373,0.9776751347190146
odoc,client2,Domain2,scribble_noisy,G-10-L.h5,147456,1170,2956,12715,0.0079345703125,0.020046657986111112,0.08622911241319445,1.0,0.09201730239874165,0.019658119658119658,0.9803418803418803
odoc,client2,Domain2,scribble_noisy,G-11-R.h5,147456,1217,2976,14388,0.008253309461805556,0.020182291666666668,0.09757486979166667,1.0,0.08458437586877954,0.0,1.0
odoc,client2,Domain2,scribble_noisy,G-12-L.h5,147456,1280,3047,17119,0.008680555555555556,0.020663791232638888,0.11609564887152778,1.0,0.07477072258893627,0.0,1.0
odoc,client2,Domain2,scribble_noisy,G-13-R.h5,147456,1185,2817,10338,0.008036295572916666,0.01910400390625,0.07010904947916667,1.0,0.11462565293093442,0.005063291139240506,0.9949367088607595
odoc,client2,Domain2,scribble_noisy,G-14-R.h5,147456,1923,3911,28482,0.013041178385416666,0.026523166232638888,0.19315592447916666,1.0,0.06751632610069518,0.0,1.0
odoc,client2,Domain2,scribble_noisy,G-15-L.h5,147456,1683,3581,20210,0.01141357421875,0.024285210503472224,0.1370578342013889,1.0,0.08327560613557644,0.0,1.0
odoc,client2,Domain2,scribble_noisy,G-16-R.h5,147456,1558,3268,16401,0.010565863715277778,0.022162543402777776,0.11122639973958333,1.0,0.09499420767026401,0.0,1.0
odoc,client2,Domain2,scribble_noisy,G-17-L.h5,147456,1247,3057,19034,0.008456759982638888,0.020731608072916668,0.1290825737847222,0.9927826784282278,0.06504150467584323,0.1090617481956696,0.8837209302325582
odoc,client2,Domain2,scribble_noisy,G-18-R.h5,147456,1069,2744,10285,0.007249620225694444,0.018608940972222224,0.06974962022569445,1.0,0.10393777345649004,0.0,1.0
odoc,client2,Domain2,scribble_noisy,G-19-R.h5,147456,1036,2758,14679,0.007025824652777778,0.018703884548611112,0.09954833984375,1.0,0.07057701478302336,0.0,1.0
odoc,client2,Domain2,scribble_noisy,G-20-L.h5,147456,1131,2917,15816,0.007670084635416667,0.019782172309027776,0.10725911458333333,1.0,0.07150986342943855,0.0,1.0
odoc,client2,Domain2,scribble_noisy,G-21-R.h5,147456,1453,3045,18945,0.009853786892361112,0.020650227864583332,0.12847900390625,1.0,0.07669569807337029,0.02752924982794219,0.9724707501720579
odoc,client2,Domain2,scribble_noisy,G-3-R.h5,147456,1097,2814,13767,0.007439507378472222,0.019083658854166668,0.09336344401041667,1.0,0.07968330064647346,0.0,1.0
odoc,client2,Domain2,scribble_noisy,G-32-L.h5,147456,1362,3134,18685,0.009236653645833334,0.021253797743055556,0.1267157660590278,1.0,0.07289269467487289,0.0,1.0
odoc,client2,Domain2,scribble_noisy,G-33-R.h5,147456,1146,2999,13999,0.007771809895833333,0.020338270399305556,0.0949367947048611,1.0,0.08186299021358669,0.0,1.0
odoc,client2,Domain2,scribble_noisy,G-34-L.h5,147456,1151,2891,11658,0.007805718315972222,0.019605848524305556,0.07906087239583333,1.0,0.0987304855035169,0.0,1.0
odoc,client2,Domain2,scribble_noisy,G-35-R.h5,147456,1430,3206,16380,0.009697808159722222,0.021742078993055556,0.111083984375,1.0,0.0873015873015873,0.0034965034965034965,0.9965034965034965
odoc,client2,Domain2,scribble_noisy,G-36-R.h5,147456,985,2685,14700,0.006679958767361111,0.018208821614583332,0.09969075520833333,1.0,0.06700680272108843,0.0,1.0
odoc,client2,Domain2,scribble_noisy,G-37-R.h5,147456,1285,3023,12725,0.008714463975694444,0.020501030815972224,0.08629692925347222,1.0,0.10098231827111984,0.2357976653696498,0.7642023346303501
odoc,client2,Domain2,scribble_noisy,G-38-L.h5,147456,1536,3338,15572,0.010416666666666666,0.022637261284722224,0.10560438368055555,1.0,0.09863858207038274,0.14973958333333334,0.8502604166666666
odoc,client2,Domain2,scribble_noisy,G-39-L.h5,147456,1603,3322,15300,0.010871039496527778,0.022528754340277776,0.103759765625,1.0,0.10477124183006536,0.0941983780411728,0.9058016219588272
odoc,client2,Domain2,scribble_noisy,G-4-L.h5,147456,669,2335,10566,0.004536946614583333,0.015835232204861112,0.0716552734375,0.9835575485799701,0.06227522241150861,0.09865470852017937,0.8849028400597907
odoc,client2,Domain2,scribble_noisy,G-5-R.h5,147456,823,2447,8730,0.005581325954861111,0.016594780815972224,0.0592041015625,1.0,0.09427262313860252,0.038882138517618466,0.9611178614823815
odoc,client2,Domain2,scribble_noisy,G-6-L.h5,147456,2018,3913,22213,0.013685438368055556,0.026536729600694444,0.1506415473090278,1.0,0.09084770179624545,0.15609514370664024,0.8439048562933598
odoc,client2,Domain2,scribble_noisy,G-7-L.h5,147456,891,2724,13159,0.00604248046875,0.018473307291666668,0.08924018012152778,1.0,0.06771031233376397,0.0,1.0
odoc,client2,Domain2,scribble_noisy,G-8-R.h5,147456,2031,3686,23593,0.013773600260416666,0.024997287326388888,0.1600002712673611,0.9857213195470211,0.0848556775314712,0.18906942392909898,0.7966518956179222
odoc,client2,Domain2,scribble_noisy,G-9-R.h5,147456,1476,3262,12535,0.010009765625,0.022121853298611112,0.08500840928819445,1.0,0.11775029916234543,0.28116531165311653,0.7188346883468835
odoc,client2,Domain2,scribble_noisy,N-10-R.h5,147456,1068,2814,15336,0.007242838541666667,0.019083658854166668,0.10400390625,1.0,0.06964006259780908,0.0,1.0
odoc,client2,Domain2,scribble_noisy,N-11-L.h5,147456,1051,2754,13401,0.007127549913194444,0.0186767578125,0.09088134765625,1.0,0.0784269830609656,0.0,1.0
odoc,client2,Domain2,scribble_noisy,N-12-R.h5,147456,1117,2853,14449,0.007575141059027778,0.01934814453125,0.0979885525173611,1.0,0.0773063879853277,0.08325872873769025,0.9167412712623098
odoc,client2,Domain2,scribble_noisy,N-13-L.h5,147456,1162,2921,17387,0.007880316840277778,0.019809299045138888,0.11791314019097222,1.0,0.06683154080634957,0.0,1.0
odoc,client2,Domain2,scribble_noisy,N-14-R.h5,147456,1326,3185,17231,0.008992513020833334,0.021599663628472224,0.1168551974826389,1.0,0.07695432650455575,0.0,1.0
odoc,client2,Domain2,scribble_noisy,N-16-R.h5,147456,1121,2887,17050,0.007602267795138889,0.019578721788194444,0.1156277126736111,1.0,0.06574780058651027,0.0,1.0
odoc,client2,Domain2,scribble_noisy,N-24-R.h5,147456,1060,2319,19389,0.007188585069444444,0.015726725260416668,0.13149007161458334,1.0,0.054670173809892204,0.0,1.0
odoc,client2,Domain2,scribble_noisy,N-25-L.h5,147456,1035,2793,14977,0.00701904296875,0.018941243489583332,0.10156928168402778,1.0,0.06910596247579621,0.0,1.0
odoc,client2,Domain2,scribble_noisy,N-26-R.h5,147456,1156,2958,15365,0.007839626736111112,0.020060221354166668,0.10420057508680555,1.0,0.0752359258054019,0.0,1.0
odoc,client2,Domain2,scribble_noisy,N-27-L.h5,147456,1191,2848,13565,0.008076985677083334,0.019314236111111112,0.09199354383680555,1.0,0.0877994839660892,0.0,1.0
odoc,client2,Domain2,scribble_noisy,N-5-L.h5,147456,853,2520,12635,0.005784776475694444,0.01708984375,0.08568657769097222,1.0,0.06751088246933122,0.0,1.0
odoc,client2,Domain2,scribble_noisy,N-52-R.h5,147456,1142,2920,15566,0.007744683159722222,0.019802517361111112,0.1055636935763889,1.0,0.0733650263394578,0.03415061295971979,0.9658493870402802
odoc,client2,Domain2,scribble_noisy,N-53-L.h5,147456,1228,2994,19114,0.008327907986111112,0.020304361979166668,0.12962510850694445,1.0,0.06424610233336821,0.0,1.0
odoc,client2,Domain2,scribble_noisy,N-54-R.h5,147456,1367,3165,19811,0.009270562065972222,0.021464029947916668,0.13435194227430555,1.0,0.06900206955731664,0.0,1.0
odoc,client2,Domain2,scribble_noisy,N-55-L.h5,147456,918,2589,9192,0.0062255859375,0.017557779947916668,0.062337239583333336,1.0,0.09986945169712794,0.0,1.0
odoc,client2,Domain2,scribble_noisy,N-56-R.h5,147456,954,2600,9221,0.0064697265625,0.017632378472222224,0.0625339084201389,1.0,0.10345949463181868,0.0,1.0
odoc,client2,Domain2,scribble_noisy,N-58-R.h5,147456,1155,2817,14669,0.007832845052083334,0.01910400390625,0.09948052300347222,1.0,0.07873747358374804,0.0,1.0
odoc,client2,Domain2,scribble_noisy,N-59-L.h5,147456,830,2459,10491,0.005628797743055556,0.016676161024305556,0.07114664713541667,1.0,0.07911543227528357,0.09156626506024096,0.908433734939759
odoc,client2,Domain2,scribble_noisy,N-6-R.h5,147456,763,2402,13718,0.005174424913194444,0.016289605034722224,0.09303114149305555,1.0,0.05562035282111095,0.0,1.0
odoc,client2,Domain2,scribble_noisy,N-61-L.h5,147456,817,2473,10360,0.005540635850694444,0.016771104600694444,0.07025824652777778,1.0,0.07886100386100386,0.0,1.0
odoc,client2,Domain2,scribble_noisy,N-62-R.h5,147456,926,2724,12618,0.006279839409722222,0.018473307291666668,0.0855712890625,1.0,0.07338722459977809,0.0,1.0
odoc,client2,Domain2,scribble_noisy,N-63-L.h5,147456,1189,2900,15346,0.008063422309027778,0.019666883680555556,0.10407172309027778,1.0,0.07747947347843086,0.0,1.0
odoc,client2,Domain2,scribble_noisy,N-64-R.h5,147456,1280,3057,16045,0.008680555555555556,0.020731608072916668,0.10881212022569445,1.0,0.07977563103770645,0.0,1.0
odoc,client2,Domain2,scribble_noisy,N-65-L.h5,147456,993,2640,18796,0.006734212239583333,0.017903645833333332,0.1274685329861111,1.0,0.05283038944456267,0.0,1.0
odoc,client2,Domain2,scribble_noisy,N-66-R.h5,147456,861,2440,16120,0.005839029947916667,0.016547309027777776,0.10932074652777778,1.0,0.053411910669975186,0.0,1.0
odoc,client2,Domain2,scribble_noisy,N-67-L.h5,147456,920,2700,11333,0.006239149305555556,0.018310546875,0.07685682508680555,1.0,0.08117885820171182,0.0,1.0
odoc,client2,Domain2,scribble_noisy,N-68-R.h5,147456,973,2817,12274,0.006598578559027778,0.01910400390625,0.08323838975694445,1.0,0.0792732605507577,0.0,1.0
odoc,client2,Domain2,scribble_noisy,N-69-L.h5,147456,807,2477,10801,0.005472819010416667,0.016798231336805556,0.07324896918402778,1.0,0.07471530413850569,0.0,1.0
odoc,client2,Domain2,scribble_noisy,N-7-L.h5,147456,1212,3077,15689,0.008219401041666666,0.020867241753472224,0.10639784071180555,1.0,0.0772515775384027,0.0,1.0
odoc,client2,Domain2,scribble_noisy,N-70-R.h5,147456,578,2295,8686,0.003919813368055556,0.01556396484375,0.058905707465277776,1.0,0.06654386368869446,0.0,1.0
odoc,client2,Domain2,scribble_noisy,N-71-L.h5,147456,1130,2861,13427,0.007663302951388889,0.019402398003472224,0.09105767144097222,1.0,0.08415878453861622,0.0,1.0
odoc,client2,Domain2,scribble_noisy,N-72-R.h5,147456,1186,2947,12086,0.008043077256944444,0.019985622829861112,0.08196343315972222,1.0,0.09813006784709581,0.0,1.0
odoc,client2,Domain2,scribble_noisy,N-73-R.h5,147456,802,2511,11437,0.005438910590277778,0.01702880859375,0.07756212022569445,1.0,0.07012328407799248,0.0,1.0
odoc,client2,Domain2,scribble_noisy,N-74-L.h5,147456,851,2692,12647,0.005771213107638889,0.018256293402777776,0.08576795789930555,1.0,0.06728868506365146,0.0,1.0
odoc,client2,Domain2,scribble_noisy,N-75-R.h5,147456,934,2660,14498,0.006334092881944444,0.018039279513888888,0.09832085503472222,1.0,0.06442267899020554,0.0,1.0
odoc,client2,Domain2,scribble_noisy,N-76-R.h5,147456,898,2633,12666,0.006089952256944444,0.017856174045138888,0.08589680989583333,0.9966592427616926,0.07066161376914575,0.15256124721603564,0.844097995545657
odoc,client2,Domain2,scribble_noisy,N-79-L.h5,147456,902,2485,12277,0.006117078993055556,0.016852484809027776,0.08325873480902778,1.0,0.07347071760202004,0.0,1.0
odoc,client2,Domain2,scribble_noisy,N-8-L.h5,147456,860,2574,14287,0.005832248263888889,0.0174560546875,0.0968899197048611,1.0,0.060194582487576115,0.0,1.0
odoc,client2,Domain2,scribble_noisy,N-80-R.h5,147456,918,2688,12614,0.0062255859375,0.018229166666666668,0.0855441623263889,1.0,0.07277628032345014,0.0,1.0
odoc,client2,Domain2,scribble_noisy,N-81-L.h5,147456,1271,3071,17078,0.008619520399305556,0.020826551649305556,0.1158175998263889,1.0,0.07442323457079283,0.0,1.0
odoc,client2,Domain2,scribble_noisy,N-82-R.h5,147456,1311,3193,18990,0.008890787760416666,0.021653917100694444,0.1287841796875,1.0,0.06903633491311216,0.0,1.0
odoc,client2,Domain2,scribble_noisy,N-83-L.h5,147456,1165,2977,18682,0.007900661892361112,0.020189073350694444,0.12669542100694445,1.0,0.06235949041858473,0.0,1.0
odoc,client2,Domain2,scribble_noisy,N-84-R.h5,147456,1175,2996,15843,0.007968478732638888,0.020317925347222224,0.10744222005208333,1.0,0.07416524648109575,0.0,1.0
odoc,client2,Domain2,scribble_noisy,N-85-L.h5,147456,875,2494,12461,0.005933973524305556,0.016913519965277776,0.0845065646701389,1.0,0.07021908354064682,0.0,1.0
odoc,client2,Domain2,scribble_noisy,N-86-R.h5,147456,883,2610,8986,0.005988226996527778,0.0177001953125,0.06094021267361111,1.0,0.09826396616959715,0.0,1.0
odoc,client2,Domain2,scribble_noisy,N-87-L.h5,147456,664,2387,8501,0.004503038194444444,0.016187879774305556,0.05765109592013889,1.0,0.07810845782849077,0.0,1.0
odoc,client2,Domain2,scribble_noisy,N-88-R.h5,147456,750,2395,8918,0.005086263020833333,0.016242133246527776,0.060479058159722224,1.0,0.08409957389549226,0.0,1.0
odoc,client2,Domain2,scribble_noisy,N-9-L.h5,147456,744,2532,14111,0.005045572916666667,0.017171223958333332,0.09569634331597222,1.0,0.05272482460491815,0.0,1.0
odoc,client2,Domain2,scribble_noisy,N-90-R.h5,147456,964,2647,13318,0.006537543402777778,0.017951117621527776,0.09031846788194445,1.0,0.07238324072683586,0.06224066390041494,0.9377593360995851
odoc,client2,Domain2,scribble_noisy,N-91-L.h5,147456,1006,2707,12432,0.006822374131944444,0.018358018663194444,0.08430989583333333,1.0,0.08092020592020592,0.0,1.0
odoc,client2,Domain2,scribble_noisy,N-92-R.h5,147456,786,2421,11522,0.005330403645833333,0.01641845703125,0.07813856336805555,0.9809160305343512,0.06691546606491929,0.08778625954198473,0.8931297709923665
odoc,client2,Domain2,scribble_noisy,S-1-L.h5,147456,1711,3485,20570,0.011603461371527778,0.023634168836805556,0.1394992404513889,1.0,0.08317938745746233,0.0,1.0
odoc,client2,Domain2,scribble_noisy,S-10-R.h5,147456,1271,2920,14692,0.008619520399305556,0.019802517361111112,0.0996365017361111,1.0,0.08650966512387694,0.0,1.0
odoc,client2,Domain2,scribble_noisy,S-11-L.h5,147456,1053,2770,11490,0.00714111328125,0.018785264756944444,0.07792154947916667,1.0,0.09164490861618799,0.0,1.0
odoc,client2,Domain2,scribble_noisy,S-12-L.h5,147456,1413,3194,17005,0.00958251953125,0.021660698784722224,0.1153225368923611,1.0,0.08309320788003528,0.0,1.0
odoc,client2,Domain2,scribble_noisy,S-13-R.h5,147456,1430,3300,17012,0.009697808159722222,0.022379557291666668,0.11537000868055555,1.0,0.08405831177992006,0.0,1.0
odoc,client2,Domain2,scribble_noisy,S-14-R.h5,147456,1538,3319,16133,0.010430230034722222,0.022508409288194444,0.1094089084201389,1.0,0.09533254819314449,0.1775032509752926,0.8224967490247074
odoc,client2,Domain2,scribble_noisy,S-15-L.h5,147456,859,2533,11539,0.005825466579861111,0.017178005642361112,0.07825385199652778,1.0,0.07444319265100963,0.0,1.0
odoc,client2,Domain2,scribble_noisy,S-16-R.h5,147456,745,2462,12732,0.005052354600694444,0.016696506076388888,0.08634440104166667,1.0,0.05851398052152058,0.0,1.0
odoc,client2,Domain2,scribble_noisy,S-17-L.h5,147456,941,2677,14615,0.006381564670138889,0.018154568142361112,0.09911431206597222,1.0,0.064385904892234,0.0,1.0
odoc,client2,Domain2,scribble_noisy,S-18-L.h5,147456,1249,3010,17817,0.008470323350694444,0.020412868923611112,0.12082926432291667,1.0,0.07010158837065723,0.0,1.0
odoc,client2,Domain2,scribble_noisy,S-19-R.h5,147456,1468,3284,19673,0.009955512152777778,0.022271050347222224,0.1334160698784722,1.0,0.07462003761500534,0.0,1.0
odoc,client2,Domain2,scribble_noisy,S-20-L.h5,147456,1111,2852,12024,0.007534450954861111,0.019341362847222224,0.08154296875,1.0,0.09239853626081171,0.0,1.0
odoc,client2,Domain2,scribble_noisy,S-21-R.h5,147456,1215,2996,12784,0.00823974609375,0.020317925347222224,0.0866970486111111,1.0,0.09504067584480601,0.0,1.0
odoc,client2,Domain2,scribble_noisy,S-22-L.h5,147456,977,2852,16579,0.006625705295138889,0.019341362847222224,0.11243353949652778,1.0,0.05892997165088365,0.0,1.0
odoc,client2,Domain2,scribble_noisy,S-23-L.h5,147456,1026,2675,14678,0.0069580078125,0.018141004774305556,0.09954155815972222,1.0,0.06990053140754872,0.0,1.0
odoc,client2,Domain2,scribble_noisy,S-24-R.h5,147456,1178,3001,15070,0.007988823784722222,0.020351833767361112,0.1021999782986111,1.0,0.07816854678168547,0.0,1.0
odoc,client2,Domain2,scribble_noisy,S-25-L.h5,147456,1664,3539,20307,0.011284722222222222,0.024000379774305556,0.13771565755208334,1.0,0.08194218742305609,0.0,1.0
odoc,client2,Domain2,scribble_noisy,S-26-R.h5,147456,1870,3684,22209,0.012681749131944444,0.024983723958333332,0.15061442057291666,1.0,0.08420009905894008,0.058823529411764705,0.9411764705882353
odoc,client2,Domain2,scribble_noisy,S-27-L.h5,147456,888,2673,11880,0.006022135416666667,0.01812744140625,0.08056640625,1.0,0.07474747474747474,0.0,1.0
odoc,client2,Domain2,scribble_noisy,S-28-R.h5,147456,1211,2831,14487,0.008212619357638888,0.019198947482638888,0.09824625651041667,1.0,0.08359218609788086,0.0,1.0
odoc,client3,Domain3,scribble_noisy,g0003.h5,147456,1421,3053,13475,0.009636773003472222,0.020704481336805556,0.09138319227430555,1.0,0.10545454545454545,0.04011259676284307,0.9598874032371569
odoc,client3,Domain3,scribble_noisy,g0005.h5,147456,1207,2809,19344,0.008185492621527778,0.019049750434027776,0.13118489583333334,1.0,0.06239660876757651,0.0,1.0
odoc,client3,Domain3,scribble_noisy,g0006.h5,147456,1562,3166,18186,0.010592990451388888,0.021470811631944444,0.12333170572916667,0.9891165172855314,0.08495546024414384,0.14852752880921896,0.8405889884763125
odoc,client3,Domain3,scribble_noisy,g0007.h5,147456,1689,3316,19521,0.011454264322916666,0.022488064236111112,0.13238525390625,1.0,0.08652220685415705,0.020722320899940794,0.9792776791000593
odoc,client3,Domain3,scribble_noisy,g0009.h5,147456,1271,2829,15215,0.008619520399305556,0.019185384114583332,0.1031833224826389,1.0,0.08353598422609267,0.0,1.0
odoc,client3,Domain3,scribble_noisy,g0010.h5,147456,1372,2962,16381,0.009304470486111112,0.020087348090277776,0.11109076605902778,1.0,0.0837555704779928,0.02478134110787172,0.9752186588921283
odoc,client3,Domain3,scribble_noisy,g0011.h5,147456,1620,3131,17665,0.010986328125,0.021233452690972224,0.11979844835069445,1.0,0.09170676478913105,0.011111111111111112,0.9888888888888889
odoc,client3,Domain3,scribble_noisy,g0012.h5,147456,1254,2910,13597,0.008504231770833334,0.019734700520833332,0.09221055772569445,1.0,0.09222622637346474,0.0,1.0
odoc,client3,Domain3,scribble_noisy,g0013.h5,147456,1162,2662,13614,0.007880316840277778,0.018052842881944444,0.09232584635416667,1.0,0.08535331276627002,0.0,1.0
odoc,client3,Domain3,scribble_noisy,g0014.h5,147456,1986,3589,20275,0.013468424479166666,0.024339463975694444,0.13749864366319445,1.0,0.09795314426633786,0.028197381671701913,0.9718026183282981
odoc,client3,Domain3,scribble_noisy,g0016.h5,147456,1412,2991,15286,0.009575737847222222,0.020284016927083332,0.1036648220486111,1.0,0.09237210519429544,0.0,1.0
odoc,client3,Domain3,scribble_noisy,g0017.h5,147456,1378,2860,15122,0.009345160590277778,0.019395616319444444,0.10255262586805555,1.0,0.09112551249834679,0.0,1.0
odoc,client3,Domain3,scribble_noisy,g0018.h5,147456,1410,2967,15473,0.009562174479166666,0.020121256510416668,0.10493299696180555,1.0,0.09112647838169714,0.14042553191489363,0.8595744680851064
odoc,client3,Domain3,scribble_noisy,g0019.h5,147456,1525,3079,16572,0.010342068142361112,0.020880805121527776,0.11238606770833333,1.0,0.09202268887279749,0.0006557377049180328,0.999344262295082
odoc,client3,Domain3,scribble_noisy,g0020.h5,147456,1085,2579,11831,0.007358127170138889,0.017489963107638888,0.0802341037326389,1.0,0.091708224156876,0.004608294930875576,0.9953917050691244
odoc,client3,Domain3,scribble_noisy,g0021.h5,147456,1077,2652,13001,0.007303873697916667,0.017985026041666668,0.0881686740451389,1.0,0.08283978155526497,0.0,1.0
odoc,client3,Domain3,scribble_noisy,g0022.h5,147456,1677,3414,22655,0.011372884114583334,0.023152669270833332,0.15363905164930555,1.0,0.07402339439417348,0.03577817531305903,0.964221824686941
odoc,client3,Domain3,scribble_noisy,g0023.h5,147456,1568,3225,22958,0.010633680555555556,0.021870930989583332,0.1556939019097222,1.0,0.06829863228504225,0.0,1.0
odoc,client3,Domain3,scribble_noisy,g0024.h5,147456,1631,3233,18132,0.011060926649305556,0.021925184461805556,0.12296549479166667,1.0,0.0899514670196338,0.0,1.0
odoc,client3,Domain3,scribble_noisy,g0025.h5,147456,1942,3649,21614,0.013170030381944444,0.024746365017361112,0.1465793185763889,1.0,0.08984917183307116,0.008753861997940269,0.9912461380020597
odoc,client3,Domain3,scribble_noisy,g0026.h5,147456,1785,3344,19161,0.012105305989583334,0.022677951388888888,0.12994384765625,1.0,0.0931579771410678,0.19439775910364146,0.8056022408963586
odoc,client3,Domain3,scribble_noisy,g0027.h5,147456,1369,2959,18015,0.009284125434027778,0.020067003038194444,0.12217203776041667,1.0,0.07599222869830696,0.0,1.0
odoc,client3,Domain3,scribble_noisy,g0028.h5,147456,1484,3058,13684,0.010064019097222222,0.020738389756944444,0.0928005642361111,1.0,0.10844782227418884,0.17991913746630728,0.8200808625336927
odoc,client3,Domain3,scribble_noisy,g0029.h5,147456,1241,2798,14395,0.008416069878472222,0.018975151909722224,0.0976223415798611,1.0,0.08621048975338659,0.0,1.0
odoc,client3,Domain3,scribble_noisy,g0030.h5,147456,1628,3194,16235,0.011040581597222222,0.021660698784722224,0.11010064019097222,1.0,0.10027717893440098,0.0386977886977887,0.9613022113022113
odoc,client3,Domain3,scribble_noisy,g0032.h5,147456,1487,3110,18261,0.010084364149305556,0.021091037326388888,0.12384033203125,1.0,0.08143037073544712,0.0,1.0
odoc,client3,Domain3,scribble_noisy,g0034.h5,147456,2162,3867,22905,0.014662000868055556,0.026224772135416668,0.15533447265625,1.0,0.09438987120716001,0.07446808510638298,0.925531914893617
odoc,client3,Domain3,scribble_noisy,g0035.h5,147456,1711,3362,17132,0.011603461371527778,0.022800021701388888,0.1161838107638889,1.0,0.09987158533738034,0.10461718293395675,0.8953828170660433
odoc,client3,Domain3,scribble_noisy,g0036.h5,147456,1761,3306,18011,0.011942545572916666,0.022420247395833332,0.12214491102430555,1.0,0.09777358281050469,0.027257240204429302,0.9727427597955707
odoc,client3,Domain3,scribble_noisy,g0037.h5,147456,1588,3163,20322,0.010769314236111112,0.021450466579861112,0.1378173828125,1.0,0.07814191516583013,0.0,1.0
odoc,client3,Domain3,scribble_noisy,g0038.h5,147456,1789,3461,18554,0.012132432725694444,0.023471408420138888,0.1258273654513889,1.0,0.09642125687183356,0.023476802683063163,0.9765231973169368
odoc,client3,Domain3,scribble_noisy,g0039.h5,147456,1238,2791,17110,0.008395724826388888,0.018927680121527776,0.11603461371527778,1.0,0.07235534774985389,0.0,1.0
odoc,client3,Domain3,scribble_noisy,g0040.h5,147456,1611,3254,16287,0.01092529296875,0.022067599826388888,0.11045328776041667,1.0,0.09891324369128753,0.19987585350713843,0.8001241464928616
odoc,client3,Domain3,scribble_noisy,n0001.h5,147456,1450,3215,23535,0.009833441840277778,0.021803114149305556,0.15960693359375,1.0,0.06161036753770979,0.0,1.0
odoc,client3,Domain3,scribble_noisy,n0002.h5,147456,1277,2837,21587,0.008660210503472222,0.019239637586805556,0.1463962131076389,1.0,0.05915597350257099,0.0,1.0
odoc,client3,Domain3,scribble_noisy,n0003.h5,147456,1077,2611,13607,0.007303873697916667,0.017706976996527776,0.09227837456597222,1.0,0.07915043727493203,0.0,1.0
odoc,client3,Domain3,scribble_noisy,n0005.h5,147456,1061,2586,13834,0.007195366753472222,0.017537434895833332,0.09381781684027778,1.0,0.07669509903137198,0.0,1.0
odoc,client3,Domain3,scribble_noisy,n0006.h5,147456,1172,2635,13317,0.007948133680555556,0.017869737413194444,0.09031168619791667,1.0,0.08800780956671923,0.0,1.0
odoc,client3,Domain3,scribble_noisy,n0007.h5,147456,994,2425,13023,0.006740993923611111,0.016445583767361112,0.08831787109375,1.0,0.07632649927052139,0.0,1.0
odoc,client3,Domain3,scribble_noisy,n0008.h5,147456,1157,2619,12818,0.007846408420138888,0.01776123046875,0.08692762586805555,1.0,0.09026369168356999,0.0,1.0
odoc,client3,Domain3,scribble_noisy,n0009.h5,147456,1362,3011,21612,0.009236653645833334,0.020419650607638888,0.14656575520833334,1.0,0.06302054414214325,0.0,1.0
odoc,client3,Domain3,scribble_noisy,n0010.h5,147456,1338,2967,21393,0.009073893229166666,0.020121256510416668,0.14508056640625,1.0,0.06254382274575795,0.0,1.0
odoc,client3,Domain3,scribble_noisy,n0011.h5,147456,1148,2610,15138,0.007785373263888889,0.0177001953125,0.1026611328125,1.0,0.07583564539569296,0.0,1.0
odoc,client3,Domain3,scribble_noisy,n0013.h5,147456,1256,2814,16759,0.008517795138888888,0.019083658854166668,0.11365424262152778,1.0,0.07494480577600096,0.0,1.0
odoc,client3,Domain3,scribble_noisy,n0014.h5,147456,1325,3009,22058,0.008985731336805556,0.020406087239583332,0.1495903862847222,1.0,0.06006890923927827,0.0,1.0
odoc,client3,Domain3,scribble_noisy,n0016.h5,147456,1078,2630,14038,0.007310655381944444,0.017835828993055556,0.09520128038194445,1.0,0.07679156575010686,0.0,1.0
odoc,client3,Domain3,scribble_noisy,n0017.h5,147456,1108,2527,12495,0.007514105902777778,0.017137315538194444,0.08473714192708333,1.0,0.08867547018807523,0.0,1.0
odoc,client3,Domain3,scribble_noisy,n0018.h5,147456,1269,2896,16431,0.00860595703125,0.019639756944444444,0.11142985026041667,1.0,0.07723206134745299,0.0,1.0
odoc,client3,Domain3,scribble_noisy,n0019.h5,147456,1268,2817,14689,0.008599175347222222,0.01910400390625,0.09961615668402778,1.0,0.08632309891755735,0.0,1.0
odoc,client3,Domain3,scribble_noisy,n0020.h5,147456,1399,3034,19585,0.009487575954861112,0.020575629340277776,0.1328192816840278,1.0,0.0714322185345928,0.0,1.0
odoc,client3,Domain3,scribble_noisy,n0021.h5,147456,1253,2954,18782,0.008497450086805556,0.020033094618055556,0.1273735894097222,1.0,0.06671281013736556,0.0,1.0
odoc,client3,Domain3,scribble_noisy,n0022.h5,147456,1442,3135,20968,0.009779188368055556,0.021260579427083332,0.14219835069444445,1.0,0.06877146127432278,0.004160887656033287,0.9958391123439667
odoc,client3,Domain3,scribble_noisy,n0023.h5,147456,1435,3154,21176,0.009731716579861112,0.021389431423611112,0.1436089409722222,1.0,0.06776539478655082,0.0,1.0
odoc,client3,Domain3,scribble_noisy,n0025.h5,147456,1435,3008,19903,0.009731716579861112,0.020399305555555556,0.1349758572048611,1.0,0.0720996834648043,0.0,1.0
odoc,client3,Domain3,scribble_noisy,n0026.h5,147456,1445,3005,20164,0.009799533420138888,0.020378960503472224,0.1367458767361111,1.0,0.07166236857766316,0.0,1.0
odoc,client3,Domain3,scribble_noisy,n0027.h5,147456,1441,3144,22106,0.009772406684027778,0.021321614583333332,0.14991590711805555,1.0,0.0651859223740161,0.0,1.0
odoc,client3,Domain3,scribble_noisy,n0029.h5,147456,1429,3133,19454,0.009691026475694444,0.021247016059027776,0.1319308810763889,1.0,0.0734553305232857,0.0,1.0
odoc,client3,Domain3,scribble_noisy,n0030.h5,147456,1363,2981,18487,0.009243435329861112,0.020216200086805556,0.1253729926215278,1.0,0.07372748417807108,0.0,1.0
odoc,client3,Domain3,scribble_noisy,n0033.h5,147456,1195,2679,14935,0.008104112413194444,0.018168131510416668,0.1012844509548611,1.0,0.08001339136257114,0.0,1.0
odoc,client3,Domain3,scribble_noisy,n0034.h5,147456,1094,2612,14583,0.007419162326388889,0.017713758680555556,0.09889729817708333,1.0,0.0750188575738874,0.0,1.0
odoc,client3,Domain3,scribble_noisy,n0035.h5,147456,1191,2789,13558,0.008076985677083334,0.018914116753472224,0.0919460720486111,1.0,0.08784481486944977,0.0,1.0
odoc,client3,Domain3,scribble_noisy,n0036.h5,147456,1049,2548,11802,0.007113986545138889,0.017279730902777776,0.08003743489583333,1.0,0.08888324012879173,0.0,1.0
odoc,client3,Domain3,scribble_noisy,n0037.h5,147456,1182,2683,13132,0.008015950520833334,0.018195258246527776,0.08905707465277778,1.0,0.09000913798355163,0.0,1.0
odoc,client3,Domain3,scribble_noisy,n0038.h5,147456,1197,2808,16923,0.00811767578125,0.01904296875,0.11476643880208333,1.0,0.07073213969154406,0.0,1.0
odoc,client3,Domain3,scribble_noisy,n0039.h5,147456,1738,3369,23941,0.011786566840277778,0.022847493489583332,0.1623602973090278,1.0,0.07259512969383067,0.0,1.0
odoc,client3,Domain3,scribble_noisy,n0040.h5,147456,1304,2968,16096,0.008843315972222222,0.020128038194444444,0.1091579861111111,1.0,0.08101391650099403,0.0,1.0
odoc,client3,Domain3,scribble_noisy,n0041.h5,147456,1522,3155,19958,0.010321723090277778,0.021396213107638888,0.1353488498263889,1.0,0.07626014630724522,0.056504599211563734,0.9434954007884363
odoc,client3,Domain3,scribble_noisy,n0042.h5,147456,1142,2749,17443,0.007744683159722222,0.018642849392361112,0.11829291449652778,1.0,0.06547038926790116,0.0,1.0
odoc,client3,Domain3,scribble_noisy,n0043.h5,147456,1602,3229,18420,0.0108642578125,0.021898057725694444,0.12491861979166667,1.0,0.08697068403908795,0.0,1.0
odoc,client3,Domain3,scribble_noisy,n0044.h5,147456,1384,3002,18191,0.009385850694444444,0.020358615451388888,0.12336561414930555,1.0,0.07608157880270464,0.0,1.0
odoc,client3,Domain3,scribble_noisy,n0046.h5,147456,1181,2829,14699,0.008009168836805556,0.019185384114583332,0.09968397352430555,1.0,0.08034560174161508,0.0,1.0
odoc,client3,Domain3,scribble_noisy,n0047.h5,147456,1165,2819,16173,0.007900661892361112,0.019117567274305556,0.10968017578125,1.0,0.07203363630742596,0.0,1.0
odoc,client3,Domain3,scribble_noisy,n0048.h5,147456,1344,2820,17227,0.009114583333333334,0.019124348958333332,0.11682807074652778,1.0,0.07801706623323852,0.0,1.0
odoc,client3,Domain3,scribble_noisy,n0049.h5,147456,1501,3112,22375,0.010179307725694444,0.021104600694444444,0.1517401801215278,1.0,0.06708379888268157,0.0,1.0
odoc,client3,Domain3,scribble_noisy,n0051.h5,147456,1196,2826,19159,0.008110894097222222,0.0191650390625,0.12993028428819445,1.0,0.062424969987995196,0.0,1.0
odoc,client3,Domain3,scribble_noisy,n0052.h5,147456,1139,2768,13720,0.007724338107638889,0.018771701388888888,0.0930447048611111,1.0,0.08301749271137027,0.0,1.0
odoc,client3,Domain3,scribble_noisy,n0053.h5,147456,1187,2696,17350,0.008049858940972222,0.018283420138888888,0.11766221788194445,1.0,0.0684149855907781,0.0,1.0
odoc,client3,Domain3,scribble_noisy,n0057.h5,147456,1158,2639,14331,0.007853190104166666,0.017896864149305556,0.09718831380208333,1.0,0.08080385178982626,0.0,1.0
odoc,client3,Domain3,scribble_noisy,n0058.h5,147456,1235,2830,15279,0.008375379774305556,0.019192165798611112,0.10361735026041667,1.0,0.08082989724458407,0.0024291497975708503,0.9975708502024292
odoc,client3,Domain3,scribble_noisy,n0059.h5,147456,1246,2771,15297,0.008449978298611112,0.018792046440972224,0.10373942057291667,1.0,0.08145387984572139,0.0,1.0
odoc,client3,Domain3,scribble_noisy,n0060.h5,147456,1183,2693,15743,0.008022732204861112,0.018263075086805556,0.10676405164930555,1.0,0.07514450867052024,0.0,1.0
odoc,client3,Domain3,scribble_noisy,n0061.h5,147456,1235,2908,18489,0.008375379774305556,0.019721137152777776,0.12538655598958334,1.0,0.06679647357888474,0.0,1.0
odoc,client3,Domain3,scribble_noisy,n0062.h5,147456,1261,2987,18895,0.008551703559027778,0.020256890190972224,0.1281399197048611,1.0,0.06673723207197671,0.0,1.0
odoc,client3,Domain3,scribble_noisy,n0063.h5,147456,1201,2737,15416,0.008144802517361112,0.018561469184027776,0.10454644097222222,1.0,0.07790607161390763,0.0,1.0
odoc,client3,Domain3,scribble_noisy,n0065.h5,147456,1218,2767,16333,0.008260091145833334,0.018764919704861112,0.11076524522569445,1.0,0.0745729504683769,0.0,1.0
odoc,client3,Domain3,scribble_noisy,n0066.h5,147456,1233,2781,19148,0.00836181640625,0.01885986328125,0.1298556857638889,1.0,0.06439314810946313,0.0,1.0
odoc,client3,Domain3,scribble_noisy,n0067.h5,147456,1274,2897,17340,0.008639865451388888,0.019646538628472224,0.11759440104166667,1.0,0.0734717416378316,0.0,1.0
odoc,client3,Domain3,scribble_noisy,n0068.h5,147456,1197,2793,16297,0.00811767578125,0.018941243489583332,0.11052110460069445,1.0,0.07344910106154506,0.0,1.0
odoc,client3,Domain3,scribble_noisy,n0070.h5,147456,1121,2734,16334,0.007602267795138889,0.018541124131944444,0.11077202690972222,1.0,0.06862985184278193,0.0,1.0
odoc,client3,Domain3,scribble_noisy,n0071.h5,147456,1027,2602,14996,0.006964789496527778,0.017645941840277776,0.10169813368055555,1.0,0.06848492931448386,0.0,1.0
odoc,client3,Domain3,scribble_noisy,n0073.h5,147456,1412,2987,23574,0.009575737847222222,0.020256890190972224,0.15987141927083334,1.0,0.05989649613981505,0.0,1.0
odoc,client3,Domain3,scribble_noisy,n0074.h5,147456,1107,2639,14985,0.00750732421875,0.017896864149305556,0.10162353515625,1.0,0.07387387387387387,0.0,1.0
odoc,client3,Domain3,scribble_noisy,n0075.h5,147456,1174,2707,14716,0.007961697048611112,0.018358018663194444,0.09979926215277778,1.0,0.07977711334601793,0.0,1.0
odoc,client3,Domain3,scribble_noisy,n0076.h5,147456,1336,2921,19961,0.009060329861111112,0.019809299045138888,0.1353691948784722,1.0,0.0669305145032814,0.0,1.0
odoc,client3,Domain3,scribble_noisy,n0078.h5,147456,1220,2769,14606,0.008273654513888888,0.018778483072916668,0.09905327690972222,1.0,0.08352731754073668,0.0,1.0
odoc,client3,Domain3,scribble_noisy,n0079.h5,147456,1128,2620,15919,0.007649739583333333,0.017768012152777776,0.10795762803819445,1.0,0.07085872228155035,0.0,1.0
odoc,client3,Domain3,scribble_noisy,n0080.h5,147456,1091,2711,16700,0.007398817274305556,0.018385145399305556,0.1132541232638889,1.0,0.06532934131736527,0.0,1.0
odoc,client3,Domain3,scribble_noisy,n0081.h5,147456,1169,2770,16571,0.007927788628472222,0.018785264756944444,0.11237928602430555,1.0,0.07054492788606602,0.0,1.0
odoc,client3,Domain3,scribble_noisy,n0082.h5,147456,960,2417,11875,0.006510416666666667,0.016391330295138888,0.0805324978298611,1.0,0.0808421052631579,0.0,1.0
odoc,client3,Domain3,scribble_noisy,n0083.h5,147456,1039,2579,11797,0.007046169704861111,0.017489963107638888,0.08000352647569445,1.0,0.08807323895905739,0.0,1.0
odoc,client3,Domain3,scribble_noisy,n0084.h5,147456,1049,2601,13379,0.007113986545138889,0.01763916015625,0.0907321506076389,1.0,0.07840645788175499,0.0,1.0
odoc,client3,Domain3,scribble_noisy,n0085.h5,147456,1270,2933,17002,0.008612738715277778,0.019890679253472224,0.11530219184027778,1.0,0.07469709445947535,0.0,1.0
odoc,client3,Domain3,scribble_noisy,n0086.h5,147456,1293,2928,19290,0.008768717447916666,0.019856770833333332,0.13081868489583334,1.0,0.06702954898911354,0.0,1.0
odoc,client3,Domain3,scribble_noisy,n0088.h5,147456,1169,2753,15548,0.007927788628472222,0.018669976128472224,0.1054416232638889,1.0,0.07518651916645228,0.0,1.0
odoc,client3,Domain3,scribble_noisy,n0089.h5,147456,1110,2651,14785,0.007527669270833333,0.017978244357638888,0.10026719835069445,1.0,0.0750760906323977,0.0,1.0
odoc,client3,Domain3,scribble_noisy,n0090.h5,147456,1136,2684,14253,0.007703993055555556,0.018202039930555556,0.09665934244791667,1.0,0.07970251876797867,0.0,1.0
odoc,client3,Domain3,scribble_noisy,n0091.h5,147456,1195,2747,16770,0.008104112413194444,0.018629286024305556,0.11372884114583333,1.0,0.07125819916517591,0.0,1.0
odoc,client3,Domain3,scribble_noisy,n0092.h5,147456,1266,2816,16480,0.008585611979166666,0.019097222222222224,0.11176215277777778,1.0,0.07682038834951456,0.0,1.0
odoc,client3,Domain3,scribble_noisy,n0093.h5,147456,1086,2734,18328,0.007364908854166667,0.018541124131944444,0.1242947048611111,1.0,0.05925360104757748,0.0,1.0
odoc,client3,Domain3,scribble_noisy,n0094.h5,147456,1383,2985,20058,0.009379069010416666,0.020243326822916668,0.13602701822916666,1.0,0.06895004486987735,0.0,1.0
odoc,client3,Domain3,scribble_noisy,n0095.h5,147456,1297,2902,21162,0.008795844184027778,0.019680447048611112,0.14351399739583334,1.0,0.061289103109346946,0.0,1.0
odoc,client3,Domain3,scribble_noisy,n0096.h5,147456,972,2490,12871,0.006591796875,0.016886393229166668,0.08728705512152778,1.0,0.07551860772278766,0.0,1.0
odoc,client3,Domain3,scribble_noisy,n0099.h5,147456,1124,2687,18084,0.007622612847222222,0.018222384982638888,0.12263997395833333,1.0,0.062154390621543903,0.0,1.0
odoc,client3,Domain3,scribble_noisy,n0100.h5,147456,1264,2835,16148,0.008572048611111112,0.01922607421875,0.10951063368055555,1.0,0.07827594748575675,0.0,1.0
odoc,client3,Domain3,scribble_noisy,n0102.h5,147456,1427,3052,20411,0.009677463107638888,0.020697699652777776,0.1384209526909722,1.0,0.06991328205379452,0.0,1.0
odoc,client3,Domain3,scribble_noisy,n0103.h5,147456,1208,2864,19011,0.008192274305555556,0.019422743055555556,0.12892659505208334,1.0,0.06354215980221976,0.0,1.0
odoc,client3,Domain3,scribble_noisy,n0104.h5,147456,1307,2922,18856,0.008863661024305556,0.019816080729166668,0.1278754340277778,1.0,0.06931480695799745,0.0,1.0
odoc,client3,Domain3,scribble_noisy,n0105.h5,147456,1198,2873,16792,0.008124457465277778,0.019483778211805556,0.11387803819444445,1.0,0.07134349690328728,0.0,1.0
odoc,client3,Domain3,scribble_noisy,n0106.h5,147456,1137,2650,13762,0.007710774739583333,0.017971462673611112,0.09332953559027778,1.0,0.08261880540619096,0.0,1.0
odoc,client3,Domain3,scribble_noisy,n0108.h5,147456,827,2367,18467,0.005608452690972222,0.01605224609375,0.1252373589409722,1.0,0.04478258515189257,0.0,1.0
odoc,client3,Domain3,scribble_noisy,n0109.h5,147456,1082,2625,16702,0.007337782118055556,0.017801920572916668,0.11326768663194445,1.0,0.06478266075919052,0.0,1.0
odoc,client3,Domain3,scribble_noisy,n0110.h5,147456,1039,2560,13838,0.007046169704861111,0.017361111111111112,0.0938449435763889,1.0,0.0750831044948692,0.0,1.0
odoc,client3,Domain3,scribble_noisy,n0111.h5,147456,1280,2891,16836,0.008680555555555556,0.019605848524305556,0.11417643229166667,1.0,0.07602755999049655,0.0,1.0
odoc,client3,Domain3,scribble_noisy,n0112.h5,147456,1203,2885,16376,0.008158365885416666,0.019565158420138888,0.1110568576388889,1.0,0.07346116267708842,0.0,1.0
odoc,client3,Domain3,scribble_noisy,n0113.h5,147456,1111,2655,13639,0.007534450954861111,0.01800537109375,0.0924953884548611,1.0,0.08145758486692573,0.0,1.0
odoc,client3,Domain3,scribble_noisy,n0114.h5,147456,1202,2823,13508,0.008151584201388888,0.019144694010416668,0.09160698784722222,1.0,0.08898430559668345,0.0,1.0
odoc,client3,Domain3,scribble_noisy,n0115.h5,147456,1120,2707,13383,0.007595486111111111,0.018358018663194444,0.09075927734375,1.0,0.08368826122692968,0.11696428571428572,0.8830357142857143
odoc,client3,Domain3,scribble_noisy,n0116.h5,147456,1163,2718,13127,0.007887098524305556,0.0184326171875,0.0890231662326389,1.0,0.08859602346309134,0.0,1.0
odoc,client3,Domain3,scribble_noisy,n0117.h5,147456,1294,2858,15129,0.008775499131944444,0.019382052951388888,0.10260009765625,1.0,0.08553109921343116,0.0,1.0
odoc,client3,Domain3,scribble_noisy,n0118.h5,147456,1174,2765,15468,0.007961697048611112,0.018751356336805556,0.10489908854166667,1.0,0.07589862942849754,0.0,1.0
odoc,client3,Domain3,scribble_noisy,n0119.h5,147456,1395,3169,23612,0.00946044921875,0.021491156684027776,0.1601291232638889,1.0,0.059080128748094186,0.0,1.0
odoc,client3,Domain3,scribble_noisy,n0120.h5,147456,1330,3069,22533,0.009019639756944444,0.02081298828125,0.15281168619791666,1.0,0.05902454178316247,0.0,1.0
odoc,client3,Domain3,scribble_noisy,n0121.h5,147456,1222,2776,15642,0.008287217881944444,0.018825954861111112,0.1060791015625,1.0,0.07812300217363509,0.0,1.0
odoc,client3,Domain3,scribble_noisy,n0122.h5,147456,1184,2657,13802,0.008029513888888888,0.018018934461805556,0.0936008029513889,1.0,0.08578466888856688,0.0,1.0
odoc,client3,Domain3,scribble_noisy,n0123.h5,147456,1374,2959,18653,0.009318033854166666,0.020067003038194444,0.1264987521701389,1.0,0.07366107328579853,0.0,1.0
odoc,client3,Domain3,scribble_noisy,n0124.h5,147456,1270,2886,17520,0.008612738715277778,0.019571940104166668,0.11881510416666667,1.0,0.07248858447488585,0.0,1.0
odoc,client3,Domain3,scribble_noisy,n0125.h5,147456,1159,2703,15782,0.007859971788194444,0.018330891927083332,0.1070285373263889,1.0,0.07343809403117475,0.04314063848144953,0.9568593615185504
odoc,client3,Domain3,scribble_noisy,n0126.h5,147456,1263,2947,16105,0.008565266927083334,0.019985622829861112,0.1092190212673611,1.0,0.07842285004656939,0.03721298495645289,0.9627870150435471
odoc,client3,Domain3,scribble_noisy,n0127.h5,147456,1336,2943,20219,0.009060329861111112,0.01995849609375,0.1371188693576389,1.0,0.06607646273307285,0.0,1.0
odoc,client3,Domain3,scribble_noisy,n0129.h5,147456,983,2545,12254,0.006666395399305556,0.017259385850694444,0.0831027560763889,1.0,0.08021870409662152,0.0,1.0
odoc,client3,Domain3,scribble_noisy,n0130.h5,147456,1006,2550,14734,0.006822374131944444,0.017293294270833332,0.09992133246527778,1.0,0.068277453508891,0.0,1.0
odoc,client3,Domain3,scribble_noisy,n0131.h5,147456,1112,2706,16504,0.007541232638888889,0.018351236979166668,0.11192491319444445,1.0,0.06737760542898691,0.0,1.0
odoc,client3,Domain3,scribble_noisy,n0132.h5,147456,1395,3152,22117,0.00946044921875,0.021375868055555556,0.1499905056423611,1.0,0.06307365375050866,0.007885304659498209,0.9921146953405018
odoc,client3,Domain3,scribble_noisy,n0134.h5,147456,1287,2931,18439,0.00872802734375,0.019877115885416668,0.12504747178819445,1.0,0.06979771137263409,0.0,1.0
odoc,client3,Domain3,scribble_noisy,n0135.h5,147456,1151,2765,17836,0.007805718315972222,0.018751356336805556,0.12095811631944445,1.0,0.06453240636914107,0.0,1.0
odoc,client3,Domain3,scribble_noisy,n0141.h5,147456,1095,2640,15869,0.007425944010416667,0.017903645833333332,0.10761854383680555,1.0,0.06900245762177831,0.0,1.0
odoc,client3,Domain3,scribble_noisy,n0142.h5,147456,1128,2667,16443,0.007649739583333333,0.018086751302083332,0.11151123046875,1.0,0.06860062032475825,0.0,1.0
odoc,client3,Domain3,scribble_noisy,n0143.h5,147456,1405,3027,18845,0.009528266059027778,0.020528157552083332,0.1278008355034722,1.0,0.07455558503581852,0.0,1.0
odoc,client3,Domain3,scribble_noisy,n0145.h5,147456,1065,2482,12607,0.007222493489583333,0.016832139756944444,0.08549669053819445,1.0,0.08447687792496232,0.0,1.0
odoc,client3,Domain3,scribble_noisy,n0146.h5,147456,949,2419,12260,0.006435818142361111,0.016404893663194444,0.08314344618055555,1.0,0.07740619902120718,0.0,1.0
odoc,client3,Domain3,scribble_noisy,n0148.h5,147456,1084,2752,14394,0.007351345486111111,0.018663194444444444,0.09761555989583333,1.0,0.07530915659302487,0.0,1.0
odoc,client3,Domain3,scribble_noisy,n0149.h5,147456,988,2392,11351,0.006700303819444444,0.016221788194444444,0.07697889539930555,1.0,0.08704078935776584,0.0,1.0
odoc,client3,Domain3,scribble_noisy,n0150.h5,147456,1334,2973,19351,0.009046766493055556,0.020161946614583332,0.1312323676215278,1.0,0.0689370058394915,0.0,1.0
odoc,client3,Domain3,scribble_noisy,n0151.h5,147456,1387,3014,19760,0.009406195746527778,0.020439995659722224,0.1340060763888889,1.0,0.07019230769230769,0.0,1.0
odoc,client3,Domain3,scribble_noisy,n0152.h5,147456,1337,3007,19169,0.009067111545138888,0.020392523871527776,0.1299981011284722,1.0,0.06974803067452658,0.0,1.0
odoc,client3,Domain3,scribble_noisy,n0153.h5,147456,1257,2929,19668,0.008524576822916666,0.019863552517361112,0.13338216145833334,1.0,0.06391092129347163,0.0,1.0
odoc,client3,Domain3,scribble_noisy,n0155.h5,147456,1167,2821,14997,0.007914225260416666,0.019131130642361112,0.10170491536458333,1.0,0.07781556311262253,0.0,1.0
odoc,client3,Domain3,scribble_noisy,n0156.h5,147456,1086,2556,11848,0.007364908854166667,0.017333984375,0.0803493923611111,1.0,0.09166103983794734,0.0,1.0
odoc,client3,Domain3,scribble_noisy,n0157.h5,147456,1173,2709,15097,0.007954915364583334,0.01837158203125,0.1023830837673611,1.0,0.07769755580578923,0.0,1.0
odoc,client3,Domain3,scribble_noisy,n0158.h5,147456,1245,2845,16677,0.008443196614583334,0.019293891059027776,0.11309814453125,1.0,0.07465371469688793,0.0,1.0
odoc,client3,Domain3,scribble_noisy,n0160.h5,147456,936,2386,11218,0.00634765625,0.016181098090277776,0.0760769314236111,1.0,0.08343733285790693,0.0,1.0
odoc,client3,Domain3,scribble_noisy,n0161.h5,147456,1246,2712,14962,0.008449978298611112,0.018391927083333332,0.1014675564236111,1.0,0.08327763667958829,0.0,1.0
odoc,client3,Domain3,scribble_noisy,n0162.h5,147456,1648,3390,25929,0.011176215277777778,0.022989908854166668,0.17584228515625,1.0,0.06355817810173936,0.0,1.0
odoc,client3,Domain3,scribble_noisy,n0163.h5,147456,1657,3407,22460,0.011237250434027778,0.023105197482638888,0.1523166232638889,1.0,0.07377560106856634,0.0,1.0
odoc,client3,Domain3,scribble_noisy,n0164.h5,147456,1229,2815,17476,0.008334689670138888,0.019090440538194444,0.11851671006944445,1.0,0.07032501716639963,0.0,1.0
odoc,client3,Domain3,scribble_noisy,n0165.h5,147456,1238,2751,15016,0.008395724826388888,0.018656412760416668,0.1018337673611111,1.0,0.0824453915823122,0.0,1.0
odoc,client3,Domain3,scribble_noisy,n0166.h5,147456,1279,2881,15454,0.008673773871527778,0.019538031684027776,0.10480414496527778,1.0,0.08276174453215995,0.0,1.0
odoc,client3,Domain3,scribble_noisy,n0167.h5,147456,1201,2743,16782,0.008144802517361112,0.018602159288194444,0.11381022135416667,1.0,0.07156477177928733,0.0,1.0
odoc,client3,Domain3,scribble_noisy,n0168.h5,147456,1188,2752,16695,0.008056640625,0.018663194444444444,0.11322021484375,1.0,0.07115902964959568,0.0,1.0
odoc,client3,Domain3,scribble_noisy,n0169.h5,147456,1280,2957,20262,0.008680555555555556,0.020053439670138888,0.13741048177083334,1.0,0.06317244102260389,0.0,1.0
odoc,client3,Domain3,scribble_noisy,n0171.h5,147456,1150,2787,14880,0.007798936631944444,0.018900553385416668,0.10091145833333333,1.0,0.07728494623655914,0.0,1.0
odoc,client3,Domain3,scribble_noisy,n0172.h5,147456,943,2432,13851,0.006395128038194444,0.016493055555555556,0.09393310546875,1.0,0.06808172695112266,0.0,1.0
odoc,client3,Domain3,scribble_noisy,n0173.h5,147456,1184,2726,14251,0.008029513888888888,0.018486870659722224,0.0966457790798611,1.0,0.0830818889902463,0.0,1.0
odoc,client3,Domain3,scribble_noisy,n0174.h5,147456,1004,2481,10366,0.006808810763888889,0.016825358072916668,0.07029893663194445,1.0,0.09685510322207216,0.0,1.0
odoc,client3,Domain3,scribble_noisy,n0175.h5,147456,800,2210,7109,0.005425347222222222,0.014987521701388888,0.048210991753472224,1.0,0.11253340835560557,0.0,1.0
odoc,client3,Domain3,scribble_noisy,n0178.h5,147456,1448,3119,21555,0.009819878472222222,0.021152072482638888,0.14617919921875,1.0,0.06717698909765715,0.0,1.0
odoc,client3,Domain3,scribble_noisy,n0179.h5,147456,1228,2861,18621,0.008327907986111112,0.019402398003472224,0.12628173828125,1.0,0.0659470490306643,0.0,1.0
odoc,client3,Domain3,scribble_noisy,n0180.h5,147456,1081,2730,15800,0.007331000434027778,0.018513997395833332,0.1071506076388889,1.0,0.06841772151898734,0.0,1.0
odoc,client3,Domain3,scribble_noisy,n0181.h5,147456,1191,2752,14969,0.008076985677083334,0.018663194444444444,0.10151502821180555,1.0,0.07956443316186786,0.0,1.0
odoc,client3,Domain3,scribble_noisy,n0182.h5,147456,968,2636,16197,0.006564670138888889,0.017876519097222224,0.10984293619791667,1.0,0.05976415385565228,0.0,1.0
odoc,client3,Domain3,scribble_noisy,n0183.h5,147456,1271,2926,17457,0.008619520399305556,0.019843207465277776,0.11838785807291667,1.0,0.07280746978289511,0.0,1.0
odoc,client3,Domain3,scribble_noisy,n0185.h5,147456,1155,2676,15771,0.007832845052083334,0.018147786458333332,0.10695393880208333,1.0,0.07323568575233022,0.0,1.0
odoc,client3,Domain3,scribble_noisy,n0186.h5,147456,1106,2609,16649,0.007500542534722222,0.017693413628472224,0.11290825737847222,1.0,0.06643041624121569,0.0,1.0
odoc,client3,Domain3,scribble_noisy,n0187.h5,147456,1074,2562,15821,0.007283528645833333,0.017374674479166668,0.10729302300347222,1.0,0.06788445736679097,0.0,1.0
odoc,client3,Domain3,scribble_noisy,n0188.h5,147456,1007,2514,14320,0.006829155815972222,0.017049153645833332,0.09711371527777778,1.0,0.07032122905027934,0.0,1.0
odoc,client3,Domain3,scribble_noisy,n0189.h5,147456,1014,2632,15442,0.006876627604166667,0.017849392361111112,0.10472276475694445,1.0,0.06566506929154255,0.0,1.0
odoc,client3,Domain3,scribble_noisy,n0190.h5,147456,1371,2981,20634,0.009297688802083334,0.020216200086805556,0.13993326822916666,1.0,0.06644373364350102,0.0,1.0
odoc,client3,Domain3,scribble_noisy,n0191.h5,147456,1014,2529,13616,0.006876627604166667,0.01715087890625,0.09233940972222222,1.0,0.07447121034077556,0.0,1.0
odoc,client3,Domain3,scribble_noisy,n0192.h5,147456,1075,2564,16727,0.007290310329861111,0.017388237847222224,0.1134372287326389,1.0,0.06426735218508997,0.0,1.0
odoc,client3,Domain3,scribble_noisy,n0193.h5,147456,1243,2893,20229,0.008429633246527778,0.019619411892361112,0.13718668619791666,1.0,0.06144643828167482,0.0,1.0
odoc,client3,Domain3,scribble_noisy,n0194.h5,147456,1069,2712,15796,0.007249620225694444,0.018391927083333332,0.10712348090277778,1.0,0.06767536085084831,0.0,1.0
odoc,client3,Domain3,scribble_noisy,n0195.h5,147456,1236,2892,15418,0.008382161458333334,0.019612630208333332,0.10456000434027778,1.0,0.08016603969386431,0.0,1.0
odoc,client3,Domain3,scribble_noisy,n0196.h5,147456,1227,2771,15392,0.008321126302083334,0.018792046440972224,0.10438368055555555,1.0,0.07971673596673597,0.0,1.0
odoc,client3,Domain3,scribble_noisy,n0198.h5,147456,1230,2936,21166,0.008341471354166666,0.019911024305555556,0.14354112413194445,1.0,0.05811206652178021,0.0,1.0
odoc,client3,Domain3,scribble_noisy,n0201.h5,147456,1220,2634,16136,0.008273654513888888,0.017862955729166668,0.10942925347222222,1.0,0.07560733763014378,0.0,1.0
odoc,client3,Domain3,scribble_noisy,n0202.h5,147456,1231,2807,18490,0.008348253038194444,0.019036187065972224,0.1253933376736111,1.0,0.06657652785289346,0.0,1.0
odoc,client3,Domain3,scribble_noisy,n0203.h5,147456,1157,2736,16894,0.007846408420138888,0.0185546875,0.11456976996527778,1.0,0.0684858529655499,0.0,1.0
odoc,client3,Domain3,scribble_noisy,n0204.h5,147456,1286,2891,15594,0.008721245659722222,0.019605848524305556,0.10575358072916667,1.0,0.0824676157496473,0.0,1.0
odoc,client3,Domain3,scribble_noisy,n0205.h5,147456,1232,2819,17483,0.008355034722222222,0.019117567274305556,0.1185641818576389,1.0,0.07046845507064005,0.0,1.0
odoc,client3,Domain3,scribble_noisy,n0206.h5,147456,1333,2918,19477,0.009039984809027778,0.019788953993055556,0.1320868598090278,1.0,0.06843969810545772,0.0,1.0
odoc,client3,Domain3,scribble_noisy,n0208.h5,147456,1220,2805,18161,0.008273654513888888,0.019022623697916668,0.12316216362847222,1.0,0.06717691757061836,0.0,1.0
odoc,client3,Domain3,scribble_noisy,n0209.h5,147456,1255,2963,20408,0.008511013454861112,0.020094129774305556,0.1384006076388889,1.0,0.06149549196393571,0.0,1.0
odoc,client3,Domain3,scribble_noisy,n0210.h5,147456,1382,3131,21263,0.009372287326388888,0.021233452690972224,0.1441989474826389,1.0,0.06499553214504068,0.0,1.0
odoc,client3,Domain3,scribble_noisy,n0212.h5,147456,1182,2744,18718,0.008015950520833334,0.018608940972222224,0.12693956163194445,1.0,0.0631477721978844,0.0,1.0
odoc,client3,Domain3,scribble_noisy,n0213.h5,147456,1309,2891,22068,0.008877224392361112,0.019605848524305556,0.149658203125,1.0,0.05931665760377017,0.0,1.0
odoc,client3,Domain3,scribble_noisy,n0214.h5,147456,1448,2912,20137,0.009819878472222222,0.019748263888888888,0.1365627712673611,1.0,0.07190743407657546,0.08839779005524862,0.9116022099447514
odoc,client3,Domain3,scribble_noisy,n0215.h5,147456,1366,3017,19507,0.009263780381944444,0.020460340711805556,0.1322903103298611,1.0,0.07002614446096272,0.0,1.0
odoc,client3,Domain3,scribble_noisy,n0216.h5,147456,1292,2780,16828,0.008761935763888888,0.018853081597222224,0.11412217881944445,1.0,0.07677680057047777,0.08823529411764706,0.9117647058823529
odoc,client3,Domain3,scribble_noisy,n0217.h5,147456,1271,2942,18574,0.008619520399305556,0.019951714409722224,0.12596299913194445,1.0,0.06842898675567999,0.0,1.0
odoc,client3,Domain3,scribble_noisy,n0218.h5,147456,1231,2794,16355,0.008348253038194444,0.018948025173611112,0.11091444227430555,1.0,0.07526750229287679,0.0,1.0
odoc,client3,Domain3,scribble_noisy,n0219.h5,147456,1235,2825,12951,0.008375379774305556,0.019158257378472224,0.08782958984375,1.0,0.09535943170411551,0.0,1.0
odoc,client3,Domain3,scribble_noisy,n0220.h5,147456,1192,2789,16007,0.008083767361111112,0.018914116753472224,0.1085544162326389,1.0,0.07446742050352971,0.0,1.0
odoc,client3,Domain3,scribble_noisy,n0221.h5,147456,1232,2849,18044,0.008355034722222222,0.019321017795138888,0.12236870659722222,1.0,0.06827754378186655,0.0,1.0
odoc,client3,Domain3,scribble_noisy,n0223.h5,147456,1206,2775,14993,0.0081787109375,0.018819173177083332,0.10167778862847222,1.0,0.08043753751750816,0.0,1.0
odoc,client3,Domain3,scribble_noisy,n0224.h5,147456,1413,3035,18703,0.00958251953125,0.020582411024305556,0.1268378363715278,1.0,0.07554937710527723,0.0,1.0
odoc,client3,Domain3,scribble_noisy,n0225.h5,147456,1281,2836,16462,0.008687337239583334,0.019232855902777776,0.11164008246527778,1.0,0.07781557526424493,0.0,1.0
odoc,client3,Domain3,scribble_noisy,n0226.h5,147456,1247,2732,14628,0.008456759982638888,0.018527560763888888,0.09920247395833333,1.0,0.08524747060432047,0.0,1.0
odoc,client3,Domain3,scribble_noisy,n0227.h5,147456,1108,2656,13417,0.007514105902777778,0.018012152777777776,0.09098985460069445,1.0,0.08258179920995752,0.0,1.0
odoc,client3,Domain3,scribble_noisy,n0229.h5,147456,1230,2937,15352,0.008341471354166666,0.019917805989583332,0.10411241319444445,1.0,0.08011985409067222,0.0,1.0
odoc,client3,Domain3,scribble_noisy,n0230.h5,147456,1777,3436,22538,0.012051052517361112,0.023301866319444444,0.15284559461805555,1.0,0.07884461797852516,0.0,1.0
odoc,client3,Domain3,scribble_noisy,n0231.h5,147456,1476,3141,20517,0.010009765625,0.02130126953125,0.13913981119791666,1.0,0.07194034215528586,0.0,1.0
odoc,client3,Domain3,scribble_noisy,n0232.h5,147456,1210,2857,18327,0.008205837673611112,0.019375271267361112,0.12428792317708333,1.0,0.0660228078790855,0.0,1.0
odoc,client3,Domain3,scribble_noisy,n0233.h5,147456,1336,3006,21165,0.009060329861111112,0.0203857421875,0.14353434244791666,1.0,0.06312308055752422,0.0,1.0
odoc,client3,Domain3,scribble_noisy,n0234.h5,147456,1421,3005,20176,0.009636773003472222,0.020378960503472224,0.13682725694444445,1.0,0.07043021411578113,0.0,1.0
odoc,client3,Domain3,scribble_noisy,n0235.h5,147456,1141,2704,18152,0.007737901475694444,0.018337673611111112,0.12310112847222222,1.0,0.0628580872631115,0.0,1.0
odoc,client3,Domain3,scribble_noisy,n0236.h5,147456,958,2464,13322,0.006496853298611111,0.016710069444444444,0.09034559461805555,1.0,0.07191112445578741,0.0,1.0
odoc,client3,Domain3,scribble_noisy,n0237.h5,147456,1532,3128,21136,0.010389539930555556,0.021213107638888888,0.1433376736111111,1.0,0.07248296744890234,0.0,1.0
odoc,client3,Domain3,scribble_noisy,n0238.h5,147456,870,2321,11288,0.005900065104166667,0.015740288628472224,0.07655164930555555,1.0,0.07707299787384833,0.0,1.0
odoc,client3,Domain3,scribble_noisy,n0239.h5,147456,1178,2695,12623,0.007988823784722222,0.018276638454861112,0.0856051974826389,1.0,0.09332171433098313,0.0,1.0
odoc,client3,Domain3,scribble_noisy,n0240.h5,147456,1247,2867,17163,0.008456759982638888,0.019443088107638888,0.11639404296875,1.0,0.07265629551943134,0.0,1.0
odoc,client3,Domain3,scribble_noisy,n0242.h5,147456,1229,2872,19566,0.008334689670138888,0.019476996527777776,0.1326904296875,1.0,0.0628130430338342,0.0,1.0
odoc,client3,Domain3,scribble_noisy,n0244.h5,147456,1265,2989,18601,0.008578830295138888,0.020270453559027776,0.12614610460069445,1.0,0.06800709639266705,0.0,1.0
odoc,client3,Domain3,scribble_noisy,n0245.h5,147456,1697,3420,21554,0.011508517795138888,0.023193359375,0.1461724175347222,1.0,0.0787324858494943,0.0,1.0
odoc,client3,Domain3,scribble_noisy,n0246.h5,147456,1153,2832,17842,0.007819281684027778,0.019205729166666668,0.1209988064236111,1.0,0.06462280013451407,0.0,1.0
odoc,client3,Domain3,scribble_noisy,n0247.h5,147456,1394,3091,19719,0.009453667534722222,0.020962185329861112,0.13372802734375,1.0,0.0706932400223135,0.0,1.0
odoc,client3,Domain3,scribble_noisy,n0248.h5,147456,1708,3330,20965,0.011583116319444444,0.0225830078125,0.1421780056423611,1.0,0.08146911519198664,0.0,1.0
odoc,client3,Domain3,scribble_noisy,n0249.h5,147456,1199,2842,20143,0.008131239149305556,0.019273546006944444,0.1366034613715278,1.0,0.05952440053616641,0.0,1.0
odoc,client3,Domain3,scribble_noisy,n0251.h5,147456,1241,2788,15383,0.008416069878472222,0.018907335069444444,0.10432264539930555,1.0,0.08067347071442502,0.0,1.0
odoc,client3,Domain3,scribble_noisy,n0252.h5,147456,1421,3053,21125,0.009636773003472222,0.020704481336805556,0.14326307508680555,1.0,0.06726627218934911,0.0,1.0
odoc,client3,Domain3,scribble_noisy,n0253.h5,147456,1262,2835,19219,0.008558485243055556,0.01922607421875,0.1303371853298611,1.0,0.06566418648212706,0.0,1.0
odoc,client3,Domain3,scribble_noisy,n0255.h5,147456,1318,2978,22169,0.008938259548611112,0.020195855034722224,0.15034315321180555,1.0,0.05945238847038658,0.0,1.0
odoc,client3,Domain3,scribble_noisy,n0256.h5,147456,1338,2982,19012,0.009073893229166666,0.020222981770833332,0.1289333767361111,1.0,0.0703766042499474,0.0,1.0
odoc,client3,Domain3,scribble_noisy,n0257.h5,147456,1521,3087,16590,0.01031494140625,0.02093505859375,0.11250813802083333,1.0,0.09168173598553346,0.0,1.0
odoc,client3,Domain3,scribble_noisy,n0258.h5,147456,1014,2584,14445,0.006876627604166667,0.017523871527777776,0.09796142578125,1.0,0.07019730010384216,0.0,1.0
odoc,client3,Domain3,scribble_noisy,n0259.h5,147456,1184,2652,13921,0.008029513888888888,0.017985026041666668,0.09440782335069445,1.0,0.08505136125278356,0.0,1.0
odoc,client3,Domain3,scribble_noisy,n0260.h5,147456,1333,2924,20927,0.009039984809027778,0.019829644097222224,0.14192030164930555,1.0,0.0636976155206193,0.0,1.0
odoc,client3,Domain3,scribble_noisy,n0261.h5,147456,1364,3013,20450,0.009250217013888888,0.020433213975694444,0.13868543836805555,1.0,0.06669926650366748,0.0,1.0
odoc,client3,Domain3,scribble_noisy,n0262.h5,147456,1858,3503,23743,0.012600368923611112,0.023756239149305556,0.1610175238715278,1.0,0.07825464347386599,0.0,1.0
odoc,client3,Domain3,scribble_noisy,n0263.h5,147456,1786,3560,28166,0.012112087673611112,0.024142795138888888,0.1910129123263889,1.0,0.06340978484697862,0.0,1.0
odoc,client3,Domain3,scribble_noisy,n0264.h5,147456,1136,2836,18132,0.007703993055555556,0.019232855902777776,0.12296549479166667,1.0,0.06265166556364439,0.0,1.0
odoc,client3,Domain3,scribble_noisy,n0265.h5,147456,1221,2787,17090,0.008280436197916666,0.018900553385416668,0.11589898003472222,1.0,0.07144528964306612,0.0,1.0
odoc,client3,Domain3,scribble_noisy,n0267.h5,147456,1247,2849,15999,0.008456759982638888,0.019321017795138888,0.10850016276041667,1.0,0.07794237139821239,0.0,1.0
odoc,client3,Domain3,scribble_noisy,n0269.h5,147456,1337,3043,19716,0.009067111545138888,0.020636664496527776,0.13370768229166666,1.0,0.06781294380198823,0.0,1.0
odoc,client3,Domain3,scribble_noisy,n0270.h5,147456,1298,2854,18969,0.008802625868055556,0.019354926215277776,0.12864176432291666,1.0,0.06842743423480416,0.0,1.0
odoc,client3,Domain3,scribble_noisy,n0271.h5,147456,1027,2516,11308,0.006964789496527778,0.017062717013888888,0.0766872829861111,1.0,0.09082065794128051,0.02044790652385589,0.9795520934761441
odoc,client3,Domain3,scribble_noisy,n0272.h5,147456,1202,2727,13838,0.008151584201388888,0.01849365234375,0.0938449435763889,1.0,0.08686226333285157,0.0,1.0
odoc,client3,Domain3,scribble_noisy,n0273.h5,147456,1478,3010,19633,0.010023328993055556,0.020412868923611112,0.1331448025173611,1.0,0.0752814139459074,0.0,1.0
odoc,client3,Domain3,scribble_noisy,n0274.h5,147456,1438,3126,19048,0.009752061631944444,0.021199544270833332,0.1291775173611111,1.0,0.07549349013019739,0.0,1.0
odoc,client3,Domain3,scribble_noisy,n0276.h5,147456,1282,2908,22238,0.008694118923611112,0.019721137152777776,0.1508110894097222,1.0,0.057649069160895766,0.0,1.0
odoc,client3,Domain3,scribble_noisy,n0279.h5,147456,1729,3402,22815,0.011725531684027778,0.0230712890625,0.15472412109375,1.0,0.07578347578347579,0.0,1.0
odoc,client3,Domain3,scribble_noisy,n0280.h5,147456,1309,2849,15916,0.008877224392361112,0.019321017795138888,0.1079372829861111,1.0,0.08224428248303593,0.0,1.0
odoc,client3,Domain3,scribble_noisy,n0281.h5,147456,1237,2799,16313,0.008388943142361112,0.01898193359375,0.1106296115451389,1.0,0.07582909336112303,0.0,1.0
odoc,client3,Domain3,scribble_noisy,n0282.h5,147456,1385,3010,17610,0.009392632378472222,0.020412868923611112,0.11942545572916667,1.0,0.07864849517319705,0.0,1.0
odoc,client3,Domain3,scribble_noisy,n0283.h5,147456,1255,2805,17239,0.008511013454861112,0.019022623697916668,0.1169094509548611,1.0,0.07280004640640408,0.0,1.0
odoc,client3,Domain3,scribble_noisy,n0285.h5,147456,1506,3235,19178,0.010213216145833334,0.021938747829861112,0.1300591362847222,1.0,0.07852747940348316,0.04648074369189907,0.953519256308101
odoc,client3,Domain3,scribble_noisy,n0286.h5,147456,1228,2752,15295,0.008327907986111112,0.018663194444444444,0.1037258572048611,1.0,0.08028767571101668,0.0,1.0
odoc,client3,Domain3,scribble_noisy,n0287.h5,147456,1271,2827,17202,0.008619520399305556,0.019171820746527776,0.11665852864583333,1.0,0.07388675735379607,0.0,1.0
odoc,client3,Domain3,scribble_noisy,n0289.h5,147456,1509,3113,19446,0.010233561197916666,0.021111382378472224,0.13187662760416666,1.0,0.07759950632520828,0.0,1.0
odoc,client3,Domain3,scribble_noisy,n0290.h5,147456,982,2569,14494,0.006659613715277778,0.017422146267361112,0.0982937282986111,1.0,0.06775217331309508,0.0,1.0
odoc,client3,Domain3,scribble_noisy,n0292.h5,147456,1188,2741,13923,0.008056640625,0.018588595920138888,0.09442138671875,1.0,0.08532643826761474,0.0,1.0
odoc,client3,Domain3,scribble_noisy,n0295.h5,147456,1150,2774,18089,0.007798936631944444,0.018812391493055556,0.12267388237847222,1.0,0.06357454806788657,0.0,1.0
odoc,client3,Domain3,scribble_noisy,n0296.h5,147456,1305,2864,16830,0.00885009765625,0.019422743055555556,0.1141357421875,1.0,0.07754010695187166,0.0,1.0
odoc,client3,Domain3,scribble_noisy,n0297.h5,147456,1228,2913,17738,0.008327907986111112,0.019755045572916668,0.12029351128472222,1.0,0.06922990190551359,0.0,1.0
odoc,client3,Domain3,scribble_noisy,n0298.h5,147456,1010,2521,10122,0.006849500868055556,0.017096625434027776,0.06864420572916667,1.0,0.09978265164987157,0.0,1.0
odoc,client3,Domain3,scribble_noisy,n0299.h5,147456,1260,2908,19199,0.008544921875,0.019721137152777776,0.13020155164930555,1.0,0.06562841814677847,0.0,1.0
odoc,client3,Domain3,scribble_noisy,n0302.h5,147456,1382,2931,18401,0.009372287326388888,0.019877115885416668,0.1247897677951389,1.0,0.07510461387968045,0.0,1.0
odoc,client3,Domain3,scribble_noisy,n0303.h5,147456,1222,2835,17580,0.008287217881944444,0.01922607421875,0.11922200520833333,1.0,0.0695108077360637,0.0,1.0
odoc,client3,Domain3,scribble_noisy,n0304.h5,147456,1198,2782,19666,0.008124457465277778,0.018866644965277776,0.1333685980902778,1.0,0.06091731923116038,0.0,1.0
odoc,client3,Domain3,scribble_noisy,n0306.h5,147456,1359,2966,19394,0.00921630859375,0.020114474826388888,0.1315239800347222,1.0,0.07007321852119212,0.0,1.0
odoc,client3,Domain3,scribble_noisy,n0307.h5,147456,1249,2953,19139,0.008470323350694444,0.020026312934027776,0.1297946506076389,1.0,0.06525941794242124,0.0,1.0
odoc,client3,Domain3,scribble_noisy,n0308.h5,147456,1316,2876,17954,0.008924696180555556,0.019504123263888888,0.12175835503472222,1.0,0.07329842931937172,0.0,1.0
odoc,client3,Domain3,scribble_noisy,n0309.h5,147456,1236,2838,17019,0.008382161458333334,0.019246419270833332,0.11541748046875,1.0,0.07262471355543804,0.0,1.0
odoc,client3,Domain3,scribble_noisy,n0311.h5,147456,1374,3042,16342,0.009318033854166666,0.0206298828125,0.11082628038194445,1.0,0.08407783625015298,0.0,1.0
odoc,client3,Domain3,scribble_noisy,n0315.h5,147456,1106,2610,13060,0.007500542534722222,0.0177001953125,0.08856879340277778,1.0,0.08468606431852986,0.0,1.0
odoc,client3,Domain3,scribble_noisy,n0317.h5,147456,1212,2847,16820,0.008219401041666666,0.019307454427083332,0.11406792534722222,1.0,0.07205707491082045,0.0,1.0
odoc,client3,Domain3,scribble_noisy,n0319.h5,147456,1245,2712,16743,0.008443196614583334,0.018391927083333332,0.11354573567708333,1.0,0.07435943379322701,0.0,1.0
odoc,client3,Domain3,scribble_noisy,n0320.h5,147456,1343,2994,21341,0.009107801649305556,0.020304361979166668,0.14472791883680555,1.0,0.06293050934820299,0.0,1.0
odoc,client3,Domain3,scribble_noisy,n0321.h5,147456,1336,2984,22155,0.009060329861111112,0.020236545138888888,0.15024820963541666,1.0,0.060302414804784474,0.0,1.0
odoc,client3,Domain3,scribble_noisy,n0322.h5,147456,999,2522,12775,0.00677490234375,0.017103407118055556,0.0866360134548611,1.0,0.07819960861056752,0.0,1.0
odoc,client3,Domain3,scribble_noisy,n0323.h5,147456,1206,2750,12344,0.0081787109375,0.018649631076388888,0.0837131076388889,1.0,0.09769928710304601,0.0,1.0
odoc,client3,Domain3,scribble_noisy,n0324.h5,147456,1257,2915,17334,0.008524576822916666,0.019768608940972224,0.1175537109375,1.0,0.07251644167532018,0.0,1.0
odoc,client3,Domain3,scribble_noisy,n0325.h5,147456,1613,3214,20084,0.010938856336805556,0.021796332465277776,0.1362033420138889,1.0,0.08031268671579367,0.0,1.0
odoc,client3,Domain3,scribble_noisy,n0327.h5,147456,1149,2656,12374,0.007792154947916667,0.018012152777777776,0.08391655815972222,1.0,0.09285598836269597,0.0,1.0
odoc,client3,Domain3,scribble_noisy,n0330.h5,147456,1290,2890,19303,0.008748372395833334,0.019599066840277776,0.13090684678819445,1.0,0.06682899031238668,0.0,1.0
odoc,client3,Domain3,scribble_noisy,n0333.h5,147456,1104,2642,12469,0.007486979166666667,0.017917209201388888,0.0845608181423611,1.0,0.08853957815382148,0.0,1.0
odoc,client3,Domain3,scribble_noisy,n0334.h5,147456,1209,2807,15639,0.008199055989583334,0.019036187065972224,0.10605875651041667,1.0,0.0773067331670823,0.0,1.0
odoc,client3,Domain3,scribble_noisy,n0335.h5,147456,1169,2638,13746,0.007927788628472222,0.017890082465277776,0.09322102864583333,1.0,0.08504292157718608,0.0,1.0
odoc,client3,Domain3,scribble_noisy,n0336.h5,147456,1151,2737,17982,0.007805718315972222,0.018561469184027776,0.1219482421875,1.0,0.06400845289734179,0.0,1.0
odoc,client3,Domain3,scribble_noisy,n0337.h5,147456,1256,2956,15995,0.008517795138888888,0.020046657986111112,0.10847303602430555,1.0,0.078524538918412,0.0,1.0
odoc,client3,Domain3,scribble_noisy,n0338.h5,147456,1087,2802,23959,0.007371690538194444,0.019002278645833332,0.1624823676215278,1.0,0.045369172336074126,0.0,1.0
odoc,client3,Domain3,scribble_noisy,n0339.h5,147456,1280,2862,17730,0.008680555555555556,0.0194091796875,0.1202392578125,1.0,0.07219402143260012,0.0,1.0
odoc,client3,Domain3,scribble_noisy,n0340.h5,147456,1262,2925,17899,0.008558485243055556,0.01983642578125,0.12138536241319445,1.0,0.07050673221967707,0.0,1.0
odoc,client3,Domain3,scribble_noisy,n0341.h5,147456,1093,2689,16479,0.007412380642361111,0.018235948350694444,0.11175537109375,1.0,0.0663268402208872,0.0,1.0
odoc,client3,Domain3,scribble_noisy,n0342.h5,147456,1214,2825,14144,0.008232964409722222,0.019158257378472224,0.0959201388888889,1.0,0.0858314479638009,0.0,1.0
odoc,client3,Domain3,scribble_noisy,n0343.h5,147456,1122,2688,13968,0.007609049479166667,0.018229166666666668,0.0947265625,1.0,0.08032646048109966,0.0,1.0
odoc,client3,Domain3,scribble_noisy,n0344.h5,147456,1138,2678,15137,0.007717556423611111,0.018161349826388888,0.10265435112847222,1.0,0.07518002246151813,0.0,1.0
odoc,client3,Domain3,scribble_noisy,n0345.h5,147456,1227,3317,13809,0.008321126302083334,0.022494845920138888,0.09364827473958333,1.0,0.08885509450358461,0.0,1.0
odoc,client3,Domain3,scribble_noisy,n0346.h5,147456,1229,2792,15507,0.008334689670138888,0.018934461805555556,0.10516357421875,1.0,0.07925453021216225,0.0,1.0
odoc,client3,Domain3,scribble_noisy,n0347.h5,147456,1158,2775,16932,0.007853190104166666,0.018819173177083332,0.11482747395833333,1.0,0.06839121190644933,0.0,1.0
odoc,client3,Domain3,scribble_noisy,n0349.h5,147456,1355,3102,22894,0.009189181857638888,0.021036783854166668,0.15525987413194445,1.0,0.059185812876736264,0.0,1.0
odoc,client3,Domain3,scribble_noisy,n0350.h5,147456,1313,2977,18814,0.008904351128472222,0.020189073350694444,0.1275906032986111,1.0,0.06978845540554907,0.0,1.0
odoc,client3,Domain3,scribble_noisy,n0351.h5,147456,1248,2967,20625,0.008463541666666666,0.020121256510416668,0.13987223307291666,1.0,0.06050909090909091,0.0,1.0
odoc,client3,Domain3,scribble_noisy,n0352.h5,147456,1432,3030,18560,0.009711371527777778,0.020548502604166668,0.12586805555555555,1.0,0.0771551724137931,0.0,1.0
odoc,client3,Domain3,scribble_noisy,n0353.h5,147456,1275,2868,17581,0.008646647135416666,0.019449869791666668,0.1192287868923611,1.0,0.07252147204368352,0.0,1.0
odoc,client3,Domain3,scribble_noisy,n0354.h5,147456,1424,3056,22333,0.009657118055555556,0.020724826388888888,0.1514553493923611,1.0,0.06376214570366721,0.0,1.0
odoc,client3,Domain3,scribble_noisy,n0355.h5,147456,1461,3051,19711,0.009908040364583334,0.02069091796875,0.1336737738715278,1.0,0.07412104916036731,0.0,1.0
odoc,client3,Domain3,scribble_noisy,n0357.h5,147456,1201,2931,14203,0.008144802517361112,0.019877115885416668,0.09632025824652778,1.0,0.08455960008448919,0.018318068276436304,0.9816819317235637
odoc,client3,Domain3,scribble_noisy,n0358.h5,147456,1252,2854,15885,0.008490668402777778,0.019354926215277776,0.10772705078125,1.0,0.07881649354737173,0.0,1.0
odoc,client3,Domain3,scribble_noisy,n0359.h5,147456,1223,2730,11090,0.008293999565972222,0.018513997395833332,0.07520887586805555,0.9893704006541292,0.109107303877367,0.11201962387571546,0.8773507767784138
odoc,client3,Domain3,scribble_noisy,n0360.h5,147456,1044,2573,14314,0.007080078125,0.017449273003472224,0.0970730251736111,1.0,0.07293558753667738,0.0,1.0
odoc,client4,Domain4,keypoint,V0001.h5,147456,104,156,10877,0.0007052951388888889,0.0010579427083333333,0.0737643771701389,1.0,0.009561459961386411,0.0,1.0
odoc,client4,Domain4,keypoint,V0004.h5,147456,104,156,8366,0.0007052951388888889,0.0010579427083333333,0.05673556857638889,1.0,0.012431269423858474,0.0,1.0
odoc,client4,Domain4,keypoint,V0005.h5,147456,104,156,6573,0.0007052951388888889,0.0010579427083333333,0.044576009114583336,1.0,0.015822303362239463,0.0,1.0
odoc,client4,Domain4,keypoint,V0006.h5,147456,104,156,13046,0.0007052951388888889,0.0010579427083333333,0.0884738498263889,1.0,0.007971792120190096,0.0,1.0
odoc,client4,Domain4,keypoint,V0007.h5,147456,104,156,8013,0.0007052951388888889,0.0010579427083333333,0.054341634114583336,1.0,0.012978909272432297,0.0,1.0
odoc,client4,Domain4,keypoint,V0008.h5,147456,104,156,7341,0.0007052951388888889,0.0010579427083333333,0.049784342447916664,1.0,0.014167007219724833,0.057692307692307696,0.9423076923076923
odoc,client4,Domain4,keypoint,V0009.h5,147456,104,156,11313,0.0007052951388888889,0.0010579427083333333,0.07672119140625,1.0,0.009192963846901794,0.0,1.0
odoc,client4,Domain4,keypoint,V0010.h5,147456,104,156,9140,0.0007052951388888889,0.0010579427083333333,0.06198459201388889,1.0,0.011378555798687089,0.0,1.0
odoc,client4,Domain4,keypoint,V0013.h5,147456,104,156,8287,0.0007052951388888889,0.0010579427083333333,0.05619981553819445,1.0,0.012549776758778811,0.0,1.0
odoc,client4,Domain4,keypoint,V0014.h5,147456,104,156,12242,0.0007052951388888889,0.0010579427083333333,0.08302137586805555,1.0,0.008495343898055873,0.009615384615384616,0.9903846153846154
odoc,client4,Domain4,keypoint,V0015.h5,147456,104,156,12169,0.0007052951388888889,0.0010579427083333333,0.08252631293402778,1.0,0.008546306187854385,0.0,1.0
odoc,client4,Domain4,keypoint,V0016.h5,147456,104,156,6722,0.0007052951388888889,0.0010579427083333333,0.045586480034722224,1.0,0.015471585837548348,0.0,1.0
odoc,client4,Domain4,keypoint,V0018.h5,147456,104,156,7876,0.0007052951388888889,0.0010579427083333333,0.053412543402777776,1.0,0.013204672422549517,0.0,1.0
odoc,client4,Domain4,keypoint,V0021.h5,147456,104,156,10197,0.0007052951388888889,0.0010579427083333333,0.06915283203125,1.0,0.01019907816024321,0.0,1.0
odoc,client4,Domain4,keypoint,V0023.h5,147456,104,156,10024,0.0007052951388888889,0.0010579427083333333,0.06797960069444445,1.0,0.010375099760574621,0.0,1.0
odoc,client4,Domain4,keypoint,V0024.h5,147456,104,156,14381,0.0007052951388888889,0.0010579427083333333,0.09752739800347222,1.0,0.007231764133231347,0.0,1.0
odoc,client4,Domain4,keypoint,V0026.h5,147456,104,156,10528,0.0007052951388888889,0.0010579427083333333,0.07139756944444445,1.0,0.009878419452887538,0.0,1.0
odoc,client4,Domain4,keypoint,V0028.h5,147456,104,156,8724,0.0007052951388888889,0.0010579427083333333,0.059163411458333336,1.0,0.01192113709307657,0.0,1.0
odoc,client4,Domain4,keypoint,V0029.h5,147456,104,156,11964,0.0007052951388888889,0.0010579427083333333,0.08113606770833333,1.0,0.008692744901370779,0.0,1.0
odoc,client4,Domain4,keypoint,V0030.h5,147456,104,156,11744,0.0007052951388888889,0.0010579427083333333,0.07964409722222222,1.0,0.008855585831062671,0.0,1.0
odoc,client4,Domain4,keypoint,V0032.h5,147456,104,156,10288,0.0007052951388888889,0.0010579427083333333,0.06976996527777778,1.0,0.01010886469673406,0.0,1.0
odoc,client4,Domain4,keypoint,V0034.h5,147456,104,156,5591,0.0007052951388888889,0.0010579427083333333,0.03791639539930555,1.0,0.01860132355571454,0.009615384615384616,0.9903846153846154
odoc,client4,Domain4,keypoint,V0036.h5,147456,104,156,9649,0.0007052951388888889,0.0010579427083333333,0.06543646918402778,1.0,0.010778318996787231,0.0,1.0
odoc,client4,Domain4,keypoint,V0037.h5,147456,104,156,11607,0.0007052951388888889,0.0010579427083333333,0.07871500651041667,1.0,0.008960110278280349,0.0,1.0
odoc,client4,Domain4,keypoint,V0038.h5,147456,104,156,10656,0.0007052951388888889,0.0010579427083333333,0.072265625,1.0,0.00975975975975976,0.0,1.0
odoc,client4,Domain4,keypoint,V0040.h5,147456,104,156,11746,0.0007052951388888889,0.0010579427083333333,0.07965766059027778,1.0,0.008854077983994551,0.0,1.0
odoc,client4,Domain4,keypoint,V0041.h5,147456,104,156,11933,0.0007052951388888889,0.0010579427083333333,0.08092583550347222,1.0,0.008715327243777759,0.08653846153846154,0.9134615384615384
odoc,client4,Domain4,keypoint,V0042.h5,147456,104,156,9103,0.0007052951388888889,0.0010579427083333333,0.06173366970486111,1.0,0.01142480500933758,0.0,1.0
odoc,client4,Domain4,keypoint,V0043.h5,147456,104,156,10511,0.0007052951388888889,0.0010579427083333333,0.07128228081597222,1.0,0.009894396346684426,0.0,1.0
odoc,client4,Domain4,keypoint,V0044.h5,147456,104,156,11461,0.0007052951388888889,0.0010579427083333333,0.0777248806423611,1.0,0.009074251810487741,0.0,1.0
odoc,client4,Domain4,keypoint,V0046.h5,147456,104,156,12295,0.0007052951388888889,0.0010579427083333333,0.08338080512152778,0.9903846153846154,0.008377389182594551,0.18269230769230768,0.8076923076923077
odoc,client4,Domain4,keypoint,V0047.h5,147456,104,156,7569,0.0007052951388888889,0.0010579427083333333,0.05133056640625,1.0,0.013740256308627295,0.0,1.0
odoc,client4,Domain4,keypoint,V0048.h5,147456,104,156,12344,0.0007052951388888889,0.0010579427083333333,0.0837131076388889,1.0,0.008425145819831496,0.0,1.0
odoc,client4,Domain4,keypoint,V0050.h5,147456,104,156,10043,0.0007052951388888889,0.0010579427083333333,0.06810845269097222,1.0,0.01035547147266753,0.0,1.0
odoc,client4,Domain4,keypoint,V0051.h5,147456,104,156,10007,0.0007052951388888889,0.0010579427083333333,0.06786431206597222,1.0,0.010392725092435296,0.0,1.0
odoc,client4,Domain4,keypoint,V0052.h5,147456,104,156,7644,0.0007052951388888889,0.0010579427083333333,0.051839192708333336,0.9903846153846154,0.01347462061747776,0.11538461538461539,0.875
odoc,client4,Domain4,keypoint,V0053.h5,147456,104,156,8915,0.0007052951388888889,0.0010579427083333333,0.06045871310763889,1.0,0.011665731912507011,0.0,1.0
odoc,client4,Domain4,keypoint,V0054.h5,147456,104,156,11404,0.0007052951388888889,0.0010579427083333333,0.07733832465277778,1.0,0.009119607155384075,0.0,1.0
odoc,client4,Domain4,keypoint,V0056.h5,147456,104,156,11054,0.0007052951388888889,0.0010579427083333333,0.07496473524305555,1.0,0.009408358965080514,0.0,1.0
odoc,client4,Domain4,keypoint,V0057.h5,147456,104,156,9121,0.0007052951388888889,0.0010579427083333333,0.06185574001736111,1.0,0.011402258524284618,0.0,1.0
odoc,client4,Domain4,keypoint,V0058.h5,147456,104,156,9873,0.0007052951388888889,0.0010579427083333333,0.06695556640625,1.0,0.010533778993213816,0.0,1.0
odoc,client4,Domain4,keypoint,V0059.h5,147456,104,156,13122,0.0007052951388888889,0.0010579427083333333,0.0889892578125,1.0,0.007925621094345374,0.0,1.0
odoc,client4,Domain4,keypoint,V0061.h5,147456,104,156,12088,0.0007052951388888889,0.0010579427083333333,0.08197699652777778,1.0,0.008603573792190603,0.0,1.0
odoc,client4,Domain4,keypoint,V0063.h5,147456,104,156,12103,0.0007052951388888889,0.0010579427083333333,0.08207872178819445,1.0,0.008592910848549946,0.0,1.0
odoc,client4,Domain4,keypoint,V0064.h5,147456,104,156,11036,0.0007052951388888889,0.0010579427083333333,0.07484266493055555,1.0,0.009423704240666908,0.0,1.0
odoc,client4,Domain4,keypoint,V0065.h5,147456,104,156,8667,0.0007052951388888889,0.0010579427083333333,0.05877685546875,1.0,0.011999538479289258,0.0,1.0
odoc,client4,Domain4,keypoint,V0066.h5,147456,104,156,9866,0.0007052951388888889,0.0010579427083333333,0.06690809461805555,1.0,0.010541252787350497,0.0673076923076923,0.9326923076923077
odoc,client4,Domain4,keypoint,V0067.h5,147456,104,156,8855,0.0007052951388888889,0.0010579427083333333,0.060051812065972224,1.0,0.011744776962168267,0.0,1.0
odoc,client4,Domain4,keypoint,V0068.h5,147456,104,156,10439,0.0007052951388888889,0.0010579427083333333,0.07079399956597222,1.0,0.009962640099626401,0.038461538461538464,0.9615384615384616
odoc,client4,Domain4,keypoint,V0070.h5,147456,104,156,12970,0.0007052951388888889,0.0010579427083333333,0.08795844184027778,1.0,0.008018504240555127,0.0,1.0
odoc,client4,Domain4,keypoint,V0071.h5,147456,104,156,7843,0.0007052951388888889,0.0010579427083333333,0.05318874782986111,1.0,0.013260232054060945,0.0,1.0
odoc,client4,Domain4,keypoint,V0072.h5,147456,104,156,10403,0.0007052951388888889,0.0010579427083333333,0.07054985894097222,1.0,0.009997116216476016,0.0,1.0
odoc,client4,Domain4,keypoint,V0073.h5,147456,104,156,7440,0.0007052951388888889,0.0010579427083333333,0.050455729166666664,1.0,0.013978494623655914,0.009615384615384616,0.9903846153846154
odoc,client4,Domain4,keypoint,V0074.h5,147456,104,156,7852,0.0007052951388888889,0.0010579427083333333,0.05324978298611111,1.0,0.013245033112582781,0.0,1.0
odoc,client4,Domain4,keypoint,V0075.h5,147456,104,156,12141,0.0007052951388888889,0.0010579427083333333,0.08233642578125,1.0,0.008566015978914421,0.08653846153846154,0.9134615384615384
odoc,client4,Domain4,keypoint,V0076.h5,147456,104,156,11199,0.0007052951388888889,0.0010579427083333333,0.07594807942708333,1.0,0.009286543441378695,0.0,1.0
odoc,client4,Domain4,keypoint,V0077.h5,147456,104,156,12004,0.0007052951388888889,0.0010579427083333333,0.08140733506944445,1.0,0.00866377874041986,0.0,1.0
odoc,client4,Domain4,keypoint,V0079.h5,147456,104,156,10674,0.0007052951388888889,0.0010579427083333333,0.0723876953125,1.0,0.009743301480232341,0.0,1.0
odoc,client4,Domain4,keypoint,V0080.h5,147456,104,156,6782,0.0007052951388888889,0.0010579427083333333,0.04599338107638889,1.0,0.015334709525213801,0.08653846153846154,0.9134615384615384
odoc,client4,Domain4,keypoint,V0083.h5,147456,104,156,10111,0.0007052951388888889,0.0010579427083333333,0.0685696072048611,1.0,0.0102858273167837,0.0,1.0
odoc,client4,Domain4,keypoint,V0084.h5,147456,104,156,7509,0.0007052951388888889,0.0010579427083333333,0.050923665364583336,1.0,0.013850046610733786,0.0,1.0
odoc,client4,Domain4,keypoint,V0085.h5,147456,104,156,10601,0.0007052951388888889,0.0010579427083333333,0.07189263237847222,1.0,0.009810395245731535,0.009615384615384616,0.9903846153846154
odoc,client4,Domain4,keypoint,V0086.h5,147456,104,156,11765,0.0007052951388888889,0.0010579427083333333,0.07978651258680555,1.0,0.008839779005524863,0.0,1.0
odoc,client4,Domain4,keypoint,V0087.h5,147456,104,156,7494,0.0007052951388888889,0.0010579427083333333,0.050821940104166664,1.0,0.013877768881772085,0.0,1.0
odoc,client4,Domain4,keypoint,V0088.h5,147456,104,156,8298,0.0007052951388888889,0.0010579427083333333,0.0562744140625,1.0,0.012533140515786937,0.0,1.0
odoc,client4,Domain4,keypoint,V0091.h5,147456,104,156,8912,0.0007052951388888889,0.0010579427083333333,0.06043836805555555,1.0,0.011669658886894075,0.0,1.0
odoc,client4,Domain4,keypoint,V0092.h5,147456,104,156,10187,0.0007052951388888889,0.0010579427083333333,0.06908501519097222,1.0,0.010209090016687936,0.11538461538461539,0.8846153846153846
odoc,client4,Domain4,keypoint,V0093.h5,147456,104,156,7933,0.0007052951388888889,0.0010579427083333333,0.05379909939236111,1.0,0.013109794529181899,0.0,1.0
odoc,client4,Domain4,keypoint,V0094.h5,147456,104,156,10289,0.0007052951388888889,0.0010579427083333333,0.06977674696180555,1.0,0.01010788220429585,0.0,1.0
odoc,client4,Domain4,keypoint,V0095.h5,147456,104,156,14765,0.0007052951388888889,0.0010579427083333333,0.1001315646701389,1.0,0.007043684388757196,0.0,1.0
odoc,client4,Domain4,keypoint,V0097.h5,147456,104,156,8857,0.0007052951388888889,0.0010579427083333333,0.060065375434027776,1.0,0.011742124872981822,0.0,1.0
odoc,client4,Domain4,keypoint,V0098.h5,147456,104,156,15362,0.0007052951388888889,0.0010579427083333333,0.10418023003472222,1.0,0.006769951829188907,0.0,1.0
odoc,client4,Domain4,keypoint,V0099.h5,147456,104,156,11102,0.0007052951388888889,0.0010579427083333333,0.0752902560763889,1.0,0.00936768149882904,0.0,1.0
odoc,client4,Domain4,keypoint,V0100.h5,147456,104,156,10692,0.0007052951388888889,0.0010579427083333333,0.072509765625,1.0,0.009726898615787506,0.009615384615384616,0.9903846153846154
odoc,client4,Domain4,keypoint,V0101.h5,147456,104,156,8296,0.0007052951388888889,0.0010579427083333333,0.05626085069444445,1.0,0.01253616200578592,0.0,1.0
odoc,client4,Domain4,keypoint,V0103.h5,147456,104,156,10903,0.0007052951388888889,0.0010579427083333333,0.0739407009548611,1.0,0.0095386590846556,0.0,1.0
odoc,client4,Domain4,keypoint,V0104.h5,147456,104,156,9951,0.0007052951388888889,0.0010579427083333333,0.06748453776041667,1.0,0.010451210933574515,0.0,1.0
odoc,client4,Domain4,keypoint,V0105.h5,147456,104,156,12072,0.0007052951388888889,0.0010579427083333333,0.08186848958333333,1.0,0.008614976805831677,0.0,1.0
odoc,client4,Domain4,keypoint,V0106.h5,147456,104,156,7777,0.0007052951388888889,0.0010579427083333333,0.052741156684027776,1.0,0.013372765848013373,0.0673076923076923,0.9326923076923077
odoc,client4,Domain4,keypoint,V0107.h5,147456,104,156,9053,0.0007052951388888889,0.0010579427083333333,0.061394585503472224,1.0,0.011487904562023638,0.0,1.0
odoc,client4,Domain4,keypoint,V0108.h5,147456,104,156,10531,0.0007052951388888889,0.0010579427083333333,0.07141791449652778,1.0,0.00987560535561675,0.0,1.0
odoc,client4,Domain4,keypoint,V0109.h5,147456,104,156,8894,0.0007052951388888889,0.0010579427083333333,0.06031629774305555,1.0,0.011693276366089498,0.0,1.0
odoc,client4,Domain4,keypoint,V0110.h5,147456,104,156,11241,0.0007052951388888889,0.0010579427083333333,0.07623291015625,1.0,0.00925184592118139,0.009615384615384616,0.9903846153846154
odoc,client4,Domain4,keypoint,V0111.h5,147456,104,156,8113,0.0007052951388888889,0.0010579427083333333,0.05501980251736111,1.0,0.012818932577345002,0.0,1.0
odoc,client4,Domain4,keypoint,V0112.h5,147456,104,156,9633,0.0007052951388888889,0.0010579427083333333,0.06532796223958333,1.0,0.010796221322537112,0.0,1.0
odoc,client4,Domain4,keypoint,V0113.h5,147456,104,156,12697,0.0007052951388888889,0.0010579427083333333,0.08610704210069445,1.0,0.008190911238875324,0.0,1.0
odoc,client4,Domain4,keypoint,V0114.h5,147456,104,156,10775,0.0007052951388888889,0.0010579427083333333,0.07307264539930555,1.0,0.009651972157772621,0.0,1.0
odoc,client4,Domain4,keypoint,V0115.h5,147456,104,156,11577,0.0007052951388888889,0.0010579427083333333,0.07851155598958333,1.0,0.008983329014425154,0.0,1.0
odoc,client4,Domain4,keypoint,V0116.h5,147456,104,156,9702,0.0007052951388888889,0.0010579427083333333,0.0657958984375,1.0,0.010719439290867862,0.0,1.0
odoc,client4,Domain4,keypoint,V0117.h5,147456,104,156,8542,0.0007052951388888889,0.0010579427083333333,0.057929144965277776,1.0,0.01217513462889253,0.0,1.0
odoc,client4,Domain4,keypoint,V0118.h5,147456,104,156,13776,0.0007052951388888889,0.0010579427083333333,0.09342447916666667,1.0,0.007549361207897794,0.10576923076923077,0.8942307692307693
odoc,client4,Domain4,keypoint,V0119.h5,147456,104,156,10329,0.0007052951388888889,0.0010579427083333333,0.07004801432291667,1.0,0.010068738503243295,0.009615384615384616,0.9903846153846154
odoc,client4,Domain4,keypoint,V0120.h5,147456,104,156,7707,0.0007052951388888889,0.0010579427083333333,0.052266438802083336,1.0,0.013494226028285974,0.0,1.0
odoc,client4,Domain4,keypoint,V0121.h5,147456,104,156,9248,0.0007052951388888889,0.0010579427083333333,0.0627170138888889,1.0,0.01124567474048443,0.0,1.0
odoc,client4,Domain4,keypoint,V0122.h5,147456,104,156,8409,0.0007052951388888889,0.0010579427083333333,0.057027180989583336,1.0,0.012367701272446189,0.038461538461538464,0.9615384615384616
odoc,client4,Domain4,keypoint,V0123.h5,147456,104,156,10388,0.0007052951388888889,0.0010579427083333333,0.07044813368055555,1.0,0.010011551790527531,0.0,1.0
odoc,client4,Domain4,keypoint,V0124.h5,147456,104,156,13465,0.0007052951388888889,0.0010579427083333333,0.09131537543402778,1.0,0.00772372818418121,0.0,1.0
odoc,client4,Domain4,keypoint,V0126.h5,147456,104,156,11356,0.0007052951388888889,0.0010579427083333333,0.07701280381944445,1.0,0.009158154279675942,0.0,1.0
odoc,client4,Domain4,keypoint,V0127.h5,147456,104,156,8441,0.0007052951388888889,0.0010579427083333333,0.057244194878472224,1.0,0.012320815069304585,0.0,1.0
odoc,client4,Domain4,keypoint,V0129.h5,147456,104,156,10129,0.0007052951388888889,0.0010579427083333333,0.0686916775173611,1.0,0.010267548622766314,0.0,1.0
odoc,client4,Domain4,keypoint,V0130.h5,147456,104,156,8902,0.0007052951388888889,0.0010579427083333333,0.060370551215277776,1.0,0.01168276791732195,0.0,1.0
odoc,client4,Domain4,keypoint,V0131.h5,147456,104,156,9128,0.0007052951388888889,0.0010579427083333333,0.06190321180555555,1.0,0.011393514460999123,0.0,1.0
odoc,client4,Domain4,keypoint,V0133.h5,147456,104,156,10418,0.0007052951388888889,0.0010579427083333333,0.0706515842013889,1.0,0.00998272221155692,0.0,1.0
odoc,client4,Domain4,keypoint,V0134.h5,147456,104,156,9013,0.0007052951388888889,0.0010579427083333333,0.06112331814236111,1.0,0.011538888272495284,0.08653846153846154,0.9134615384615384
odoc,client4,Domain4,keypoint,V0136.h5,147456,104,156,8578,0.0007052951388888889,0.0010579427083333333,0.058173285590277776,1.0,0.012124038237351364,0.028846153846153848,0.9711538461538461
odoc,client4,Domain4,keypoint,V0137.h5,147456,104,156,10248,0.0007052951388888889,0.0010579427083333333,0.06949869791666667,1.0,0.01014832162373146,0.0,1.0
odoc,client4,Domain4,keypoint,V0138.h5,147456,104,156,7790,0.0007052951388888889,0.0010579427083333333,0.05282931857638889,1.0,0.013350449293966624,0.0,1.0
odoc,client4,Domain4,keypoint,V0139.h5,147456,104,156,8064,0.0007052951388888889,0.0010579427083333333,0.0546875,1.0,0.012896825396825396,0.0,1.0
odoc,client4,Domain4,keypoint,V0140.h5,147456,104,156,10751,0.0007052951388888889,0.0010579427083333333,0.0729098849826389,1.0,0.009673518742442563,0.0,1.0
odoc,client4,Domain4,keypoint,V0141.h5,147456,104,156,7152,0.0007052951388888889,0.0010579427083333333,0.048502604166666664,1.0,0.0145413870246085,0.0,1.0
odoc,client4,Domain4,keypoint,V0142.h5,147456,104,156,10858,0.0007052951388888889,0.0010579427083333333,0.0736355251736111,1.0,0.00957819119543194,0.0,1.0
odoc,client4,Domain4,keypoint,V0143.h5,147456,104,156,7946,0.0007052951388888889,0.0010579427083333333,0.053887261284722224,1.0,0.013088346337780015,0.0,1.0
odoc,client4,Domain4,keypoint,V0144.h5,147456,104,156,10328,0.0007052951388888889,0.0010579427083333333,0.0700412326388889,1.0,0.010069713400464756,0.0,1.0
odoc,client4,Domain4,keypoint,V0146.h5,147456,104,156,9340,0.0007052951388888889,0.0010579427083333333,0.06334092881944445,1.0,0.01113490364025696,0.0,1.0
odoc,client4,Domain4,keypoint,V0148.h5,147456,104,156,9257,0.0007052951388888889,0.0010579427083333333,0.0627780490451389,1.0,0.011234741276871556,0.0,1.0
odoc,client4,Domain4,keypoint,V0149.h5,147456,104,156,9581,0.0007052951388888889,0.0010579427083333333,0.0649753146701389,1.0,0.010854816824966078,0.0,1.0
odoc,client4,Domain4,keypoint,V0150.h5,147456,104,156,11108,0.0007052951388888889,0.0010579427083333333,0.07533094618055555,1.0,0.009362621534029529,0.009615384615384616,0.9903846153846154
odoc,client4,Domain4,keypoint,V0151.h5,147456,104,156,10756,0.0007052951388888889,0.0010579427083333333,0.07294379340277778,1.0,0.009669021941242098,0.08653846153846154,0.9134615384615384
odoc,client4,Domain4,keypoint,V0152.h5,147456,104,156,9367,0.0007052951388888889,0.0010579427083333333,0.06352403428819445,1.0,0.011102807729262304,0.0,1.0
odoc,client4,Domain4,keypoint,V0153.h5,147456,104,156,9158,0.0007052951388888889,0.0010579427083333333,0.06210666232638889,1.0,0.011356191308145884,0.0,1.0
odoc,client4,Domain4,keypoint,V0155.h5,147456,104,156,9831,0.0007052951388888889,0.0010579427083333333,0.06667073567708333,1.0,0.010578781405757298,0.0,1.0
odoc,client4,Domain4,keypoint,V0156.h5,147456,104,156,11159,0.0007052951388888889,0.0010579427083333333,0.07567681206597222,1.0,0.009319831526122412,0.0,1.0
odoc,client4,Domain4,keypoint,V0157.h5,147456,104,156,12585,0.0007052951388888889,0.0010579427083333333,0.08534749348958333,1.0,0.008263806118394914,0.0,1.0
odoc,client4,Domain4,keypoint,V0159.h5,147456,104,156,9348,0.0007052951388888889,0.0010579427083333333,0.06339518229166667,1.0,0.011125374411638854,0.25,0.75
odoc,client4,Domain4,keypoint,V0160.h5,147456,104,156,12429,0.0007052951388888889,0.0010579427083333333,0.08428955078125,1.0,0.008367527556521039,0.009615384615384616,0.9903846153846154
odoc,client4,Domain4,keypoint,V0161.h5,147456,104,156,11969,0.0007052951388888889,0.0010579427083333333,0.08116997612847222,1.0,0.008689113543320245,0.0,1.0
odoc,client4,Domain4,keypoint,V0162.h5,147456,104,156,7376,0.0007052951388888889,0.0010579427083333333,0.05002170138888889,1.0,0.014099783080260303,0.0,1.0
odoc,client4,Domain4,keypoint,V0163.h5,147456,104,156,9729,0.0007052951388888889,0.0010579427083333333,0.06597900390625,1.0,0.010689690615685065,0.11538461538461539,0.8846153846153846
odoc,client4,Domain4,keypoint,V0164.h5,147456,104,156,8602,0.0007052951388888889,0.0010579427083333333,0.05833604600694445,1.0,0.012090211578702627,0.0,1.0
odoc,client4,Domain4,keypoint,V0165.h5,147456,104,156,8027,0.0007052951388888889,0.0010579427083333333,0.054436577690972224,1.0,0.012956272580042357,0.009615384615384616,0.9903846153846154
odoc,client4,Domain4,keypoint,V0166.h5,147456,104,156,11279,0.0007052951388888889,0.0010579427083333333,0.07649061414930555,1.0,0.009220675591807784,0.0,1.0
odoc,client4,Domain4,keypoint,V0167.h5,147456,104,156,13156,0.0007052951388888889,0.0010579427083333333,0.08921983506944445,1.0,0.007905138339920948,0.0,1.0
odoc,client4,Domain4,keypoint,V0168.h5,147456,104,156,10113,0.0007052951388888889,0.0010579427083333333,0.06858317057291667,1.0,0.010283793137545733,0.0,1.0
odoc,client4,Domain4,keypoint,V0169.h5,147456,104,156,10983,0.0007052951388888889,0.0010579427083333333,0.07448323567708333,1.0,0.00946917964126377,0.0,1.0
odoc,client4,Domain4,keypoint,V0170.h5,147456,104,156,7570,0.0007052951388888889,0.0010579427083333333,0.051337348090277776,1.0,0.013738441215323647,0.0,1.0
odoc,client4,Domain4,keypoint,V0171.h5,147456,104,156,10788,0.0007052951388888889,0.0010579427083333333,0.07316080729166667,1.0,0.0096403411197627,0.0,1.0
odoc,client4,Domain4,keypoint,V0173.h5,147456,104,156,6581,0.0007052951388888889,0.0010579427083333333,0.04463026258680555,1.0,0.015803069442333992,0.0,1.0
odoc,client4,Domain4,keypoint,V0174.h5,147456,104,156,9100,0.0007052951388888889,0.0010579427083333333,0.061713324652777776,1.0,0.011428571428571429,0.0,1.0
odoc,client4,Domain4,keypoint,V0176.h5,147456,104,156,13898,0.0007052951388888889,0.0010579427083333333,0.09425184461805555,1.0,0.007483091092243488,0.0,1.0
odoc,client4,Domain4,keypoint,V0177.h5,147456,104,156,8368,0.0007052951388888889,0.0010579427083333333,0.05674913194444445,1.0,0.0124282982791587,0.0,1.0
odoc,client4,Domain4,keypoint,V0178.h5,147456,104,156,7110,0.0007052951388888889,0.0010579427083333333,0.0482177734375,1.0,0.014627285513361463,0.0,1.0
odoc,client4,Domain4,keypoint,V0179.h5,147456,104,156,7700,0.0007052951388888889,0.0010579427083333333,0.05221896701388889,1.0,0.013506493506493506,0.0,1.0
odoc,client4,Domain4,keypoint,V0180.h5,147456,104,156,8015,0.0007052951388888889,0.0010579427083333333,0.05435519748263889,1.0,0.012975670617592016,0.038461538461538464,0.9615384615384616
odoc,client4,Domain4,keypoint,V0181.h5,147456,104,156,16608,0.0007052951388888889,0.0010579427083333333,0.11263020833333333,1.0,0.006262042389210019,0.0,1.0
odoc,client4,Domain4,keypoint,V0184.h5,147456,104,156,10976,0.0007052951388888889,0.0010579427083333333,0.0744357638888889,1.0,0.009475218658892129,0.0,1.0
odoc,client4,Domain4,keypoint,V0185.h5,147456,104,156,10788,0.0007052951388888889,0.0010579427083333333,0.07316080729166667,1.0,0.0096403411197627,0.0,1.0
odoc,client4,Domain4,keypoint,V0188.h5,147456,104,156,13035,0.0007052951388888889,0.0010579427083333333,0.08839925130208333,1.0,0.007978519370924433,0.0,1.0
odoc,client4,Domain4,keypoint,V0189.h5,147456,104,156,9006,0.0007052951388888889,0.0010579427083333333,0.061075846354166664,1.0,0.011547856984232734,0.0,1.0
odoc,client4,Domain4,keypoint,V0190.h5,147456,104,156,9560,0.0007052951388888889,0.0010579427083333333,0.06483289930555555,1.0,0.010878661087866108,0.0,1.0
odoc,client4,Domain4,keypoint,V0191.h5,147456,104,156,8691,0.0007052951388888889,0.0010579427083333333,0.058939615885416664,1.0,0.011966402025083419,0.0,1.0
odoc,client4,Domain4,keypoint,V0192.h5,147456,104,156,11998,0.0007052951388888889,0.0010579427083333333,0.08136664496527778,1.0,0.008668111351891982,0.0,1.0
odoc,client4,Domain4,keypoint,V0193.h5,147456,104,156,6483,0.0007052951388888889,0.0010579427083333333,0.043965657552083336,1.0,0.016041955884621317,0.0,1.0
odoc,client4,Domain4,keypoint,V0195.h5,147456,104,156,12825,0.0007052951388888889,0.0010579427083333333,0.08697509765625,1.0,0.00810916179337232,0.0,1.0
odoc,client4,Domain4,keypoint,V0196.h5,147456,104,156,9571,0.0007052951388888889,0.0010579427083333333,0.0649074978298611,1.0,0.010866158186187441,0.08653846153846154,0.9134615384615384
odoc,client4,Domain4,keypoint,V0198.h5,147456,104,156,9163,0.0007052951388888889,0.0010579427083333333,0.062140570746527776,1.0,0.011349994543271855,0.0,1.0
odoc,client4,Domain4,keypoint,V0199.h5,147456,104,156,9622,0.0007052951388888889,0.0010579427083333333,0.06525336371527778,1.0,0.010808563708168779,0.038461538461538464,0.9615384615384616
odoc,client4,Domain4,keypoint,V0200.h5,147456,104,156,9221,0.0007052951388888889,0.0010579427083333333,0.0625339084201389,1.0,0.011278603188374363,0.0,1.0
odoc,client4,Domain4,keypoint,V0202.h5,147456,104,156,11518,0.0007052951388888889,0.0010579427083333333,0.07811143663194445,1.0,0.009029345372460496,0.009615384615384616,0.9903846153846154
odoc,client4,Domain4,keypoint,V0203.h5,147456,104,156,10163,0.0007052951388888889,0.0010579427083333333,0.06892225477430555,1.0,0.010233198858604744,0.0,1.0
odoc,client4,Domain4,keypoint,V0204.h5,147456,104,156,12149,0.0007052951388888889,0.0010579427083333333,0.08239067925347222,1.0,0.008560375339534118,0.0,1.0
odoc,client4,Domain4,keypoint,V0205.h5,147456,104,156,15478,0.0007052951388888889,0.0010579427083333333,0.10496690538194445,1.0,0.006719214368781496,0.0,1.0
odoc,client4,Domain4,keypoint,V0206.h5,147456,104,156,10653,0.0007052951388888889,0.0010579427083333333,0.07224527994791667,1.0,0.009762508213648737,0.0,1.0
odoc,client4,Domain4,keypoint,V0207.h5,147456,104,156,10621,0.0007052951388888889,0.0010579427083333333,0.07202826605902778,1.0,0.009791921664626682,0.0,1.0
odoc,client4,Domain4,keypoint,V0208.h5,147456,104,156,13027,0.0007052951388888889,0.0010579427083333333,0.0883449978298611,1.0,0.007983419052736624,0.009615384615384616,0.9903846153846154
odoc,client4,Domain4,keypoint,V0209.h5,147456,104,156,9053,0.0007052951388888889,0.0010579427083333333,0.061394585503472224,1.0,0.011487904562023638,0.0,1.0
odoc,client4,Domain4,keypoint,V0210.h5,147456,104,156,10902,0.0007052951388888889,0.0010579427083333333,0.07393391927083333,1.0,0.009539534030453128,0.0,1.0
odoc,client4,Domain4,keypoint,V0211.h5,147456,104,156,9067,0.0007052951388888889,0.0010579427083333333,0.06148952907986111,1.0,0.011470166537994927,0.0,1.0
odoc,client4,Domain4,keypoint,V0213.h5,147456,104,156,7921,0.0007052951388888889,0.0010579427083333333,0.053717719184027776,1.0,0.013129655346547153,0.0,1.0
odoc,client4,Domain4,keypoint,V0214.h5,147456,104,156,11886,0.0007052951388888889,0.0010579427083333333,0.08060709635416667,1.0,0.008749789668517584,0.038461538461538464,0.9615384615384616
odoc,client4,Domain4,keypoint,V0215.h5,147456,104,156,7661,0.0007052951388888889,0.0010579427083333333,0.05195448133680555,1.0,0.013575251272679808,0.0,1.0
odoc,client4,Domain4,keypoint,V0216.h5,147456,104,156,10388,0.0007052951388888889,0.0010579427083333333,0.07044813368055555,1.0,0.010011551790527531,0.0,1.0
odoc,client4,Domain4,keypoint,V0218.h5,147456,104,156,11602,0.0007052951388888889,0.0010579427083333333,0.07868109809027778,1.0,0.008963971729012239,0.0,1.0
odoc,client4,Domain4,keypoint,V0219.h5,147456,104,156,9144,0.0007052951388888889,0.0010579427083333333,0.06201171875,1.0,0.011373578302712161,0.0,1.0
odoc,client4,Domain4,keypoint,V0220.h5,147456,104,156,12401,0.0007052951388888889,0.0010579427083333333,0.08409966362847222,1.0,0.008386420449963712,0.0,1.0
odoc,client4,Domain4,keypoint,V0223.h5,147456,104,156,8324,0.0007052951388888889,0.0010579427083333333,0.056450737847222224,1.0,0.012493993272465162,0.0,1.0
odoc,client4,Domain4,keypoint,V0224.h5,147456,104,156,11873,0.0007052951388888889,0.0010579427083333333,0.08051893446180555,1.0,0.008759369999157753,0.0,1.0
odoc,client4,Domain4,keypoint,V0225.h5,147456,104,156,12528,0.0007052951388888889,0.0010579427083333333,0.0849609375,1.0,0.008301404853128991,0.0,1.0
odoc,client4,Domain4,keypoint,V0226.h5,147456,104,156,11064,0.0007052951388888889,0.0010579427083333333,0.07503255208333333,1.0,0.009399855386840203,0.0,1.0
odoc,client4,Domain4,keypoint,V0227.h5,147456,104,156,16458,0.0007052951388888889,0.0010579427083333333,0.11161295572916667,1.0,0.00631911532385466,0.0,1.0
odoc,client4,Domain4,keypoint,V0228.h5,147456,104,156,9564,0.0007052951388888889,0.0010579427083333333,0.06486002604166667,1.0,0.010874111250522794,0.0,1.0
odoc,client4,Domain4,keypoint,V0229.h5,147456,104,156,8358,0.0007052951388888889,0.0010579427083333333,0.056681315104166664,1.0,0.012443168222062694,0.0,1.0
odoc,client4,Domain4,keypoint,V0230.h5,147456,104,156,11613,0.0007052951388888889,0.0010579427083333333,0.07875569661458333,1.0,0.008955480926547835,0.0,1.0
odoc,client4,Domain4,keypoint,V0231.h5,147456,104,156,9119,0.0007052951388888889,0.0010579427083333333,0.06184217664930555,1.0,0.011404759293782213,0.0,1.0
odoc,client4,Domain4,keypoint,V0232.h5,147456,104,156,9271,0.0007052951388888889,0.0010579427083333333,0.06287299262152778,1.0,0.011217775860209256,0.125,0.875
odoc,client4,Domain4,keypoint,V0233.h5,147456,104,156,11631,0.0007052951388888889,0.0010579427083333333,0.07887776692708333,1.0,0.008941621528673373,0.0,1.0
odoc,client4,Domain4,keypoint,V0234.h5,147456,104,156,9650,0.0007052951388888889,0.0010579427083333333,0.06544325086805555,1.0,0.01077720207253886,0.0,1.0
odoc,client4,Domain4,keypoint,V0235.h5,147456,104,156,8967,0.0007052951388888889,0.0010579427083333333,0.060811360677083336,1.0,0.011598081855693098,0.0,1.0
odoc,client4,Domain4,keypoint,V0236.h5,147456,104,156,8968,0.0007052951388888889,0.0010579427083333333,0.06081814236111111,1.0,0.01159678858162355,0.11538461538461539,0.8846153846153846
odoc,client4,Domain4,keypoint,V0237.h5,147456,104,156,9319,0.0007052951388888889,0.0010579427083333333,0.0631985134548611,1.0,0.011159995707693958,0.009615384615384616,0.9903846153846154
odoc,client4,Domain4,keypoint,V0238.h5,147456,104,156,10181,0.0007052951388888889,0.0010579427083333333,0.06904432508680555,1.0,0.010215106571063746,0.0,1.0
odoc,client4,Domain4,keypoint,V0239.h5,147456,104,156,10126,0.0007052951388888889,0.0010579427083333333,0.06867133246527778,1.0,0.01027059055895714,0.0,1.0
odoc,client4,Domain4,keypoint,V0240.h5,147456,104,156,9240,0.0007052951388888889,0.0010579427083333333,0.06266276041666667,1.0,0.011255411255411256,0.0,1.0
odoc,client4,Domain4,keypoint,V0241.h5,147456,104,156,11056,0.0007052951388888889,0.0010579427083333333,0.0749782986111111,1.0,0.009406657018813314,0.0,1.0
odoc,client4,Domain4,keypoint,V0242.h5,147456,104,156,25142,0.0007052951388888889,0.0010579427083333333,0.1705050998263889,1.0,0.004136504653567736,0.2403846153846154,0.7596153846153846
odoc,client4,Domain4,keypoint,V0243.h5,147456,104,156,11525,0.0007052951388888889,0.0010579427083333333,0.0781589084201389,1.0,0.009023861171366594,0.0,1.0
odoc,client4,Domain4,keypoint,V0244.h5,147456,104,156,10540,0.0007052951388888889,0.0010579427083333333,0.07147894965277778,1.0,0.009867172675521821,0.0,1.0
odoc,client4,Domain4,keypoint,V0245.h5,147456,104,156,11858,0.0007052951388888889,0.0010579427083333333,0.0804172092013889,1.0,0.008770450328891887,0.0,1.0
odoc,client4,Domain4,keypoint,V0246.h5,147456,104,156,7630,0.0007052951388888889,0.0010579427083333333,0.05174424913194445,1.0,0.01363040629095675,0.0,1.0
odoc,client4,Domain4,keypoint,V0247.h5,147456,104,156,10482,0.0007052951388888889,0.0010579427083333333,0.07108561197916667,1.0,0.009921770654455257,0.009615384615384616,0.9903846153846154
odoc,client4,Domain4,keypoint,V0248.h5,147456,104,156,8847,0.0007052951388888889,0.0010579427083333333,0.05999755859375,1.0,0.011755397309822538,0.0,1.0
odoc,client4,Domain4,keypoint,V0249.h5,147456,104,156,10353,0.0007052951388888889,0.0010579427083333333,0.07021077473958333,1.0,0.01004539746933256,0.0,1.0
odoc,client4,Domain4,keypoint,V0251.h5,147456,104,156,11113,0.0007052951388888889,0.0010579427083333333,0.07536485460069445,1.0,0.009358409070458023,0.009615384615384616,0.9903846153846154
odoc,client4,Domain4,keypoint,V0252.h5,147456,104,156,8018,0.0007052951388888889,0.0010579427083333333,0.054375542534722224,1.0,0.012970815664754302,0.038461538461538464,0.9615384615384616
odoc,client4,Domain4,keypoint,V0253.h5,147456,104,156,13060,0.0007052951388888889,0.0010579427083333333,0.08856879340277778,1.0,0.007963246554364471,0.0,1.0
odoc,client4,Domain4,keypoint,V0255.h5,147456,104,156,11465,0.0007052951388888889,0.0010579427083333333,0.07775200737847222,1.0,0.00907108591365024,0.0,1.0
odoc,client4,Domain4,keypoint,V0259.h5,147456,104,156,8488,0.0007052951388888889,0.0010579427083333333,0.057562934027777776,1.0,0.012252591894439209,0.038461538461538464,0.9615384615384616
odoc,client4,Domain4,keypoint,V0260.h5,147456,104,156,11238,0.0007052951388888889,0.0010579427083333333,0.07621256510416667,1.0,0.009254315714539954,0.0,1.0
odoc,client4,Domain4,keypoint,V0261.h5,147456,104,156,13111,0.0007052951388888889,0.0010579427083333333,0.08891465928819445,1.0,0.007932270612462818,0.0,1.0
odoc,client4,Domain4,keypoint,V0262.h5,147456,104,156,8812,0.0007052951388888889,0.0010579427083333333,0.059760199652777776,1.0,0.011802088061733999,0.0,1.0
odoc,client4,Domain4,keypoint,V0263.h5,147456,104,156,9512,0.0007052951388888889,0.0010579427083333333,0.06450737847222222,1.0,0.010933557611438183,0.0,1.0
odoc,client4,Domain4,keypoint,V0264.h5,147456,104,156,13190,0.0007052951388888889,0.0010579427083333333,0.0894504123263889,1.0,0.007884761182714178,0.0,1.0
odoc,client4,Domain4,keypoint,V0265.h5,147456,104,156,7062,0.0007052951388888889,0.0010579427083333333,0.047892252604166664,1.0,0.014726706315491363,0.0,1.0
odoc,client4,Domain4,keypoint,V0266.h5,147456,104,156,10197,0.0007052951388888889,0.0010579427083333333,0.06915283203125,1.0,0.01019907816024321,0.11538461538461539,0.8846153846153846
odoc,client4,Domain4,keypoint,V0268.h5,147456,104,156,10451,0.0007052951388888889,0.0010579427083333333,0.07087537977430555,1.0,0.009951200842024686,0.0,1.0
odoc,client4,Domain4,keypoint,V0269.h5,147456,104,156,9152,0.0007052951388888889,0.0010579427083333333,0.062065972222222224,1.0,0.011363636363636364,0.0,1.0
odoc,client4,Domain4,keypoint,V0270.h5,147456,104,156,11272,0.0007052951388888889,0.0010579427083333333,0.0764431423611111,1.0,0.009226401703335699,0.0,1.0
odoc,client4,Domain4,keypoint,V0271.h5,147456,104,156,12585,0.0007052951388888889,0.0010579427083333333,0.08534749348958333,1.0,0.008263806118394914,0.009615384615384616,0.9903846153846154
odoc,client4,Domain4,keypoint,V0272.h5,147456,104,156,10500,0.0007052951388888889,0.0010579427083333333,0.07120768229166667,1.0,0.009904761904761904,0.0,1.0
odoc,client4,Domain4,keypoint,V0274.h5,147456,104,156,9987,0.0007052951388888889,0.0010579427083333333,0.06772867838541667,1.0,0.010413537598878543,0.0,1.0
odoc,client4,Domain4,keypoint,V0277.h5,147456,104,156,10127,0.0007052951388888889,0.0010579427083333333,0.06867811414930555,1.0,0.010269576379974325,0.009615384615384616,0.9903846153846154
odoc,client4,Domain4,keypoint,V0278.h5,147456,104,156,7854,0.0007052951388888889,0.0010579427083333333,0.053263346354166664,1.0,0.01324166030048383,0.0,1.0
odoc,client4,Domain4,keypoint,V0279.h5,147456,104,156,8367,0.0007052951388888889,0.0010579427083333333,0.056742350260416664,1.0,0.012429783673957213,0.0,1.0
odoc,client4,Domain4,keypoint,V0280.h5,147456,104,156,11463,0.0007052951388888889,0.0010579427083333333,0.07773844401041667,1.0,0.009072668585885022,0.0,1.0
odoc,client4,Domain4,keypoint,V0283.h5,147456,104,156,11826,0.0007052951388888889,0.0010579427083333333,0.0802001953125,1.0,0.008794182310164045,0.0,1.0
odoc,client4,Domain4,keypoint,V0285.h5,147456,104,156,10340,0.0007052951388888889,0.0010579427083333333,0.07012261284722222,1.0,0.010058027079303675,0.0,1.0
odoc,client4,Domain4,keypoint,V0286.h5,147456,104,156,9808,0.0007052951388888889,0.0010579427083333333,0.06651475694444445,1.0,0.010603588907014683,0.0,1.0
odoc,client4,Domain4,keypoint,V0287.h5,147456,104,156,12530,0.0007052951388888889,0.0010579427083333333,0.08497450086805555,1.0,0.008300079808459697,0.0,1.0
odoc,client4,Domain4,keypoint,V0288.h5,147456,104,156,9950,0.0007052951388888889,0.0010579427083333333,0.0674777560763889,1.0,0.010452261306532663,0.0,1.0
odoc,client4,Domain4,keypoint,V0289.h5,147456,104,156,9514,0.0007052951388888889,0.0010579427083333333,0.06452094184027778,1.0,0.010931259196972883,0.0,1.0
odoc,client4,Domain4,keypoint,V0290.h5,147456,104,156,8599,0.0007052951388888889,0.0010579427083333333,0.05831570095486111,1.0,0.012094429584835446,0.009615384615384616,0.9903846153846154
odoc,client4,Domain4,keypoint,V0292.h5,147456,104,156,11218,0.0007052951388888889,0.0010579427083333333,0.0760769314236111,1.0,0.00927081476198966,0.0,1.0
odoc,client4,Domain4,keypoint,V0293.h5,147456,104,156,10375,0.0007052951388888889,0.0010579427083333333,0.07035997178819445,1.0,0.010024096385542169,0.0,1.0
odoc,client4,Domain4,keypoint,V0294.h5,147456,104,156,10103,0.0007052951388888889,0.0010579427083333333,0.0685153537326389,1.0,0.010293972087498762,0.0,1.0
odoc,client4,Domain4,keypoint,V0295.h5,147456,104,156,16272,0.0007052951388888889,0.0010579427083333333,0.1103515625,1.0,0.006391347099311701,0.0,1.0
odoc,client4,Domain4,keypoint,V0296.h5,147456,104,156,9345,0.0007052951388888889,0.0010579427083333333,0.06337483723958333,1.0,0.011128945960406634,0.0,1.0
odoc,client4,Domain4,keypoint,V0297.h5,147456,104,156,7999,0.0007052951388888889,0.0010579427083333333,0.05424669053819445,1.0,0.013001625203150393,0.038461538461538464,0.9615384615384616
odoc,client4,Domain4,keypoint,V0298.h5,147456,104,156,9455,0.0007052951388888889,0.0010579427083333333,0.0641208224826389,1.0,0.010999471179270227,0.0,1.0
odoc,client4,Domain4,keypoint,V0300.h5,147456,104,156,8154,0.0007052951388888889,0.0010579427083333333,0.0552978515625,1.0,0.012754476330635272,0.0,1.0
odoc,client4,Domain4,keypoint,V0301.h5,147456,104,156,6540,0.0007052951388888889,0.0010579427083333333,0.044352213541666664,1.0,0.015902140672782873,0.038461538461538464,0.9615384615384616
odoc,client4,Domain4,keypoint,V0302.h5,147456,104,156,11122,0.0007052951388888889,0.0010579427083333333,0.07542588975694445,1.0,0.009350836180543068,0.0,1.0
odoc,client4,Domain4,keypoint,V0303.h5,147456,104,156,11085,0.0007052951388888889,0.0010579427083333333,0.07517496744791667,1.0,0.009382047812359044,0.0,1.0
odoc,client4,Domain4,keypoint,V0304.h5,147456,104,156,9353,0.0007052951388888889,0.0010579427083333333,0.06342909071180555,1.0,0.01111942692184326,0.0,1.0
odoc,client4,Domain4,keypoint,V0305.h5,147456,104,156,9743,0.0007052951388888889,0.0010579427083333333,0.0660739474826389,1.0,0.010674330288412193,0.0,1.0
odoc,client4,Domain4,keypoint,V0306.h5,147456,104,156,10953,0.0007052951388888889,0.0010579427083333333,0.07427978515625,1.0,0.009495115493472109,0.0,1.0
odoc,client4,Domain4,keypoint,V0307.h5,147456,104,156,7924,0.0007052951388888889,0.0010579427083333333,0.05373806423611111,1.0,0.013124684502776375,0.0,1.0
odoc,client4,Domain4,keypoint,V0308.h5,147456,104,156,11090,0.0007052951388888889,0.0010579427083333333,0.07520887586805555,1.0,0.009377817853922452,0.0,1.0
odoc,client4,Domain4,keypoint,V0309.h5,147456,104,156,12941,0.0007052951388888889,0.0010579427083333333,0.08776177300347222,1.0,0.00803647322463488,0.0,1.0
odoc,client4,Domain4,keypoint,V0310.h5,147456,104,156,9335,0.0007052951388888889,0.0010579427083333333,0.06330702039930555,1.0,0.011140867702196036,0.0,1.0
odoc,client4,Domain4,keypoint,V0311.h5,147456,104,156,8001,0.0007052951388888889,0.0010579427083333333,0.05426025390625,1.0,0.012998375203099613,0.009615384615384616,0.9903846153846154
odoc,client4,Domain4,keypoint,V0313.h5,147456,104,156,9942,0.0007052951388888889,0.0010579427083333333,0.06742350260416667,1.0,0.010460671897002616,0.0,1.0
odoc,client4,Domain4,keypoint,V0317.h5,147456,104,156,9195,0.0007052951388888889,0.0010579427083333333,0.062357584635416664,1.0,0.011310494834148994,0.0,1.0
odoc,client4,Domain4,keypoint,V0318.h5,147456,104,156,9081,0.0007052951388888889,0.0010579427083333333,0.06158447265625,1.0,0.011452483206695297,0.0,1.0
odoc,client4,Domain4,keypoint,V0319.h5,147456,104,156,9058,0.0007052951388888889,0.0010579427083333333,0.06142849392361111,1.0,0.011481563258997572,0.009615384615384616,0.9903846153846154
odoc,client4,Domain4,keypoint,V0320.h5,147456,104,156,8564,0.0007052951388888889,0.0010579427083333333,0.05807834201388889,1.0,0.012143858010275572,0.0,1.0
odoc,client4,Domain4,keypoint,V0321.h5,147456,104,156,9048,0.0007052951388888889,0.0010579427083333333,0.061360677083333336,1.0,0.011494252873563218,0.0,1.0
odoc,client4,Domain4,keypoint,V0322.h5,147456,104,156,9060,0.0007052951388888889,0.0010579427083333333,0.061442057291666664,1.0,0.011479028697571744,0.0,1.0
odoc,client4,Domain4,keypoint,V0323.h5,147456,104,156,10020,0.0007052951388888889,0.0010579427083333333,0.06795247395833333,1.0,0.010379241516966068,0.0,1.0
odoc,client4,Domain4,keypoint,V0325.h5,147456,104,156,10887,0.0007052951388888889,0.0010579427083333333,0.07383219401041667,1.0,0.00955267750528153,0.0,1.0
odoc,client4,Domain4,keypoint,V0326.h5,147456,104,156,8229,0.0007052951388888889,0.0010579427083333333,0.055806477864583336,1.0,0.01263823064770932,0.0,1.0
odoc,client4,Domain4,keypoint,V0327.h5,147456,104,156,11984,0.0007052951388888889,0.0010579427083333333,0.0812717013888889,1.0,0.008678237650200267,0.0,1.0
odoc,client4,Domain4,keypoint,V0329.h5,147456,104,156,12058,0.0007052951388888889,0.0010579427083333333,0.08177354600694445,1.0,0.008624979266876762,0.0,1.0
odoc,client4,Domain4,keypoint,V0332.h5,147456,104,156,8572,0.0007052951388888889,0.0010579427083333333,0.05813259548611111,1.0,0.012132524498366775,0.0,1.0
odoc,client4,Domain4,keypoint,V0333.h5,147456,104,156,9684,0.0007052951388888889,0.0010579427083333333,0.065673828125,1.0,0.0107393638992152,0.0,1.0
odoc,client4,Domain4,keypoint,V0335.h5,147456,104,156,12048,0.0007052951388888889,0.0010579427083333333,0.08170572916666667,1.0,0.008632138114209827,0.0,1.0
odoc,client4,Domain4,keypoint,V0336.h5,147456,104,156,10911,0.0007052951388888889,0.0010579427083333333,0.07399495442708333,1.0,0.00953166529190725,0.0,1.0
odoc,client4,Domain4,keypoint,V0337.h5,147456,104,156,14353,0.0007052951388888889,0.0010579427083333333,0.09733751085069445,1.0,0.007245871943147774,0.0,1.0
odoc,client4,Domain4,keypoint,V0338.h5,147456,104,156,10486,0.0007052951388888889,0.0010579427083333333,0.07111273871527778,1.0,0.009917985885943162,0.0,1.0
odoc,client4,Domain4,keypoint,V0339.h5,147456,104,156,12104,0.0007052951388888889,0.0010579427083333333,0.08208550347222222,1.0,0.008592200925313946,0.0,1.0
odoc,client4,Domain4,keypoint,V0340.h5,147456,104,156,7511,0.0007052951388888889,0.0010579427083333333,0.05093722873263889,1.0,0.01384635867394488,0.0,1.0
odoc,client4,Domain4,keypoint,V0342.h5,147456,104,156,12525,0.0007052951388888889,0.0010579427083333333,0.08494059244791667,0.9615384615384616,0.007984031936127744,0.09615384615384616,0.8653846153846154
odoc,client4,Domain4,keypoint,V0343.h5,147456,104,156,9360,0.0007052951388888889,0.0010579427083333333,0.0634765625,1.0,0.011111111111111112,0.0,1.0
odoc,client4,Domain4,keypoint,V0344.h5,147456,104,156,11131,0.0007052951388888889,0.0010579427083333333,0.07548692491319445,1.0,0.009343275536789148,0.0,1.0
odoc,client4,Domain4,keypoint,V0345.h5,147456,104,156,12246,0.0007052951388888889,0.0010579427083333333,0.08304850260416667,1.0,0.008492569002123142,0.0,1.0
odoc,client4,Domain4,keypoint,V0346.h5,147456,104,156,11686,0.0007052951388888889,0.0010579427083333333,0.0792507595486111,1.0,0.008899537908608592,0.0,1.0
odoc,client4,Domain4,keypoint,V0347.h5,147456,104,156,22170,0.0007052951388888889,0.0010579427083333333,0.15034993489583334,0.9903846153846154,0.004645917907081642,0.11538461538461539,0.875
odoc,client4,Domain4,keypoint,V0348.h5,147456,104,156,7525,0.0007052951388888889,0.0010579427083333333,0.051032172309027776,1.0,0.013820598006644518,0.009615384615384616,0.9903846153846154
odoc,client4,Domain4,keypoint,V0349.h5,147456,104,156,8084,0.0007052951388888889,0.0010579427083333333,0.05482313368055555,1.0,0.012864918357248886,0.0,1.0
odoc,client4,Domain4,keypoint,V0351.h5,147456,104,156,10529,0.0007052951388888889,0.0010579427083333333,0.07140435112847222,1.0,0.009877481242283218,0.0,1.0
odoc,client4,Domain4,keypoint,V0352.h5,147456,104,156,10796,0.0007052951388888889,0.0010579427083333333,0.0732150607638889,1.0,0.00963319748054835,0.0,1.0
odoc,client4,Domain4,keypoint,V0353.h5,147456,104,156,12004,0.0007052951388888889,0.0010579427083333333,0.08140733506944445,1.0,0.00866377874041986,0.0,1.0
odoc,client4,Domain4,keypoint,V0354.h5,147456,104,156,9979,0.0007052951388888889,0.0010579427083333333,0.06767442491319445,1.0,0.010421885960517087,0.0,1.0
odoc,client4,Domain4,keypoint,V0355.h5,147456,104,156,8053,0.0007052951388888889,0.0010579427083333333,0.05461290147569445,1.0,0.012914441822923135,0.0,1.0
odoc,client4,Domain4,keypoint,V0356.h5,147456,104,156,11028,0.0007052951388888889,0.0010579427083333333,0.07478841145833333,1.0,0.009430540442509974,0.0,1.0
odoc,client4,Domain4,keypoint,V0359.h5,147456,104,156,8568,0.0007052951388888889,0.0010579427083333333,0.05810546875,1.0,0.012138188608776844,0.0,1.0
odoc,client4,Domain4,keypoint,V0361.h5,147456,104,156,11785,0.0007052951388888889,0.0010579427083333333,0.0799221462673611,1.0,0.008824777259227833,0.0,1.0
odoc,client4,Domain4,keypoint,V0362.h5,147456,104,156,11408,0.0007052951388888889,0.0010579427083333333,0.0773654513888889,1.0,0.0091164095371669,0.0,1.0
odoc,client4,Domain4,keypoint,V0363.h5,147456,104,156,10232,0.0007052951388888889,0.0010579427083333333,0.06939019097222222,1.0,0.010164190774042221,0.0,1.0
odoc,client4,Domain4,keypoint,V0364.h5,147456,104,156,13048,0.0007052951388888889,0.0010579427083333333,0.08848741319444445,1.0,0.00797057020232986,0.0,1.0
odoc,client4,Domain4,keypoint,V0365.h5,147456,104,156,9448,0.0007052951388888889,0.0010579427083333333,0.06407335069444445,1.0,0.01100762066045724,0.0,1.0
odoc,client4,Domain4,keypoint,V0367.h5,147456,104,156,7687,0.0007052951388888889,0.0010579427083333333,0.052130805121527776,1.0,0.013529335241316508,0.0,1.0
odoc,client4,Domain4,keypoint,V0368.h5,147456,104,156,6757,0.0007052951388888889,0.0010579427083333333,0.04582383897569445,1.0,0.015391445907947315,0.0,1.0
odoc,client4,Domain4,keypoint,V0369.h5,147456,104,156,8227,0.0007052951388888889,0.0010579427083333333,0.055792914496527776,1.0,0.012641303026619666,0.0,1.0
odoc,client4,Domain4,keypoint,V0370.h5,147456,104,156,6687,0.0007052951388888889,0.0010579427083333333,0.04534912109375,1.0,0.015552564677732915,0.0,1.0
odoc,client4,Domain4,keypoint,V0371.h5,147456,104,156,7026,0.0007052951388888889,0.0010579427083333333,0.047648111979166664,1.0,0.0148021633931113,0.0,1.0
odoc,client4,Domain4,keypoint,V0372.h5,147456,104,156,10161,0.0007052951388888889,0.0010579427083333333,0.06890869140625,1.0,0.010235213069579766,0.0,1.0
odoc,client4,Domain4,keypoint,V0373.h5,147456,104,156,13874,0.0007052951388888889,0.0010579427083333333,0.0940890842013889,1.0,0.007496035750324348,0.0,1.0
odoc,client4,Domain4,keypoint,V0374.h5,147456,104,156,9327,0.0007052951388888889,0.0010579427083333333,0.06325276692708333,1.0,0.011150423501661842,0.0,1.0
odoc,client4,Domain4,keypoint,V0375.h5,147456,104,156,9270,0.0007052951388888889,0.0010579427083333333,0.0628662109375,1.0,0.01121898597626753,0.0,1.0
odoc,client4,Domain4,keypoint,V0376.h5,147456,104,156,9147,0.0007052951388888889,0.0010579427083333333,0.062032063802083336,1.0,0.011369848037607959,0.0,1.0
odoc,client4,Domain4,keypoint,V0378.h5,147456,104,156,9764,0.0007052951388888889,0.0010579427083333333,0.06621636284722222,1.0,0.010651372388365424,0.0,1.0
odoc,client4,Domain4,keypoint,V0379.h5,147456,104,156,8579,0.0007052951388888889,0.0010579427083333333,0.05818006727430555,1.0,0.012122625014570463,0.0,1.0
odoc,client4,Domain4,keypoint,V0380.h5,147456,104,156,9783,0.0007052951388888889,0.0010579427083333333,0.06634521484375,1.0,0.010630685883675764,0.0,1.0
odoc,client4,Domain4,keypoint,V0382.h5,147456,104,156,7988,0.0007052951388888889,0.0010579427083333333,0.05417209201388889,1.0,0.013019529293940912,0.057692307692307696,0.9423076923076923
odoc,client4,Domain4,keypoint,V0383.h5,147456,104,156,11780,0.0007052951388888889,0.0010579427083333333,0.07988823784722222,1.0,0.008828522920203734,0.16346153846153846,0.8365384615384616
odoc,client4,Domain4,keypoint,V0384.h5,147456,104,156,10494,0.0007052951388888889,0.0010579427083333333,0.0711669921875,1.0,0.009910425004764627,0.0,1.0
odoc,client4,Domain4,keypoint,V0385.h5,147456,104,156,9074,0.0007052951388888889,0.0010579427083333333,0.06153700086805555,1.0,0.011461318051575931,0.0,1.0
odoc,client4,Domain4,keypoint,V0386.h5,147456,104,156,8800,0.0007052951388888889,0.0010579427083333333,0.05967881944444445,1.0,0.011818181818181818,0.0,1.0
odoc,client4,Domain4,keypoint,V0387.h5,147456,104,156,10637,0.0007052951388888889,0.0010579427083333333,0.07213677300347222,1.0,0.009777192817523738,0.0,1.0
odoc,client4,Domain4,keypoint,V0389.h5,147456,104,156,6704,0.0007052951388888889,0.0010579427083333333,0.045464409722222224,1.0,0.015513126491646777,0.0,1.0
odoc,client4,Domain4,keypoint,V0390.h5,147456,104,156,5872,0.0007052951388888889,0.0010579427083333333,0.03982204861111111,1.0,0.017711171662125342,0.038461538461538464,0.9615384615384616
odoc,client4,Domain4,keypoint,V0391.h5,147456,104,156,7714,0.0007052951388888889,0.0010579427083333333,0.052313910590277776,1.0,0.013481980814104226,0.08653846153846154,0.9134615384615384
odoc,client4,Domain4,keypoint,V0392.h5,147456,104,156,14082,0.0007052951388888889,0.0010579427083333333,0.09549967447916667,1.0,0.0073853145859963075,0.0,1.0
odoc,client4,Domain4,keypoint,V0393.h5,147456,104,156,9191,0.0007052951388888889,0.0010579427083333333,0.06233045789930555,1.0,0.011315417256011316,0.0,1.0
odoc,client4,Domain4,keypoint,V0394.h5,147456,104,156,10285,0.0007052951388888889,0.0010579427083333333,0.06974962022569445,1.0,0.01011181332036947,0.0,1.0
odoc,client4,Domain4,keypoint,V0395.h5,147456,104,156,8446,0.0007052951388888889,0.0010579427083333333,0.05727810329861111,1.0,0.012313521193464362,0.11538461538461539,0.8846153846153846
odoc,client4,Domain4,keypoint,V0396.h5,147456,104,156,11339,0.0007052951388888889,0.0010579427083333333,0.07689751519097222,1.0,0.009171884645912337,0.0,1.0
odoc,client4,Domain4,keypoint,V0397.h5,147456,104,156,10326,0.0007052951388888889,0.0010579427083333333,0.07002766927083333,1.0,0.010071663761379043,0.0,1.0
odoc,client4,Domain4,keypoint,V0398.h5,147456,104,156,14963,0.0007052951388888889,0.0010579427083333333,0.1014743381076389,1.0,0.0069504778453518675,0.0,1.0
odoc,client4,Domain4,keypoint,V0399.h5,147456,104,156,8171,0.0007052951388888889,0.0010579427083333333,0.055413140190972224,1.0,0.012727940276587933,0.0,1.0
odoc,client4,Domain4,keypoint,V0400.h5,147456,104,156,11494,0.0007052951388888889,0.0010579427083333333,0.07794867621527778,1.0,0.009048199060379328,0.0,1.0
odoc,client5,Domain5,block,0001.h5,147456,5280,123213,9223,0.035807291666666664,0.8355916341145834,0.06254747178819445,1.0,0.5724818388810582,0.006628787878787879,0.9933712121212122
odoc,client5,Domain5,block,0002.h5,147456,3028,126602,6312,0.020534939236111112,0.8585747612847222,0.042805989583333336,1.0,0.4797211660329531,0.009577278731836196,0.9904227212681638
odoc,client5,Domain5,block,0003.h5,147456,6309,120767,11298,0.04278564453125,0.8190036349826388,0.07661946614583333,1.0,0.5584174190122145,0.006498652718338881,0.9935013472816612
odoc,client5,Domain5,block,0004.h5,147456,5220,120571,10755,0.035400390625,0.8176744249131944,0.07293701171875,1.0,0.48535564853556484,0.007088122605363984,0.992911877394636
odoc,client5,Domain5,block,0005.h5,147456,4658,120660,10314,0.03158908420138889,0.8182779947916666,0.0699462890625,1.0,0.45161915842544115,0.004293688278231,0.995706311721769
odoc,client5,Domain5,block,0006.h5,147456,3744,126475,6805,0.025390625,0.8577134874131944,0.046149359809027776,1.0,0.5501836884643644,0.009348290598290598,0.9906517094017094
odoc,client5,Domain5,block,0007.h5,147456,5537,123473,9290,0.03755018446180555,0.8373548719618056,0.06300184461805555,1.0,0.5960172228202368,0.008488351092649449,0.9915116489073506
odoc,client5,Domain5,block,0008.h5,147456,3678,124426,7808,0.024943033854166668,0.8438178168402778,0.05295138888888889,1.0,0.47105532786885246,0.010875475802066341,0.9891245241979336
odoc,client5,Domain5,block,0009.h5,147456,7726,118727,13215,0.05239529079861111,0.8051689995659722,0.08961995442708333,1.0,0.5846386681800984,0.006212787988609888,0.9937872120113901
odoc,client5,Domain5,block,0010.h5,147456,7473,119062,12767,0.050679524739583336,0.8074408637152778,0.0865817599826389,1.0,0.5853371974622072,0.006289308176100629,0.9937106918238994
odoc,client5,Domain5,block,0011.h5,147456,6039,120830,11105,0.04095458984375,0.8194308810763888,0.07531060112847222,1.0,0.5438090950022513,0.006789203510514986,0.993210796489485
odoc,client5,Domain5,block,0012.h5,147456,9434,116211,15829,0.06397840711805555,0.7881062825520834,0.10734727647569445,1.0,0.5959946932844778,0.006359974560101759,0.9936400254398983
odoc,client5,Domain5,block,0013.h5,147456,5136,122905,9527,0.034830729166666664,0.8335028754340278,0.0646091037326389,1.0,0.5390994017004304,0.010708722741433021,0.989291277258567
odoc,client5,Domain5,block,0014.h5,147456,5194,121632,10368,0.035224066840277776,0.8248697916666666,0.0703125,1.0,0.5009645061728395,0.011166730843280709,0.9888332691567193
odoc,client5,Domain5,block,0015.h5,147456,8137,119112,13381,0.055182562934027776,0.8077799479166666,0.09074571397569445,1.0,0.6081010387863388,0.006267666216050141,0.9937323337839499
odoc,client5,Domain5,block,0016.h5,147456,5841,121843,10384,0.03961181640625,0.8263007269965278,0.07042100694444445,1.0,0.5625,0.005992124636192433,0.9940078753638075
odoc,client5,Domain5,block,0017.h5,147456,4813,121086,10183,0.03264024522569445,0.8211669921875,0.0690578884548611,1.0,0.4726504959245802,0.0060253480157905675,0.9939746519842094
odoc,client5,Domain5,block,0018.h5,147456,7419,118022,13543,0.050313313802083336,0.8003879123263888,0.09184434678819445,1.0,0.5478106771025623,0.007548187087208519,0.9924518129127915
odoc,client5,Domain5,block,0019.h5,147456,9209,115915,15761,0.06245252821180555,0.7860989040798612,0.10688612196180555,1.0,0.5842903369075566,0.0019546096210229123,0.9980453903789771
odoc,client5,Domain5,block,0020.h5,147456,6928,121847,10977,0.04698350694444445,0.8263278537326388,0.07444254557291667,1.0,0.6311378336521818,0.006062355658198615,0.9939376443418014
odoc,client5,Domain5,block,0021.h5,147456,8935,117149,14952,0.06059434678819445,0.7944675021701388,0.10139973958333333,1.0,0.5975789192081327,0.0064913262451035255,0.9935086737548965
odoc,client5,Domain5,block,0022.h5,147456,5366,123028,9424,0.03639051649305555,0.8343370225694444,0.06391059027777778,1.0,0.5693972835314092,0.007267983600447261,0.9927320163995528
odoc,client5,Domain5,block,0023.h5,147456,9622,117398,15250,0.06525336371527778,0.7961561414930556,0.1034206814236111,1.0,0.6309508196721312,0.006339638328829765,0.9936603616711702
odoc,client5,Domain5,block,0024.h5,147456,3799,124184,7891,0.025763617621527776,0.8421766493055556,0.05351426866319445,1.0,0.4814345456849575,0.008423269281389839,0.9915767307186102
odoc,client5,Domain5,block,0025.h5,147456,7589,119661,12704,0.05146620008680555,0.8115030924479166,0.0861545138888889,1.0,0.5973709068010076,0.006193174331268942,0.993806825668731
odoc,client5,Domain5,block,0026.h5,147456,8664,120453,12847,0.058756510416666664,0.8168741861979166,0.0871242947048611,1.0,0.6743986923017047,0.004963065558633426,0.9950369344413665
odoc,client5,Domain5,block,0027.h5,147456,12790,114719,18927,0.08673773871527778,0.7779880099826388,0.12835693359375,1.0,0.6757542135573519,0.00547302580140735,0.9945269741985927
odoc,client5,Domain5,block,0028.h5,147456,9591,117143,15334,0.06504313151041667,0.7944268120659722,0.10399034288194445,1.0,0.6254728055301944,0.0065686581169846735,0.9934313418830153
odoc,client5,Domain5,block,0029.h5,147456,12214,115381,18039,0.08283148871527778,0.7824774848090278,0.12233479817708333,1.0,0.6770885304063418,0.004503029310627149,0.9954969706893728
odoc,client5,Domain5,block,0030.h5,147456,5829,123554,9501,0.039530436197916664,0.8379041883680556,0.06443277994791667,1.0,0.6135143669087465,0.008749356664951106,0.9912506433350489
odoc,client5,Domain5,block,0031.h5,147456,6534,119805,11995,0.0443115234375,0.8124796549479166,0.08134629991319445,1.0,0.5447269695706545,0.007652280379553107,0.9923477196204469
odoc,client5,Domain5,block,0032.h5,147456,4851,125097,8100,0.03289794921875,0.8483683268229166,0.054931640625,1.0,0.5988888888888889,0.0070088641517212944,0.9929911358482787
odoc,client5,Domain5,block,0033.h5,147456,5693,121471,10398,0.03860812717013889,0.8237779405381944,0.07051595052083333,1.0,0.5475091363723793,0.006850518180221325,0.9931494818197787
odoc,client5,Domain5,block,0034.h5,147456,9363,114655,16611,0.06349690755208333,0.7775539822048612,0.11265055338541667,1.0,0.5636626331948709,0.006408202499198975,0.9935917975008011
odoc,client5,Domain5,block,0035.h5,147456,13833,114468,19661,0.09381103515625,0.7762858072916666,0.1333346896701389,1.0,0.7035756065306953,0.004988072001734982,0.995011927998265
odoc,client5,Domain5,block,0036.h5,147456,8520,119850,13306,0.057779947916666664,0.8127848307291666,0.0902370876736111,1.0,0.6403126409138734,0.00868544600938967,0.9913145539906103
odoc,client5,Domain5,block,0037.h5,147456,11859,115075,18060,0.08042399088541667,0.7804022894965278,0.12247721354166667,1.0,0.6566445182724252,0.0043848553840964664,0.9956151446159035
odoc,client5,Domain5,block,0038.h5,147456,7726,120944,12118,0.05239529079861111,0.8202039930555556,0.0821804470486111,1.0,0.6375639544479287,0.008154284235050479,0.9918457157649495
odoc,client5,Domain5,block,0039.h5,147456,9978,117544,15320,0.06766764322916667,0.7971462673611112,0.10389539930555555,1.0,0.6513054830287206,0.005211465223491682,0.9947885347765083
odoc,client5,Domain5,block,0040.h5,147456,11121,117312,16205,0.07541910807291667,0.7955729166666666,0.1098971896701389,1.0,0.686269669854983,0.0050355183886341155,0.9949644816113659
odoc,client5,Domain5,block,0041.h5,147456,6661,120058,11939,0.045172797309027776,0.8141954210069444,0.0809665256076389,1.0,0.5579194237373314,0.007656508031827053,0.992343491968173
odoc,client5,Domain5,block,0042.h5,147456,6730,119136,12370,0.04564073350694445,0.8079427083333334,0.0838894314236111,1.0,0.5440582053354891,0.008023774145616641,0.9919762258543834
odoc,client5,Domain5,block,0043.h5,147456,13318,115086,19018,0.09031846788194445,0.7804768880208334,0.1289740668402778,1.0,0.7002839415290777,0.004730440006006908,0.9952695599939931
odoc,client5,Domain5,block,0044.h5,147456,10425,117038,15923,0.07069905598958333,0.7937147352430556,0.10798475477430555,1.0,0.6547133077937575,0.006139088729016786,0.9938609112709832
odoc,client5,Domain5,block,0045.h5,147456,8288,119723,13061,0.056206597222222224,0.8119235568576388,0.08857557508680555,1.0,0.6345609065155807,0.00542953667953668,0.9945704633204633
odoc,client5,Domain5,block,0046.h5,147456,3601,126297,6770,0.024420844184027776,0.85650634765625,0.04591200086805555,1.0,0.5319054652880354,0.009164121077478478,0.9908358789225216
odoc,client5,Domain5,block,0047.h5,147456,4844,120783,10307,0.03285047743055555,0.8191121419270834,0.06989881727430555,1.0,0.4699718637818958,0.009083402146985962,0.990916597853014
odoc,client5,Domain5,block,0048.h5,147456,3340,124908,7198,0.022650824652777776,0.8470865885416666,0.04881456163194445,1.0,0.4640177827174215,0.006586826347305389,0.9934131736526947
odoc,client5,Domain5,block,0049.h5,147456,12258,115041,18283,0.0831298828125,0.7801717122395834,0.1239895290798611,1.0,0.670458896242411,0.0053026594876815145,0.9946973405123185
odoc,client5,Domain5,block,0050.h5,147456,7580,120469,12237,0.05140516493055555,0.8169826931423612,0.08298746744791667,1.0,0.6194328675328921,0.006068601583113457,0.9939313984168865
odoc,client5,Domain5,block,0051.h5,147456,11351,116340,16917,0.07697889539930555,0.7889811197916666,0.11472574869791667,1.0,0.6709818525743335,0.004228702316976478,0.9957712976830235
odoc,client5,Domain5,block,0052.h5,147456,8833,119801,13458,0.05990261501736111,0.8124525282118056,0.09126790364583333,1.0,0.6563382374795661,0.0069059209781501185,0.9930940790218499
odoc,client5,Domain5,block,0053.h5,147456,12386,112510,19962,0.08399793836805555,0.7630072699652778,0.1353759765625,1.0,0.6204789099288649,0.0052478604876473435,0.9947521395123526
odoc,client5,Domain5,block,0054.h5,147456,9563,118751,14328,0.0648532443576389,0.8053317599826388,0.09716796875,1.0,0.6674343941931882,0.00418278782808742,0.9958172121719125
odoc,client5,Domain5,block,0055.h5,147456,8328,119665,13159,0.056477864583333336,0.8115302191840278,0.08924018012152778,1.0,0.6328748385135649,0.006243996157540826,0.9937560038424592
odoc,client5,Domain5,block,0056.h5,147456,6059,121871,10574,0.04109022352430555,0.8264906141493056,0.07170952690972222,1.0,0.573009268015888,0.00825218682950982,0.9917478131704902
odoc,client5,Domain5,block,0057.h5,147456,8136,119108,13104,0.05517578125,0.8077528211805556,0.0888671875,1.0,0.6208791208791209,0.007497541789577187,0.9925024582104228
odoc,client5,Domain5,block,0058.h5,147456,7069,119901,12410,0.04793972439236111,0.8131306966145834,0.08416069878472222,1.0,0.569621273166801,0.0045268071863064085,0.9954731928136936
odoc,client5,Domain5,block,0059.h5,147456,10484,116272,16468,0.07109917534722222,0.7885199652777778,0.11168077256944445,1.0,0.6366286130677677,0.005723006486074018,0.994276993513926
odoc,client5,Domain5,block,0060.h5,147456,7457,120923,11590,0.05057101779513889,0.8200615776909722,0.07859971788194445,1.0,0.6433994823123382,0.00683921147914711,0.9931607885208529
odoc,client5,Domain5,block,0061.h5,147456,6302,121587,10681,0.04273817274305555,0.8245646158854166,0.07243516710069445,1.0,0.5900196610804231,0.009838146620120596,0.9901618533798794
odoc,client5,Domain5,block,0062.h5,147456,13035,114581,19170,0.08839925130208333,0.7770521375868056,0.1300048828125,1.0,0.6799687010954617,0.004909858074415036,0.995090141925585
odoc,client5,Domain5,block,0063.h5,147456,13351,111810,20997,0.0905422634548611,0.7582600911458334,0.14239501953125,1.0,0.635852740867743,0.004194442363867875,0.9958055576361321
odoc,client5,Domain5,block,0064.h5,147456,5423,122163,9996,0.03677707248263889,0.8284708658854166,0.06778971354166667,1.0,0.5425170068027211,0.005716393140328232,0.9942836068596718
odoc,client5,Domain5,block,0065.h5,147456,10862,114564,17854,0.07366265190972222,0.7769368489583334,0.12108018663194445,1.0,0.6083790747171502,0.0061682931320198855,0.9938317068679802
odoc,client5,Domain5,block,0066.h5,147456,6537,121202,11161,0.044331868489583336,0.8219536675347222,0.07569037543402778,1.0,0.5857002060747245,0.006577940951506807,0.9934220590484932
odoc,client5,Domain5,block,0067.h5,147456,7659,117790,13805,0.05194091796875,0.7988145616319444,0.09362114800347222,1.0,0.5547989858746831,0.005875440658049354,0.9941245593419507
odoc,client5,Domain5,block,0068.h5,147456,9155,116867,15174,0.06208631727430555,0.7925550672743056,0.1029052734375,1.0,0.603334651377356,0.005133806663025669,0.9948661933369743
odoc,client5,Domain5,block,0069.h5,147456,10969,115778,17097,0.07438829210069445,0.7851698133680556,0.11594645182291667,1.0,0.6415745452418553,0.0054699607986142765,0.9945300392013857
odoc,client5,Domain5,block,0070.h5,147456,14267,111964,21619,0.09675428602430555,0.7593044704861112,0.1466132269965278,1.0,0.6599287663629215,0.004836335599635522,0.9951636644003645
odoc,client5,Domain5,block,0071.h5,147456,12028,115955,17629,0.0815700954861111,0.7863701714409722,0.11955430772569445,1.0,0.6822848715185206,0.004655803126039242,0.9953441968739608
odoc,client5,Domain5,block,0072.h5,147456,6926,120738,11664,0.04696994357638889,0.8188069661458334,0.0791015625,1.0,0.5937928669410151,0.007074790643950332,0.9929252093560497
odoc,client5,Domain5,block,0073.h5,147456,5021,124902,8255,0.034050835503472224,0.8470458984375,0.05598280164930555,1.0,0.6082374318594791,0.009958175662218682,0.9900418243377813
odoc,client5,Domain5,block,0074.h5,147456,9438,119516,13858,0.06400553385416667,0.8105197482638888,0.09398057725694445,1.0,0.6810506566604128,0.005297732570459843,0.9947022674295402
odoc,client5,Domain5,block,0075.h5,147456,14630,112002,21804,0.0992160373263889,0.7595621744791666,0.14786783854166666,1.0,0.6709778022381214,0.004169514695830485,0.9958304853041695
odoc,client5,Domain5,block,0076.h5,147456,8545,118178,14023,0.05794949001736111,0.8014458550347222,0.09509955512152778,1.0,0.6093560579048706,0.005500292568753657,0.9944997074312464
odoc,client5,Domain5,block,0077.h5,147456,9631,118096,14771,0.06531439887152778,0.8008897569444444,0.10017225477430555,1.0,0.6520208516688105,0.004257086491537743,0.9957429135084622
odoc,client5,Domain5,block,0078.h5,147456,8983,116236,15563,0.060919867621527776,0.7882758246527778,0.10554334852430555,1.0,0.5772023388806785,0.0061226761660915065,0.9938773238339085
odoc,client5,Domain5,block,0079.h5,147456,6714,120963,11367,0.0455322265625,0.8203328450520834,0.07708740234375,1.0,0.5906571654790183,0.004766160262138814,0.9952338397378612
odoc,client5,Domain5,block,0080.h5,147456,4879,123871,8724,0.033087836371527776,0.8400539822048612,0.059163411458333336,1.0,0.5592618065107748,0.007378561180569789,0.9926214388194302
odoc,client5,Domain5,block,0081.h5,147456,7329,118098,13377,0.049702962239583336,0.8009033203125,0.09071858723958333,1.0,0.5478806907378336,0.0066857688634192934,0.9933142311365807
odoc,client5,Domain5,block,0082.h5,147456,8724,117749,14491,0.059163411458333336,0.7985365125868056,0.09827338324652778,1.0,0.6020288454903043,0.0060751948647409446,0.993924805135259
odoc,client5,Domain5,block,0083.h5,147456,6323,121718,10711,0.04288058810763889,0.8254530164930556,0.07263861762152778,1.0,0.5903277004948184,0.008223944330222995,0.991776055669777
odoc,client5,Domain5,block,0084.h5,147456,6754,119548,12262,0.04580349392361111,0.8107367621527778,0.0831570095486111,1.0,0.5508073723699234,0.007403020432336393,0.9925969795676636
odoc,client5,Domain5,block,0085.h5,147456,4759,124550,8345,0.03227403428819445,0.8446587456597222,0.05659315321180555,1.0,0.5702816057519473,0.008615255305736499,0.9913847446942635
odoc,client5,Domain5,block,0086.h5,147456,12224,114653,18567,0.08289930555555555,0.7775404188368056,0.12591552734375,1.0,0.6583723811062638,0.004417539267015707,0.9955824607329843
odoc,client5,Domain5,block,0087.h5,147456,6275,122215,10441,0.04255506727430555,0.8288235134548612,0.07080756293402778,1.0,0.6009960731730677,0.0068525896414342626,0.9931474103585657
odoc,client5,Domain5,block,0088.h5,147456,5857,121613,10560,0.03972032335069445,0.8247409396701388,0.07161458333333333,1.0,0.5546401515151516,0.00785385009390473,0.9921461499060953
odoc,client5,Domain5,block,0089.h5,147456,9028,118727,14027,0.061225043402777776,0.8051689995659722,0.0951266818576389,1.0,0.643615883652955,0.0052060256978289764,0.994793974302171
odoc,client5,Domain5,block,0090.h5,147456,3851,123824,8233,0.026116265190972224,0.8397352430555556,0.05583360460069445,1.0,0.4677517308393052,0.00882887561672293,0.991171124383277
odoc,client5,Domain5,block,0091.h5,147456,8822,117541,14587,0.05982801649305555,0.7971259223090278,0.09892442491319445,1.0,0.6047850826078015,0.005554296077986851,0.9944457039220131
odoc,client5,Domain5,block,0092.h5,147456,6662,118361,12867,0.04517957899305555,0.8026869032118056,0.08725992838541667,1.0,0.5177586072899666,0.0064545181627139,0.9935454818372861
odoc,client5,Domain5,block,0093.h5,147456,6737,119145,12508,0.04568820529513889,0.8080037434895834,0.08482530381944445,1.0,0.5386152862168212,0.007124833011726288,0.9928751669882737
odoc,client5,Domain5,block,0094.h5,147456,9183,115855,15934,0.062276204427083336,0.7856920030381944,0.1080593532986111,1.0,0.5763147985439939,0.006316018730262441,0.9936839812697376
odoc,client5,Domain5,block,0095.h5,147456,9133,116244,15635,0.06193712022569445,0.788330078125,0.10603162977430555,1.0,0.5841381515829869,0.005803131501149677,0.9941968684988504
odoc,client5,Domain5,block,0096.h5,147456,8374,120052,12888,0.05678982204861111,0.8141547309027778,0.08740234375,1.0,0.6497517070142769,0.005612610460950561,0.9943873895390495
odoc,client5,Domain5,block,0097.h5,147456,11107,113931,18242,0.07532416449652778,0.77264404296875,0.12371148003472222,1.0,0.6088696414866791,0.006212298550463672,0.9937877014495363
odoc,client5,Domain5,block,0098.h5,147456,8000,120767,12289,0.054253472222222224,0.8190036349826388,0.0833401150173611,1.0,0.6509886890715274,0.006,0.994
odoc,client5,Domain5,block,0099.h5,147456,9280,118885,14191,0.06293402777777778,0.8062405056423612,0.09623887803819445,1.0,0.6539355929814671,0.006142241379310345,0.9938577586206897
odoc,client5,Domain5,block,0100.h5,147456,4818,121718,9906,0.032674153645833336,0.8254530164930556,0.06717936197916667,1.0,0.4863718958207147,0.009547530095475302,0.9904524699045247
