dataset,client,domain,assigned_key,file,total_px,ann_fg_px,ann_labeled_px,gt_fg_px,ann_fg_ratio,ann_labeled_ratio,gt_fg_ratio,ann_fg_inside_gt_ratio,gt_fg_covered_by_ann_ratio,ann_fg_boundary_ratio,ann_fg_core_ratio
polyp,client1,Domain1,keypoint,1.h5,147456,52,100,22579,0.00035264756944444444,0.0006781684027777778,0.15312364366319445,0.9230769230769231,0.0021258691704681342,0.17307692307692307,0.75
polyp,client1,Domain1,keypoint,10.h5,147456,52,104,24353,0.00035264756944444444,0.0007052951388888889,0.1651543511284722,0.9807692307692307,0.0020941978401018357,0.46153846153846156,0.5192307692307693
polyp,client1,Domain1,keypoint,101.h5,147456,52,104,10428,0.00035264756944444444,0.0007052951388888889,0.07071940104166667,1.0,0.004986574606827772,0.0,1.0
polyp,client1,Domain1,keypoint,102.h5,147456,52,104,10462,0.00035264756944444444,0.0007052951388888889,0.0709499782986111,1.0,0.004970368954310839,0.0,1.0
polyp,client1,Domain1,keypoint,103.h5,147456,52,104,12606,0.00035264756944444444,0.0007052951388888889,0.08548990885416667,1.0,0.004125019831826115,0.0,1.0
polyp,client1,Domain1,keypoint,104.h5,147456,52,104,17685,0.00035264756944444444,0.0007052951388888889,0.11993408203125,1.0,0.0029403449250777493,0.0,1.0
polyp,client1,Domain1,keypoint,105.h5,147456,52,104,21681,0.00035264756944444444,0.0007052951388888889,0.14703369140625,1.0,0.0023984133573174667,0.0,1.0
polyp,client1,Domain1,keypoint,107.h5,147456,52,104,27735,0.00035264756944444444,0.0007052951388888889,0.18809000651041666,1.0,0.0018748873264827835,0.0,1.0
polyp,client1,Domain1,keypoint,108.h5,147456,52,104,26394,0.00035264756944444444,0.0007052951388888889,0.17899576822916666,0.9807692307692307,0.001932257331211639,0.23076923076923078,0.75
polyp,client1,Domain1,keypoint,109.h5,147456,52,104,24252,0.00035264756944444444,0.0007052951388888889,0.16446940104166666,1.0,0.0021441530595414813,0.23076923076923078,0.7692307692307693
polyp,client1,Domain1,keypoint,11.h5,147456,52,104,23484,0.00035264756944444444,0.0007052951388888889,0.15926106770833334,1.0,0.0022142735479475386,0.25,0.75
polyp,client1,Domain1,keypoint,110.h5,147456,52,104,33840,0.00035264756944444444,0.0007052951388888889,0.2294921875,1.0,0.0015366430260047282,0.25,0.75
polyp,client1,Domain1,keypoint,111.h5,147456,52,104,34186,0.00035264756944444444,0.0007052951388888889,0.2318386501736111,1.0,0.0015210905048850406,0.17307692307692307,0.8269230769230769
polyp,client1,Domain1,keypoint,112.h5,147456,52,104,34335,0.00035264756944444444,0.0007052951388888889,0.23284912109375,0.9230769230769231,0.001397990388816077,0.17307692307692307,0.75
polyp,client1,Domain1,keypoint,113.h5,147456,52,104,34559,0.00035264756944444444,0.0007052951388888889,0.2343682183159722,1.0,0.001504673167626378,0.0,1.0
polyp,client1,Domain1,keypoint,114.h5,147456,52,104,36003,0.00035264756944444444,0.0007052951388888889,0.24416097005208334,1.0,0.0014443240841041025,0.0,1.0
polyp,client1,Domain1,keypoint,115.h5,147456,52,92,19807,0.00035264756944444444,0.0006239149305555555,0.13432481553819445,1.0,0.0026253344777099007,0.019230769230769232,0.9807692307692307
polyp,client1,Domain1,keypoint,116.h5,147456,52,104,20959,0.00035264756944444444,0.0007052951388888889,0.14213731553819445,0.9230769230769231,0.002290185600458037,0.6730769230769231,0.25
polyp,client1,Domain1,keypoint,117.h5,147456,52,104,18173,0.00035264756944444444,0.0007052951388888889,0.12324354383680555,1.0,0.0028613877730699388,0.17307692307692307,0.8269230769230769
polyp,client1,Domain1,keypoint,118.h5,147456,65,169,20703,0.00044080946180555556,0.0011461046006944445,0.14040120442708334,0.8307692307692308,0.002608317635125344,0.046153846153846156,0.7846153846153846
polyp,client1,Domain1,keypoint,12.h5,147456,52,103,34073,0.00035264756944444444,0.0006985134548611111,0.2310723198784722,1.0,0.0015261350629530714,0.0,1.0
polyp,client1,Domain1,keypoint,120.h5,147456,52,100,22572,0.00035264756944444444,0.0006781684027777778,0.153076171875,1.0,0.002303739145844409,0.23076923076923078,0.7692307692307693
polyp,client1,Domain1,keypoint,121.h5,147456,52,92,22816,0.00035264756944444444,0.0006239149305555555,0.1547309027777778,1.0,0.002279102384291725,0.17307692307692307,0.8269230769230769
polyp,client1,Domain1,keypoint,122.h5,147456,52,92,22491,0.00035264756944444444,0.0006239149305555555,0.15252685546875,1.0,0.0023120359254813036,0.0,1.0
polyp,client1,Domain1,keypoint,123.h5,147456,52,100,20482,0.00035264756944444444,0.0006781684027777778,0.13890245225694445,1.0,0.002538814568889757,0.4807692307692308,0.5192307692307693
polyp,client1,Domain1,keypoint,124.h5,147456,52,103,22525,0.00035264756944444444,0.0006985134548611111,0.15275743272569445,1.0,0.0023085460599334075,0.0,1.0
polyp,client1,Domain1,keypoint,125.h5,147456,52,104,13836,0.00035264756944444444,0.0007052951388888889,0.09383138020833333,1.0,0.0037583116507661175,0.0,1.0
polyp,client1,Domain1,keypoint,126.h5,147456,52,104,14048,0.00035264756944444444,0.0007052951388888889,0.09526909722222222,1.0,0.003701594533029613,0.0,1.0
polyp,client1,Domain1,keypoint,127.h5,147456,52,104,6828,0.00035264756944444444,0.0007052951388888889,0.046305338541666664,1.0,0.007615700058582308,0.0,1.0
polyp,client1,Domain1,keypoint,128.h5,147456,52,104,8220,0.00035264756944444444,0.0007052951388888889,0.055745442708333336,1.0,0.006326034063260341,0.0,1.0
polyp,client1,Domain1,keypoint,129.h5,147456,52,104,10531,0.00035264756944444444,0.0007052951388888889,0.07141791449652778,1.0,0.004937802677808375,0.0,1.0
polyp,client1,Domain1,keypoint,13.h5,147456,52,100,18621,0.00035264756944444444,0.0006781684027777778,0.12628173828125,0.9807692307692307,0.0027388432415015305,0.23076923076923078,0.75
polyp,client1,Domain1,keypoint,130.h5,147456,52,104,13685,0.00035264756944444444,0.0007052951388888889,0.0928073459201389,1.0,0.0037997807818779686,0.0,1.0
polyp,client1,Domain1,keypoint,131.h5,147456,52,104,14110,0.00035264756944444444,0.0007052951388888889,0.09568956163194445,1.0,0.00368532955350815,0.0,1.0
polyp,client1,Domain1,keypoint,132.h5,147456,52,104,7154,0.00035264756944444444,0.0007052951388888889,0.048516167534722224,1.0,0.00726866088901314,0.0,1.0
polyp,client1,Domain1,keypoint,133.h5,147456,52,104,10251,0.00035264756944444444,0.0007052951388888889,0.06951904296875,1.0,0.005072675836503756,0.0,1.0
polyp,client1,Domain1,keypoint,135.h5,147456,52,100,21075,0.00035264756944444444,0.0006781684027777778,0.14292399088541666,1.0,0.0024673784104389087,0.019230769230769232,0.9807692307692307
polyp,client1,Domain1,keypoint,136.h5,147456,52,100,17836,0.00035264756944444444,0.0006781684027777778,0.12095811631944445,0.9807692307692307,0.002859385512446737,0.23076923076923078,0.75
polyp,client1,Domain1,keypoint,137.h5,147456,52,100,15523,0.00035264756944444444,0.0006781684027777778,0.10527208116319445,0.9807692307692307,0.0032854474006313215,0.23076923076923078,0.75
polyp,client1,Domain1,keypoint,138.h5,147456,52,104,23943,0.00035264756944444444,0.0007052951388888889,0.16237386067708334,1.0,0.002171824750448983,0.0,1.0
polyp,client1,Domain1,keypoint,139.h5,147456,52,104,27173,0.00035264756944444444,0.0007052951388888889,0.18427870008680555,1.0,0.0019136642991204504,0.0,1.0
polyp,client1,Domain1,keypoint,140.h5,147456,52,104,30396,0.00035264756944444444,0.0007052951388888889,0.20613606770833334,1.0,0.0017107514146598236,0.0,1.0
polyp,client1,Domain1,keypoint,141.h5,147456,52,104,38904,0.00035264756944444444,0.0007052951388888889,0.2638346354166667,1.0,0.0013366234834464323,0.0,1.0
polyp,client1,Domain1,keypoint,142.h5,147456,52,104,32756,0.00035264756944444444,0.0007052951388888889,0.2221408420138889,1.0,0.0015874954206862866,0.0,1.0
polyp,client1,Domain1,keypoint,143.h5,147456,52,104,6074,0.00035264756944444444,0.0007052951388888889,0.041191948784722224,1.0,0.008561080013170892,0.07692307692307693,0.9230769230769231
polyp,client1,Domain1,keypoint,144.h5,147456,52,104,22012,0.00035264756944444444,0.0007052951388888889,0.14927842881944445,1.0,0.002362347810285299,0.0,1.0
polyp,client1,Domain1,keypoint,145.h5,147456,52,104,30048,0.00035264756944444444,0.0007052951388888889,0.20377604166666666,1.0,0.0017305644302449414,0.0,1.0
polyp,client1,Domain1,keypoint,146.h5,147456,52,104,29912,0.00035264756944444444,0.0007052951388888889,0.2028537326388889,1.0,0.0017384327360256753,0.0,1.0
polyp,client1,Domain1,keypoint,147.h5,147456,52,104,18008,0.00035264756944444444,0.0007052951388888889,0.12212456597222222,1.0,0.0028876055086628164,0.0,1.0
polyp,client1,Domain1,keypoint,149.h5,147456,52,104,12272,0.00035264756944444444,0.0007052951388888889,0.0832248263888889,1.0,0.00423728813559322,0.0,1.0
polyp,client1,Domain1,keypoint,15.h5,147456,52,100,48220,0.00035264756944444444,0.0006781684027777778,0.3270128038194444,0.9807692307692307,0.0010576524263790957,0.23076923076923078,0.75
polyp,client1,Domain1,keypoint,150.h5,147456,52,104,11331,0.00035264756944444444,0.0007052951388888889,0.07684326171875,1.0,0.0045891801253199185,0.0,1.0
polyp,client1,Domain1,keypoint,151.h5,147456,52,104,9140,0.00035264756944444444,0.0007052951388888889,0.06198459201388889,1.0,0.0056892778993435445,0.07692307692307693,0.9230769230769231
polyp,client1,Domain1,keypoint,152.h5,147456,52,104,27602,0.00035264756944444444,0.0007052951388888889,0.1871880425347222,1.0,0.0018839214549670313,0.0,1.0
polyp,client1,Domain1,keypoint,153.h5,147456,52,104,8431,0.00035264756944444444,0.0007052951388888889,0.05717637803819445,1.0,0.006167714387379907,0.0,1.0
polyp,client1,Domain1,keypoint,155.h5,147456,52,104,2239,0.00035264756944444444,0.0007052951388888889,0.015184190538194444,1.0,0.023224653863331845,0.019230769230769232,0.9807692307692307
polyp,client1,Domain1,keypoint,156.h5,147456,52,104,6262,0.00035264756944444444,0.0007052951388888889,0.04246690538194445,1.0,0.00830405621207282,0.0,1.0
polyp,client1,Domain1,keypoint,157.h5,147456,52,104,10001,0.00035264756944444444,0.0007052951388888889,0.06782362196180555,1.0,0.0051994800519948,0.0,1.0
polyp,client1,Domain1,keypoint,158.h5,147456,52,104,5988,0.00035264756944444444,0.0007052951388888889,0.040608723958333336,1.0,0.008684034736138945,0.0,1.0
polyp,client1,Domain1,keypoint,159.h5,147456,52,104,2411,0.00035264756944444444,0.0007052951388888889,0.016350640190972224,1.0,0.021567814184985483,0.0,1.0
polyp,client1,Domain1,keypoint,16.h5,147456,52,100,10499,0.00035264756944444444,0.0006781684027777778,0.0712009006076389,0.9807692307692307,0.004857605486236784,0.23076923076923078,0.75
polyp,client1,Domain1,keypoint,160.h5,147456,52,104,10943,0.00035264756944444444,0.0007052951388888889,0.07421196831597222,1.0,0.004751896189344787,0.0,1.0
polyp,client1,Domain1,keypoint,161.h5,147456,52,104,4219,0.00035264756944444444,0.0007052951388888889,0.028611924913194444,1.0,0.012325195543967766,0.019230769230769232,0.9807692307692307
polyp,client1,Domain1,keypoint,162.h5,147456,52,104,6812,0.00035264756944444444,0.0007052951388888889,0.046196831597222224,1.0,0.007633587786259542,0.0,1.0
polyp,client1,Domain1,keypoint,164.h5,147456,52,104,4220,0.00035264756944444444,0.0007052951388888889,0.028618706597222224,1.0,0.012322274881516588,0.25,0.75
polyp,client1,Domain1,keypoint,165.h5,147456,52,104,9799,0.00035264756944444444,0.0007052951388888889,0.06645372178819445,1.0,0.005306663945300541,0.0,1.0
polyp,client1,Domain1,keypoint,167.h5,147456,52,104,4673,0.00035264756944444444,0.0007052951388888889,0.03169080946180555,1.0,0.011127755189385833,0.0,1.0
polyp,client1,Domain1,keypoint,168.h5,147456,65,169,6608,0.00044080946180555556,0.0011461046006944445,0.04481336805555555,0.8153846153846154,0.008020581113801453,0.015384615384615385,0.8
polyp,client1,Domain1,keypoint,169.h5,147456,52,104,8825,0.00035264756944444444,0.0007052951388888889,0.05984836154513889,1.0,0.005892351274787535,0.0,1.0
polyp,client1,Domain1,keypoint,17.h5,147456,52,100,19867,0.00035264756944444444,0.0006781684027777778,0.1347317165798611,0.9230769230769231,0.0024160668445160315,0.17307692307692307,0.75
polyp,client1,Domain1,keypoint,170.h5,147456,52,104,6224,0.00035264756944444444,0.0007052951388888889,0.04220920138888889,1.0,0.008354755784061696,0.0,1.0
polyp,client1,Domain1,keypoint,172.h5,147456,52,104,4155,0.00035264756944444444,0.0007052951388888889,0.028177897135416668,1.0,0.012515042117930204,0.0,1.0
polyp,client1,Domain1,keypoint,173.h5,147456,52,104,14526,0.00035264756944444444,0.0007052951388888889,0.0985107421875,1.0,0.0035797879664050667,0.0,1.0
polyp,client1,Domain1,keypoint,174.h5,147456,52,104,15434,0.00035264756944444444,0.0007052951388888889,0.10466851128472222,1.0,0.0033691849164182975,0.0,1.0
polyp,client1,Domain1,keypoint,175.h5,147456,52,92,20267,0.00035264756944444444,0.0006239149305555555,0.1374443901909722,1.0,0.0025657472738935213,0.0,1.0
polyp,client1,Domain1,keypoint,176.h5,147456,52,104,17038,0.00035264756944444444,0.0007052951388888889,0.11554633246527778,1.0,0.0030520014086160346,0.6538461538461539,0.34615384615384615
polyp,client1,Domain1,keypoint,177.h5,147456,52,100,10910,0.00035264756944444444,0.0006781684027777778,0.07398817274305555,1.0,0.004766269477543538,0.0,1.0
polyp,client1,Domain1,keypoint,178.h5,147456,52,104,567,0.00035264756944444444,0.0007052951388888889,0.00384521484375,1.0,0.09171075837742504,0.5,0.5
polyp,client1,Domain1,keypoint,18.h5,147456,52,100,15503,0.00035264756944444444,0.0006781684027777778,0.1051364474826389,0.9230769230769231,0.0030961749338837643,0.17307692307692307,0.75
polyp,client1,Domain1,keypoint,180.h5,147456,52,104,4523,0.00035264756944444444,0.0007052951388888889,0.030673556857638888,1.0,0.01149679416316604,0.0,1.0
polyp,client1,Domain1,keypoint,182.h5,147456,52,104,4681,0.00035264756944444444,0.0007052951388888889,0.031745062934027776,1.0,0.011108737449262978,0.0,1.0
polyp,client1,Domain1,keypoint,183.h5,147456,52,104,4360,0.00035264756944444444,0.0007052951388888889,0.029568142361111112,1.0,0.011926605504587157,0.0,1.0
polyp,client1,Domain1,keypoint,184.h5,147456,65,169,4219,0.00044080946180555556,0.0011461046006944445,0.028611924913194444,0.8307692307692308,0.012799241526428064,0.03076923076923077,0.8
polyp,client1,Domain1,keypoint,186.h5,147456,52,104,10862,0.00035264756944444444,0.0007052951388888889,0.07366265190972222,1.0,0.00478733198306021,0.0,1.0
polyp,client1,Domain1,keypoint,187.h5,147456,52,104,17496,0.00035264756944444444,0.0007052951388888889,0.11865234375,1.0,0.002972107910379515,0.0,1.0
polyp,client1,Domain1,keypoint,188.h5,147456,52,104,17635,0.00035264756944444444,0.0007052951388888889,0.1195949978298611,1.0,0.0029486815990927132,0.0,1.0
polyp,client1,Domain1,keypoint,189.h5,147456,52,104,6865,0.00035264756944444444,0.0007052951388888889,0.04655626085069445,1.0,0.007574654042243263,0.0,1.0
polyp,client1,Domain1,keypoint,19.h5,147456,52,100,24069,0.00035264756944444444,0.0006781684027777778,0.16322835286458334,0.9230769230769231,0.001994266483858906,0.17307692307692307,0.75
polyp,client1,Domain1,keypoint,190.h5,147456,52,104,4502,0.00035264756944444444,0.0007052951388888889,0.030531141493055556,1.0,0.011550422034651266,0.0,1.0
polyp,client1,Domain1,keypoint,192.h5,147456,52,104,1920,0.00035264756944444444,0.0007052951388888889,0.013020833333333334,1.0,0.027083333333333334,0.038461538461538464,0.9615384615384616
polyp,client1,Domain1,keypoint,193.h5,147456,52,104,3159,0.00035264756944444444,0.0007052951388888889,0.02142333984375,1.0,0.01646090534979424,0.0,1.0
polyp,client1,Domain1,keypoint,194.h5,147456,52,104,6389,0.00035264756944444444,0.0007052951388888889,0.043328179253472224,1.0,0.00813898888714979,0.0,1.0
polyp,client1,Domain1,keypoint,195.h5,147456,52,104,5802,0.00035264756944444444,0.0007052951388888889,0.039347330729166664,1.0,0.008962426749396759,0.0,1.0
polyp,client1,Domain1,keypoint,196.h5,147456,52,104,5835,0.00035264756944444444,0.0007052951388888889,0.039571126302083336,1.0,0.008911739502999142,0.0,1.0
polyp,client1,Domain1,keypoint,197.h5,147456,52,104,6275,0.00035264756944444444,0.0007052951388888889,0.04255506727430555,1.0,0.008286852589641434,0.019230769230769232,0.9807692307692307
polyp,client1,Domain1,keypoint,198.h5,147456,52,104,5946,0.00035264756944444444,0.0007052951388888889,0.040323893229166664,1.0,0.008745375042045072,0.0,1.0
polyp,client1,Domain1,keypoint,199.h5,147456,52,104,5833,0.00035264756944444444,0.0007052951388888889,0.039557562934027776,1.0,0.00891479513115035,0.0,1.0
polyp,client1,Domain1,keypoint,2.h5,147456,52,100,27316,0.00035264756944444444,0.0006781684027777778,0.1852484809027778,0.9230769230769231,0.0017572118904671254,0.17307692307692307,0.75
polyp,client1,Domain1,keypoint,20.h5,147456,52,100,24054,0.00035264756944444444,0.0006781684027777778,0.16312662760416666,1.0,0.0021618026107923837,0.38461538461538464,0.6153846153846154
polyp,client1,Domain1,keypoint,200.h5,147456,52,104,7766,0.00035264756944444444,0.0007052951388888889,0.052666558159722224,1.0,0.006695853721349472,0.0,1.0
polyp,client1,Domain1,keypoint,201.h5,147456,65,169,7864,0.00044080946180555556,0.0011461046006944445,0.05333116319444445,0.8307692307692308,0.006866734486266531,0.03076923076923077,0.8
polyp,client1,Domain1,keypoint,202.h5,147456,52,104,7276,0.00035264756944444444,0.0007052951388888889,0.04934353298611111,1.0,0.007146783947223749,0.0,1.0
polyp,client1,Domain1,keypoint,203.h5,147456,52,104,6650,0.00035264756944444444,0.0007052951388888889,0.045098198784722224,1.0,0.007819548872180452,0.25,0.75
polyp,client1,Domain1,keypoint,204.h5,147456,52,104,4686,0.00035264756944444444,0.0007052951388888889,0.031778971354166664,1.0,0.011096884336320957,0.11538461538461539,0.8846153846153846
polyp,client1,Domain1,keypoint,206.h5,147456,52,104,11524,0.00035264756944444444,0.0007052951388888889,0.0781521267361111,1.0,0.004512322110378341,0.11538461538461539,0.8846153846153846
polyp,client1,Domain1,keypoint,207.h5,147456,52,104,11630,0.00035264756944444444,0.0007052951388888889,0.07887098524305555,1.0,0.004471195184866724,0.3269230769230769,0.6730769230769231
polyp,client1,Domain1,keypoint,208.h5,147456,52,104,5548,0.00035264756944444444,0.0007052951388888889,0.03762478298611111,1.0,0.009372746935832732,0.038461538461538464,0.9615384615384616
polyp,client1,Domain1,keypoint,209.h5,147456,52,104,3783,0.00035264756944444444,0.0007052951388888889,0.025655110677083332,1.0,0.013745704467353952,0.28846153846153844,0.7115384615384616
polyp,client1,Domain1,keypoint,210.h5,147456,52,104,37421,0.00035264756944444444,0.0007052951388888889,0.2537773980034722,1.0,0.0013895940781913899,0.0,1.0
polyp,client1,Domain1,keypoint,211.h5,147456,52,104,28950,0.00035264756944444444,0.0007052951388888889,0.19632975260416666,1.0,0.0017962003454231434,0.0,1.0
polyp,client1,Domain1,keypoint,212.h5,147456,52,104,22742,0.00035264756944444444,0.0007052951388888889,0.1542290581597222,1.0,0.0022865183361181953,0.0,1.0
polyp,client1,Domain1,keypoint,213.h5,147456,65,169,21587,0.00044080946180555556,0.0011461046006944445,0.1463962131076389,0.8153846153846154,0.002455181359151341,0.015384615384615385,0.8
polyp,client1,Domain1,keypoint,214.h5,147456,65,169,14158,0.00044080946180555556,0.0011461046006944445,0.09601508246527778,0.8307692307692308,0.0038140980364458257,0.03076923076923077,0.8
polyp,client1,Domain1,keypoint,215.h5,147456,52,100,13598,0.00035264756944444444,0.0006781684027777778,0.09221733940972222,0.9230769230769231,0.003529930872187086,0.17307692307692307,0.75
polyp,client1,Domain1,keypoint,216.h5,147456,52,104,16386,0.00035264756944444444,0.0007052951388888889,0.11112467447916667,1.0,0.003173440742096912,0.0,1.0
polyp,client1,Domain1,keypoint,217.h5,147456,52,104,14765,0.00035264756944444444,0.0007052951388888889,0.1001315646701389,1.0,0.003521842194378598,0.0,1.0
polyp,client1,Domain1,keypoint,218.h5,147456,52,104,11495,0.00035264756944444444,0.0007052951388888889,0.07795545789930555,1.0,0.004523705959112658,0.0,1.0
polyp,client1,Domain1,keypoint,219.h5,147456,52,104,9403,0.00035264756944444444,0.0007052951388888889,0.06376817491319445,1.0,0.005530149952142933,0.0,1.0
polyp,client1,Domain1,keypoint,22.h5,147456,52,100,71430,0.00035264756944444444,0.0006781684027777778,0.4844156901041667,1.0,0.0007279854402911941,0.17307692307692307,0.8269230769230769
polyp,client1,Domain1,keypoint,220.h5,147456,52,104,6585,0.00035264756944444444,0.0007052951388888889,0.044657389322916664,1.0,0.007896735003796507,0.0,1.0
polyp,client1,Domain1,keypoint,221.h5,147456,52,104,5407,0.00035264756944444444,0.0007052951388888889,0.03666856553819445,1.0,0.009617162936933604,0.0,1.0
polyp,client1,Domain1,keypoint,222.h5,147456,52,104,4602,0.00035264756944444444,0.0007052951388888889,0.031209309895833332,1.0,0.011299435028248588,0.0,1.0
polyp,client1,Domain1,keypoint,223.h5,147456,52,104,4464,0.00035264756944444444,0.0007052951388888889,0.0302734375,1.0,0.011648745519713262,0.0,1.0
polyp,client1,Domain1,keypoint,224.h5,147456,52,104,3580,0.00035264756944444444,0.0007052951388888889,0.024278428819444444,1.0,0.01452513966480447,0.0,1.0
polyp,client1,Domain1,keypoint,225.h5,147456,52,104,4461,0.00035264756944444444,0.0007052951388888889,0.030253092447916668,1.0,0.01165657924232235,0.0,1.0
polyp,client1,Domain1,keypoint,226.h5,147456,52,103,6975,0.00035264756944444444,0.0006985134548611111,0.04730224609375,1.0,0.0074551971326164874,0.0,1.0
polyp,client1,Domain1,keypoint,227.h5,147456,52,104,4013,0.00035264756944444444,0.0007052951388888889,0.027214898003472224,1.0,0.01295788686768004,0.07692307692307693,0.9230769230769231
polyp,client1,Domain1,keypoint,228.h5,147456,52,104,11265,0.00035264756944444444,0.0007052951388888889,0.07639567057291667,1.0,0.00461606746560142,0.0,1.0
polyp,client1,Domain1,keypoint,229.h5,147456,52,104,11253,0.00035264756944444444,0.0007052951388888889,0.07631429036458333,1.0,0.00462098995823336,0.038461538461538464,0.9615384615384616
polyp,client1,Domain1,keypoint,23.h5,147456,52,100,35816,0.00035264756944444444,0.0006781684027777778,0.2428927951388889,0.9230769230769231,0.0013401831583649765,0.28846153846153844,0.6346153846153846
polyp,client1,Domain1,keypoint,230.h5,147456,52,104,29624,0.00035264756944444444,0.0007052951388888889,0.2009006076388889,1.0,0.0017553335133675399,0.0,1.0
polyp,client1,Domain1,keypoint,231.h5,147456,73,177,25622,0.0004950629340277778,0.0012003580729166667,0.1737603081597222,0.7671232876712328,0.0021856217313246428,0.0547945205479452,0.7123287671232876
polyp,client1,Domain1,keypoint,232.h5,147456,52,100,23794,0.00035264756944444444,0.0006781684027777778,0.16136338975694445,0.9807692307692307,0.002143397495166849,0.23076923076923078,0.75
polyp,client1,Domain1,keypoint,233.h5,147456,52,100,24405,0.00035264756944444444,0.0006781684027777778,0.16550699869791666,1.0,0.0021307109198934644,0.17307692307692307,0.8269230769230769
polyp,client1,Domain1,keypoint,234.h5,147456,52,100,21547,0.00035264756944444444,0.0006781684027777778,0.1461249457465278,1.0,0.0024133290017171764,0.17307692307692307,0.8269230769230769
polyp,client1,Domain1,keypoint,235.h5,147456,52,92,19053,0.00035264756944444444,0.0006239149305555555,0.12921142578125,1.0,0.0027292289928095314,0.0,1.0
polyp,client1,Domain1,keypoint,236.h5,147456,52,100,15415,0.00035264756944444444,0.0006781684027777778,0.10453965928819445,0.9230769230769231,0.0031138501459617254,0.17307692307692307,0.75
polyp,client1,Domain1,keypoint,237.h5,147456,52,104,18381,0.00035264756944444444,0.0007052951388888889,0.12465413411458333,1.0,0.0028290082150046244,0.0,1.0
polyp,client1,Domain1,keypoint,238.h5,147456,52,104,17576,0.00035264756944444444,0.0007052951388888889,0.11919487847222222,1.0,0.0029585798816568047,0.0,1.0
polyp,client1,Domain1,keypoint,239.h5,147456,52,104,17718,0.00035264756944444444,0.0007052951388888889,0.12015787760416667,1.0,0.0029348684953154985,0.0,1.0
polyp,client1,Domain1,keypoint,24.h5,147456,52,100,30194,0.00035264756944444444,0.0006781684027777778,0.2047661675347222,0.9038461538461539,0.00155660064913559,0.40384615384615385,0.5
polyp,client1,Domain1,keypoint,241.h5,147456,65,169,18557,0.00044080946180555556,0.0011461046006944445,0.1258477105034722,0.8307692307692308,0.002909953117421997,0.03076923076923077,0.8
polyp,client1,Domain1,keypoint,242.h5,147456,52,100,17539,0.00035264756944444444,0.0006781684027777778,0.11894395616319445,1.0,0.00296482125548777,0.0,1.0
polyp,client1,Domain1,keypoint,243.h5,147456,52,104,13505,0.00035264756944444444,0.0007052951388888889,0.0915866427951389,1.0,0.0038504257682339875,0.0,1.0
polyp,client1,Domain1,keypoint,244.h5,147456,52,104,12551,0.00035264756944444444,0.0007052951388888889,0.0851169162326389,1.0,0.0041430961676360446,0.0,1.0
polyp,client1,Domain1,keypoint,245.h5,147456,52,104,10480,0.00035264756944444444,0.0007052951388888889,0.0710720486111111,1.0,0.004961832061068702,0.07692307692307693,0.9230769230769231
polyp,client1,Domain1,keypoint,246.h5,147456,52,100,16385,0.00035264756944444444,0.0006781684027777778,0.1111178927951389,0.9423076923076923,0.0029905401281660055,0.4423076923076923,0.5
polyp,client1,Domain1,keypoint,247.h5,147456,52,100,20007,0.00035264756944444444,0.0006781684027777778,0.13568115234375,1.0,0.002599090318388564,0.0,1.0
polyp,client1,Domain1,keypoint,248.h5,147456,52,100,17822,0.00035264756944444444,0.0006781684027777778,0.12086317274305555,1.0,0.002917742116485243,0.0,1.0
polyp,client1,Domain1,keypoint,249.h5,147456,52,100,14228,0.00035264756944444444,0.0006781684027777778,0.09648980034722222,1.0,0.003654765251616531,0.0,1.0
polyp,client1,Domain1,keypoint,250.h5,147456,52,100,13565,0.00035264756944444444,0.0006781684027777778,0.09199354383680555,1.0,0.003833394765941762,0.0,1.0
polyp,client1,Domain1,keypoint,252.h5,147456,52,104,15125,0.00035264756944444444,0.0007052951388888889,0.1025729709201389,1.0,0.00343801652892562,0.0,1.0
polyp,client1,Domain1,keypoint,253.h5,147456,52,104,32897,0.00035264756944444444,0.0007052951388888889,0.22309705946180555,1.0,0.0015806912484421071,0.0,1.0
polyp,client1,Domain1,keypoint,254.h5,147456,52,100,31257,0.00035264756944444444,0.0006781684027777778,0.21197509765625,1.0,0.0016636273474741657,0.0,1.0
polyp,client1,Domain1,keypoint,255.h5,147456,52,100,28146,0.00035264756944444444,0.0006781684027777778,0.19087727864583334,1.0,0.001847509415192212,0.25,0.75
polyp,client1,Domain1,keypoint,256.h5,147456,52,100,29926,0.00035264756944444444,0.0006781684027777778,0.2029486762152778,0.9230769230769231,0.001603956425850431,0.17307692307692307,0.75
polyp,client1,Domain1,keypoint,257.h5,147456,52,104,35785,0.00035264756944444444,0.0007052951388888889,0.2426825629340278,1.0,0.0014531228168226911,0.0,1.0
polyp,client1,Domain1,keypoint,258.h5,147456,78,234,31626,0.0005289713541666666,0.0015869140625,0.2144775390625,0.717948717948718,0.0017706949977866313,0.05128205128205128,0.6666666666666666
polyp,client1,Domain1,keypoint,259.h5,147456,52,104,32355,0.00035264756944444444,0.0007052951388888889,0.21942138671875,1.0,0.0016071704527893678,0.0,1.0
polyp,client1,Domain1,keypoint,26.h5,147456,52,104,1947,0.00035264756944444444,0.0007052951388888889,0.013203938802083334,0.9230769230769231,0.02465331278890601,0.36538461538461536,0.5576923076923077
polyp,client1,Domain1,keypoint,260.h5,147456,52,100,31942,0.00035264756944444444,0.0006781684027777778,0.2166205512152778,1.0,0.0016279506605722874,0.0,1.0
polyp,client1,Domain1,keypoint,261.h5,147456,52,100,28569,0.00035264756944444444,0.0006781684027777778,0.19374593098958334,1.0,0.0018201547131506178,0.019230769230769232,0.9807692307692307
polyp,client1,Domain1,keypoint,262.h5,147456,52,100,20182,0.00035264756944444444,0.0006781684027777778,0.1368679470486111,1.0,0.0025765533643841046,0.0,1.0
polyp,client1,Domain1,keypoint,263.h5,147456,52,100,15006,0.00035264756944444444,0.0006781684027777778,0.10176595052083333,1.0,0.0034652805544448887,0.019230769230769232,0.9807692307692307
polyp,client1,Domain1,keypoint,264.h5,147456,52,100,33739,0.00035264756944444444,0.0006781684027777778,0.22880723741319445,1.0,0.0015412430718159992,0.0,1.0
polyp,client1,Domain1,keypoint,265.h5,147456,52,100,34066,0.00035264756944444444,0.0006781684027777778,0.2310248480902778,1.0,0.0015264486584864675,0.0,1.0
polyp,client1,Domain1,keypoint,267.h5,147456,52,104,25491,0.00035264756944444444,0.0007052951388888889,0.17287190755208334,1.0,0.0020399356635675335,0.19230769230769232,0.8076923076923077
polyp,client1,Domain1,keypoint,268.h5,147456,52,104,33024,0.00035264756944444444,0.0007052951388888889,0.22395833333333334,0.9807692307692307,0.0015443313953488371,0.25,0.7307692307692307
polyp,client1,Domain1,keypoint,269.h5,147456,52,100,24073,0.00035264756944444444,0.0006781684027777778,0.16325547960069445,1.0,0.0021600963735305114,0.019230769230769232,0.9807692307692307
polyp,client1,Domain1,keypoint,27.h5,147456,52,104,1987,0.00035264756944444444,0.0007052951388888889,0.013475206163194444,0.9807692307692307,0.025666834423754403,0.34615384615384615,0.6346153846153846
polyp,client1,Domain1,keypoint,270.h5,147456,65,165,28244,0.00044080946180555556,0.0011189778645833333,0.19154188368055555,0.8153846153846154,0.0018765047443704858,0.015384615384615385,0.8
polyp,client1,Domain1,keypoint,271.h5,147456,52,100,39226,0.00035264756944444444,0.0006781684027777778,0.2660183376736111,1.0,0.0013256513536939786,0.17307692307692307,0.8269230769230769
polyp,client1,Domain1,keypoint,272.h5,147456,52,104,46958,0.00035264756944444444,0.0007052951388888889,0.3184543185763889,0.9230769230769231,0.0010221900421653392,0.17307692307692307,0.75
polyp,client1,Domain1,keypoint,273.h5,147456,52,104,41208,0.00035264756944444444,0.0007052951388888889,0.2794596354166667,1.0,0.0012618908949718502,0.0,1.0
polyp,client1,Domain1,keypoint,274.h5,147456,52,104,43316,0.00035264756944444444,0.0007052951388888889,0.2937554253472222,1.0,0.0012004801920768306,0.0,1.0
polyp,client1,Domain1,keypoint,275.h5,147456,52,100,34584,0.00035264756944444444,0.0006781684027777778,0.23453776041666666,1.0,0.001503585473051122,0.0,1.0
polyp,client1,Domain1,keypoint,276.h5,147456,52,100,29350,0.00035264756944444444,0.0006781684027777778,0.1990424262152778,1.0,0.0017717206132879047,0.25,0.75
polyp,client1,Domain1,keypoint,277.h5,147456,52,100,20260,0.00035264756944444444,0.0006781684027777778,0.1373969184027778,1.0,0.002566633761105627,0.0,1.0
polyp,client1,Domain1,keypoint,278.h5,147456,52,104,3167,0.00035264756944444444,0.0007052951388888889,0.021477593315972224,1.0,0.016419324281654563,0.07692307692307693,0.9230769230769231
polyp,client1,Domain1,keypoint,28.h5,147456,52,104,4916,0.00035264756944444444,0.0007052951388888889,0.03333875868055555,1.0,0.010577705451586655,0.09615384615384616,0.9038461538461539
polyp,client1,Domain1,keypoint,280.h5,147456,52,104,4250,0.00035264756944444444,0.0007052951388888889,0.028822157118055556,1.0,0.01223529411764706,0.0,1.0
polyp,client1,Domain1,keypoint,281.h5,147456,52,104,4854,0.00035264756944444444,0.0007052951388888889,0.032918294270833336,1.0,0.010712814173877214,0.019230769230769232,0.9807692307692307
polyp,client1,Domain1,keypoint,282.h5,147456,52,104,5450,0.00035264756944444444,0.0007052951388888889,0.03696017795138889,1.0,0.009541284403669725,0.0,1.0
polyp,client1,Domain1,keypoint,283.h5,147456,52,104,5433,0.00035264756944444444,0.0007052951388888889,0.036844889322916664,1.0,0.009571139333701455,0.019230769230769232,0.9807692307692307
polyp,client1,Domain1,keypoint,284.h5,147456,52,104,4114,0.00035264756944444444,0.0007052951388888889,0.027899848090277776,1.0,0.012639766650461837,0.17307692307692307,0.8269230769230769
polyp,client1,Domain1,keypoint,285.h5,147456,52,104,4523,0.00035264756944444444,0.0007052951388888889,0.030673556857638888,1.0,0.01149679416316604,0.0,1.0
polyp,client1,Domain1,keypoint,286.h5,147456,52,104,4965,0.00035264756944444444,0.0007052951388888889,0.033671061197916664,1.0,0.010473313192346425,0.019230769230769232,0.9807692307692307
polyp,client1,Domain1,keypoint,288.h5,147456,52,104,4939,0.00035264756944444444,0.0007052951388888889,0.03349473741319445,1.0,0.010528447054059526,0.25,0.75
polyp,client1,Domain1,keypoint,289.h5,147456,52,104,4321,0.00035264756944444444,0.0007052951388888889,0.029303656684027776,1.0,0.012034251330710484,0.0,1.0
polyp,client1,Domain1,keypoint,29.h5,147456,52,104,5906,0.00035264756944444444,0.0007052951388888889,0.04005262586805555,1.0,0.008804605485946495,0.0,1.0
polyp,client1,Domain1,keypoint,290.h5,147456,52,104,2520,0.00035264756944444444,0.0007052951388888889,0.01708984375,1.0,0.020634920634920634,0.15384615384615385,0.8461538461538461
polyp,client1,Domain1,keypoint,291.h5,147456,52,104,2194,0.00035264756944444444,0.0007052951388888889,0.014879014756944444,1.0,0.023701002734731084,0.019230769230769232,0.9807692307692307
polyp,client1,Domain1,keypoint,292.h5,147456,52,104,3219,0.00035264756944444444,0.0007052951388888889,0.021830240885416668,1.0,0.01615408511960236,0.07692307692307693,0.9230769230769231
polyp,client1,Domain1,keypoint,293.h5,147456,52,104,4856,0.00035264756944444444,0.0007052951388888889,0.03293185763888889,1.0,0.01070840197693575,0.0,1.0
polyp,client1,Domain1,keypoint,294.h5,147456,52,104,5054,0.00035264756944444444,0.0007052951388888889,0.03427463107638889,1.0,0.010288880094974277,0.0,1.0
polyp,client1,Domain1,keypoint,295.h5,147456,52,104,4761,0.00035264756944444444,0.0007052951388888889,0.03228759765625,1.0,0.010922075194286915,0.0,1.0
polyp,client1,Domain1,keypoint,296.h5,147456,52,104,3657,0.00035264756944444444,0.0007052951388888889,0.024800618489583332,1.0,0.014219305441618812,0.0,1.0
polyp,client1,Domain1,keypoint,297.h5,147456,52,104,3779,0.00035264756944444444,0.0007052951388888889,0.025627983940972224,1.0,0.013760254035459116,0.17307692307692307,0.8269230769230769
polyp,client1,Domain1,keypoint,298.h5,147456,52,104,9038,0.00035264756944444444,0.0007052951388888889,0.06129286024305555,1.0,0.005753485284354946,0.0,1.0
polyp,client1,Domain1,keypoint,299.h5,147456,52,104,4391,0.00035264756944444444,0.0007052951388888889,0.029778374565972224,1.0,0.011842404919152812,0.25,0.75
polyp,client1,Domain1,keypoint,3.h5,147456,52,100,26601,0.00035264756944444444,0.0006781684027777778,0.18039957682291666,0.9230769230769231,0.0018044434419758656,0.17307692307692307,0.75
polyp,client1,Domain1,keypoint,30.h5,147456,52,104,12028,0.00035264756944444444,0.0007052951388888889,0.0815700954861111,1.0,0.004323245759893582,0.0,1.0
polyp,client1,Domain1,keypoint,301.h5,147456,52,100,7967,0.00035264756944444444,0.0006781684027777778,0.05402967664930555,1.0,0.006526923559683696,0.038461538461538464,0.9615384615384616
polyp,client1,Domain1,keypoint,302.h5,147456,52,104,11843,0.00035264756944444444,0.0007052951388888889,0.08031548394097222,1.0,0.0043907793633369925,0.0,1.0
polyp,client1,Domain1,keypoint,303.h5,147456,52,104,13902,0.00035264756944444444,0.0007052951388888889,0.09427897135416667,1.0,0.0037404689972665803,0.0,1.0
polyp,client1,Domain1,keypoint,304.h5,147456,52,104,12964,0.00035264756944444444,0.0007052951388888889,0.0879177517361111,1.0,0.004011107682813947,0.0,1.0
polyp,client1,Domain1,keypoint,305.h5,147456,52,104,19082,0.00035264756944444444,0.0007052951388888889,0.12940809461805555,0.9807692307692307,0.002672675820144639,0.23076923076923078,0.75
polyp,client1,Domain1,keypoint,306.h5,147456,52,100,34299,0.00035264756944444444,0.0006781684027777778,0.23260498046875,1.0,0.0015160791859820987,0.0,1.0
polyp,client1,Domain1,keypoint,308.h5,147456,52,104,15359,0.00035264756944444444,0.0007052951388888889,0.1041598849826389,1.0,0.00338563708574777,0.0,1.0
polyp,client1,Domain1,keypoint,309.h5,147456,52,104,6897,0.00035264756944444444,0.0007052951388888889,0.046773274739583336,1.0,0.007539509931854429,0.0,1.0
polyp,client1,Domain1,keypoint,310.h5,147456,52,104,3385,0.00035264756944444444,0.0007052951388888889,0.022956000434027776,1.0,0.01536189069423929,0.0,1.0
polyp,client1,Domain1,keypoint,311.h5,147456,52,104,3828,0.00035264756944444444,0.0007052951388888889,0.025960286458333332,1.0,0.013584117032392894,0.1346153846153846,0.8653846153846154
polyp,client1,Domain1,keypoint,312.h5,147456,52,104,1701,0.00035264756944444444,0.0007052951388888889,0.01153564453125,0.9807692307692307,0.029982363315696647,0.34615384615384615,0.6346153846153846
polyp,client1,Domain1,keypoint,313.h5,147456,52,100,8841,0.00035264756944444444,0.0006781684027777778,0.059956868489583336,0.9807692307692307,0.005768578215134035,0.23076923076923078,0.75
polyp,client1,Domain1,keypoint,314.h5,147456,65,165,11542,0.00044080946180555556,0.0011189778645833333,0.0782741970486111,0.8153846153846154,0.00459192514295616,0.015384615384615385,0.8
polyp,client1,Domain1,keypoint,315.h5,147456,52,100,26777,0.00035264756944444444,0.0006781684027777778,0.18159315321180555,1.0,0.0019419651193188184,0.0,1.0
polyp,client1,Domain1,keypoint,316.h5,147456,52,100,42415,0.00035264756944444444,0.0006781684027777778,0.2876451280381944,1.0,0.0012259813745137333,0.0,1.0
polyp,client1,Domain1,keypoint,317.h5,147456,52,104,21310,0.00035264756944444444,0.0007052951388888889,0.14451768663194445,1.0,0.0024401689347724074,0.0,1.0
polyp,client1,Domain1,keypoint,318.h5,147456,52,104,3212,0.00035264756944444444,0.0007052951388888889,0.021782769097222224,1.0,0.0161892901618929,0.07692307692307693,0.9230769230769231
polyp,client1,Domain1,keypoint,319.h5,147456,52,104,3663,0.00035264756944444444,0.0007052951388888889,0.02484130859375,1.0,0.014196014196014196,0.17307692307692307,0.8269230769230769
polyp,client1,Domain1,keypoint,32.h5,147456,52,104,12728,0.00035264756944444444,0.0007052951388888889,0.08631727430555555,1.0,0.004085480829666876,0.038461538461538464,0.9615384615384616
polyp,client1,Domain1,keypoint,320.h5,147456,52,104,5750,0.00035264756944444444,0.0007052951388888889,0.038994683159722224,1.0,0.009043478260869564,0.07692307692307693,0.9230769230769231
polyp,client1,Domain1,keypoint,321.h5,147456,52,104,7980,0.00035264756944444444,0.0007052951388888889,0.054117838541666664,1.0,0.006516290726817042,0.0,1.0
polyp,client1,Domain1,keypoint,322.h5,147456,52,104,10754,0.00035264756944444444,0.0007052951388888889,0.07293023003472222,1.0,0.004835410079970244,0.0,1.0
polyp,client1,Domain1,keypoint,323.h5,147456,52,104,13164,0.00035264756944444444,0.0007052951388888889,0.08927408854166667,1.0,0.003950167122455181,0.0,1.0
polyp,client1,Domain1,keypoint,324.h5,147456,52,104,8537,0.00035264756944444444,0.0007052951388888889,0.05789523654513889,1.0,0.0060911327164109175,0.0,1.0
polyp,client1,Domain1,keypoint,325.h5,147456,52,104,6069,0.00035264756944444444,0.0007052951388888889,0.041158040364583336,1.0,0.008568133135607184,0.0,1.0
polyp,client1,Domain1,keypoint,326.h5,147456,52,104,5363,0.00035264756944444444,0.0007052951388888889,0.036370171440972224,1.0,0.009696065634905836,0.0,1.0
polyp,client1,Domain1,keypoint,327.h5,147456,52,104,4651,0.00035264756944444444,0.0007052951388888889,0.03154161241319445,1.0,0.011180391313695979,0.0,1.0
polyp,client1,Domain1,keypoint,328.h5,147456,52,104,5828,0.00035264756944444444,0.0007052951388888889,0.03952365451388889,1.0,0.008922443376801648,0.0,1.0
polyp,client1,Domain1,keypoint,329.h5,147456,52,104,6152,0.00035264756944444444,0.0007052951388888889,0.04172092013888889,1.0,0.008452535760728219,0.0,1.0
polyp,client1,Domain1,keypoint,33.h5,147456,52,104,14957,0.00035264756944444444,0.0007052951388888889,0.10143364800347222,1.0,0.0034766330146419736,0.0,1.0
polyp,client1,Domain1,keypoint,330.h5,147456,52,104,7805,0.00035264756944444444,0.0007052951388888889,0.05293104383680555,1.0,0.006662395900064061,0.0,1.0
polyp,client1,Domain1,keypoint,331.h5,147456,52,104,10306,0.00035264756944444444,0.0007052951388888889,0.06989203559027778,1.0,0.00504560450223171,0.0,1.0
polyp,client1,Domain1,keypoint,332.h5,147456,52,104,7579,0.00035264756944444444,0.0007052951388888889,0.051398383246527776,1.0,0.00686106346483705,0.0,1.0
polyp,client1,Domain1,keypoint,333.h5,147456,52,104,6828,0.00035264756944444444,0.0007052951388888889,0.046305338541666664,1.0,0.007615700058582308,0.0,1.0
polyp,client1,Domain1,keypoint,334.h5,147456,52,104,7352,0.00035264756944444444,0.0007052951388888889,0.049858940972222224,1.0,0.007072905331882481,0.0,1.0
polyp,client1,Domain1,keypoint,335.h5,147456,52,104,7837,0.00035264756944444444,0.0007052951388888889,0.05314805772569445,1.0,0.006635192037769555,0.0,1.0
polyp,client1,Domain1,keypoint,336.h5,147456,52,104,7118,0.00035264756944444444,0.0007052951388888889,0.048272026909722224,1.0,0.007305422871593144,0.0,1.0
polyp,client1,Domain1,keypoint,337.h5,147456,52,104,7727,0.00035264756944444444,0.0007052951388888889,0.05240207248263889,1.0,0.006729649281739356,0.0,1.0
polyp,client1,Domain1,keypoint,338.h5,147456,52,104,17298,0.00035264756944444444,0.0007052951388888889,0.1173095703125,1.0,0.0030061278760550353,0.0,1.0
polyp,client1,Domain1,keypoint,339.h5,147456,52,104,4073,0.00035264756944444444,0.0007052951388888889,0.027621799045138888,1.0,0.012767002209673459,0.0,1.0
polyp,client1,Domain1,keypoint,34.h5,147456,52,104,8769,0.00035264756944444444,0.0007052951388888889,0.059468587239583336,1.0,0.005929980613524917,0.07692307692307693,0.9230769230769231
polyp,client1,Domain1,keypoint,340.h5,147456,52,104,2495,0.00035264756944444444,0.0007052951388888889,0.016920301649305556,1.0,0.020841683366733466,0.07692307692307693,0.9230769230769231
polyp,client1,Domain1,keypoint,341.h5,147456,52,104,3230,0.00035264756944444444,0.0007052951388888889,0.021904839409722224,1.0,0.01609907120743034,0.17307692307692307,0.8269230769230769
polyp,client1,Domain1,keypoint,342.h5,147456,52,104,10641,0.00035264756944444444,0.0007052951388888889,0.07216389973958333,1.0,0.0048867587632741285,0.0,1.0
polyp,client1,Domain1,keypoint,343.h5,147456,52,92,9833,0.00035264756944444444,0.0006239149305555555,0.0666842990451389,1.0,0.005288314858130784,0.23076923076923078,0.7692307692307693
polyp,client1,Domain1,keypoint,344.h5,147456,52,92,18214,0.00035264756944444444,0.0006239149305555555,0.12352159288194445,0.9230769230769231,0.002635335456242451,0.17307692307692307,0.75
polyp,client1,Domain1,keypoint,345.h5,147456,65,156,16953,0.00044080946180555556,0.0010579427083333333,0.11496988932291667,0.8461538461538461,0.0032442635521736565,0.046153846153846156,0.8
polyp,client1,Domain1,keypoint,346.h5,147456,52,100,5148,0.00035264756944444444,0.0006781684027777778,0.034912109375,1.0,0.010101010101010102,0.40384615384615385,0.5961538461538461
polyp,client1,Domain1,keypoint,347.h5,147456,52,92,6721,0.00035264756944444444,0.0006239149305555555,0.04557969835069445,1.0,0.007736943907156673,0.0,1.0
polyp,client1,Domain1,keypoint,348.h5,147456,52,91,30693,0.00035264756944444444,0.0006171332465277778,0.20815022786458334,1.0,0.0016941973739940702,0.17307692307692307,0.8269230769230769
polyp,client1,Domain1,keypoint,35.h5,147456,52,104,9606,0.00035264756944444444,0.0007052951388888889,0.06514485677083333,1.0,0.0054132833645638145,0.17307692307692307,0.8269230769230769
polyp,client1,Domain1,keypoint,350.h5,147456,52,104,18563,0.00035264756944444444,0.0007052951388888889,0.1258884006076389,1.0,0.002801271346226364,0.0,1.0
polyp,client1,Domain1,keypoint,351.h5,147456,52,104,5581,0.00035264756944444444,0.0007052951388888889,0.037848578559027776,1.0,0.009317326643970614,0.0,1.0
polyp,client1,Domain1,keypoint,352.h5,147456,52,91,5423,0.00035264756944444444,0.0006171332465277778,0.03677707248263889,0.9230769230769231,0.008851189378572745,0.5769230769230769,0.34615384615384615
polyp,client1,Domain1,keypoint,354.h5,147456,52,92,10280,0.00035264756944444444,0.0006239149305555555,0.06971571180555555,1.0,0.005058365758754864,0.0,1.0
polyp,client1,Domain1,keypoint,355.h5,147456,52,104,13110,0.00035264756944444444,0.0007052951388888889,0.08890787760416667,0.9807692307692307,0.0038901601830663617,0.23076923076923078,0.75
polyp,client1,Domain1,keypoint,356.h5,147456,52,104,13007,0.00035264756944444444,0.0007052951388888889,0.08820936414930555,1.0,0.003997847312985315,0.23076923076923078,0.7692307692307693
polyp,client1,Domain1,keypoint,357.h5,147456,52,91,28485,0.00035264756944444444,0.0006171332465277778,0.19317626953125,0.9807692307692307,0.001790416008425487,0.23076923076923078,0.75
polyp,client1,Domain1,keypoint,358.h5,147456,52,91,11730,0.00035264756944444444,0.0006171332465277778,0.07954915364583333,0.9230769230769231,0.004092071611253197,0.34615384615384615,0.5769230769230769
polyp,client1,Domain1,keypoint,359.h5,147456,52,91,15076,0.00035264756944444444,0.0006171332465277778,0.10224066840277778,0.9230769230769231,0.003183868400106129,0.17307692307692307,0.75
polyp,client1,Domain1,keypoint,36.h5,147456,52,104,5318,0.00035264756944444444,0.0007052951388888889,0.036064995659722224,1.0,0.009778112072207596,0.07692307692307693,0.9230769230769231
polyp,client1,Domain1,keypoint,360.h5,147456,52,91,17879,0.00035264756944444444,0.0006171332465277778,0.1212497287326389,1.0,0.0029084400693551093,0.0,1.0
polyp,client1,Domain1,keypoint,361.h5,147456,52,100,14672,0.00035264756944444444,0.0006781684027777778,0.09950086805555555,1.0,0.003544165757906216,0.019230769230769232,0.9807692307692307
polyp,client1,Domain1,keypoint,362.h5,147456,52,100,12048,0.00035264756944444444,0.0006781684027777778,0.08170572916666667,1.0,0.004316069057104913,0.0,1.0
polyp,client1,Domain1,keypoint,363.h5,147456,52,104,1941,0.00035264756944444444,0.0007052951388888889,0.013163248697916666,1.0,0.026790314270994334,0.40384615384615385,0.5961538461538461
polyp,client1,Domain1,keypoint,364.h5,147456,52,104,3146,0.00035264756944444444,0.0007052951388888889,0.021335177951388888,1.0,0.01652892561983471,0.0,1.0
polyp,client1,Domain1,keypoint,365.h5,147456,52,104,2652,0.00035264756944444444,0.0007052951388888889,0.017985026041666668,1.0,0.0196078431372549,0.057692307692307696,0.9423076923076923
polyp,client1,Domain1,keypoint,366.h5,147456,52,104,2621,0.00035264756944444444,0.0007052951388888889,0.017774793836805556,1.0,0.019839755818389926,0.019230769230769232,0.9807692307692307
polyp,client1,Domain1,keypoint,367.h5,147456,52,104,2993,0.00035264756944444444,0.0007052951388888889,0.020297580295138888,1.0,0.017373872368860673,0.0,1.0
polyp,client1,Domain1,keypoint,368.h5,147456,52,104,2751,0.00035264756944444444,0.0007052951388888889,0.018656412760416668,1.0,0.018902217375499818,0.0,1.0
polyp,client1,Domain1,keypoint,369.h5,147456,52,104,2237,0.00035264756944444444,0.0007052951388888889,0.015170627170138888,1.0,0.0232454179704962,0.19230769230769232,0.8076923076923077
polyp,client1,Domain1,keypoint,37.h5,147456,52,104,10542,0.00035264756944444444,0.0007052951388888889,0.07149251302083333,1.0,0.0049326503509770445,0.057692307692307696,0.9423076923076923
polyp,client1,Domain1,keypoint,370.h5,147456,52,104,2155,0.00035264756944444444,0.0007052951388888889,0.014614529079861112,1.0,0.024129930394431554,0.019230769230769232,0.9807692307692307
polyp,client1,Domain1,keypoint,371.h5,147456,52,104,1452,0.00035264756944444444,0.0007052951388888889,0.009847005208333334,1.0,0.03581267217630854,0.019230769230769232,0.9807692307692307
polyp,client1,Domain1,keypoint,372.h5,147456,52,104,1343,0.00035264756944444444,0.0007052951388888889,0.009107801649305556,1.0,0.0387192851824274,0.15384615384615385,0.8461538461538461
polyp,client1,Domain1,keypoint,373.h5,147456,52,104,1415,0.00035264756944444444,0.0007052951388888889,0.009596082899305556,1.0,0.03674911660777385,0.07692307692307693,0.9230769230769231
polyp,client1,Domain1,keypoint,375.h5,147456,52,104,1275,0.00035264756944444444,0.0007052951388888889,0.008646647135416666,1.0,0.0407843137254902,0.19230769230769232,0.8076923076923077
polyp,client1,Domain1,keypoint,376.h5,147456,52,104,3450,0.00035264756944444444,0.0007052951388888889,0.023396809895833332,1.0,0.015072463768115942,0.0,1.0
polyp,client1,Domain1,keypoint,377.h5,147456,52,104,2904,0.00035264756944444444,0.0007052951388888889,0.019694010416666668,1.0,0.01790633608815427,0.0,1.0
polyp,client1,Domain1,keypoint,378.h5,147456,52,104,2535,0.00035264756944444444,0.0007052951388888889,0.017191569010416668,1.0,0.020512820512820513,0.07692307692307693,0.9230769230769231
polyp,client1,Domain1,keypoint,379.h5,147456,52,104,1827,0.00035264756944444444,0.0007052951388888889,0.01239013671875,1.0,0.028461959496442254,0.23076923076923078,0.7692307692307693
polyp,client1,Domain1,keypoint,38.h5,147456,52,104,6137,0.00035264756944444444,0.0007052951388888889,0.041619194878472224,1.0,0.008473195372331759,0.25,0.75
polyp,client1,Domain1,keypoint,380.h5,147456,52,104,2437,0.00035264756944444444,0.0007052951388888889,0.016526963975694444,1.0,0.021337710299548625,0.0,1.0
polyp,client1,Domain1,keypoint,382.h5,147456,52,104,4222,0.00035264756944444444,0.0007052951388888889,0.028632269965277776,1.0,0.01231643770724775,0.07692307692307693,0.9230769230769231
polyp,client1,Domain1,keypoint,383.h5,147456,52,104,3922,0.00035264756944444444,0.0007052951388888889,0.026597764756944444,1.0,0.013258541560428353,0.07692307692307693,0.9230769230769231
polyp,client1,Domain1,keypoint,384.h5,147456,52,104,39928,0.00035264756944444444,0.0007052951388888889,0.2707790798611111,1.0,0.0013023442195952714,0.0,1.0
polyp,client1,Domain1,keypoint,385.h5,147456,52,104,34908,0.00035264756944444444,0.0007052951388888889,0.23673502604166666,1.0,0.0014896298842672167,0.019230769230769232,0.9807692307692307
polyp,client1,Domain1,keypoint,386.h5,147456,52,104,37631,0.00035264756944444444,0.0007052951388888889,0.2552015516493056,1.0,0.0013818394408865032,0.0,1.0
polyp,client1,Domain1,keypoint,387.h5,147456,52,104,36939,0.00035264756944444444,0.0007052951388888889,0.2505086263020833,1.0,0.0014077262513874226,0.0,1.0
polyp,client1,Domain1,keypoint,389.h5,147456,52,92,28574,0.00035264756944444444,0.0006239149305555555,0.1937798394097222,0.9230769230769231,0.0016798488136067753,0.17307692307692307,0.75
polyp,client1,Domain1,keypoint,39.h5,147456,52,104,5652,0.00035264756944444444,0.0007052951388888889,0.038330078125,1.0,0.009200283085633405,0.25,0.75
polyp,client1,Domain1,keypoint,390.h5,147456,52,92,24210,0.00035264756944444444,0.0006239149305555555,0.1641845703125,0.9230769230769231,0.001982651796778191,0.17307692307692307,0.75
polyp,client1,Domain1,keypoint,391.h5,147456,52,104,7198,0.00035264756944444444,0.0007052951388888889,0.04881456163194445,0.9807692307692307,0.007085301472631286,0.23076923076923078,0.75
polyp,client1,Domain1,keypoint,392.h5,147456,52,104,11010,0.00035264756944444444,0.0007052951388888889,0.07466634114583333,1.0,0.004722979109900091,0.1346153846153846,0.8653846153846154
polyp,client1,Domain1,keypoint,393.h5,147456,52,104,9950,0.00035264756944444444,0.0007052951388888889,0.0674777560763889,1.0,0.0052261306532663315,0.0,1.0
polyp,client1,Domain1,keypoint,394.h5,147456,52,104,10460,0.00035264756944444444,0.0007052951388888889,0.07093641493055555,1.0,0.00497131931166348,0.038461538461538464,0.9615384615384616
polyp,client1,Domain1,keypoint,395.h5,147456,52,104,14953,0.00035264756944444444,0.0007052951388888889,0.1014065212673611,1.0,0.0034775630308299336,0.019230769230769232,0.9807692307692307
polyp,client1,Domain1,keypoint,396.h5,147456,52,104,15177,0.00035264756944444444,0.0007052951388888889,0.10292561848958333,1.0,0.0034262370692495223,0.09615384615384616,0.9038461538461539
polyp,client1,Domain1,keypoint,398.h5,147456,52,104,24276,0.00035264756944444444,0.0007052951388888889,0.16463216145833334,1.0,0.002142033283901796,0.0,1.0
polyp,client1,Domain1,keypoint,399.h5,147456,52,104,15934,0.00035264756944444444,0.0007052951388888889,0.1080593532986111,1.0,0.003263461779841848,0.0,1.0
polyp,client1,Domain1,keypoint,4.h5,147456,52,100,28175,0.00035264756944444444,0.0006781684027777778,0.1910739474826389,0.9230769230769231,0.0017036379769299025,0.17307692307692307,0.75
polyp,client1,Domain1,keypoint,40.h5,147456,52,104,10575,0.00035264756944444444,0.0007052951388888889,0.07171630859375,1.0,0.00491725768321513,0.09615384615384616,0.9038461538461539
polyp,client1,Domain1,keypoint,401.h5,147456,52,104,12488,0.00035264756944444444,0.0007052951388888889,0.0846896701388889,1.0,0.004163997437540038,0.057692307692307696,0.9423076923076923
polyp,client1,Domain1,keypoint,402.h5,147456,52,104,18667,0.00035264756944444444,0.0007052951388888889,0.1265936957465278,1.0,0.0027856645417046124,0.23076923076923078,0.7692307692307693
polyp,client1,Domain1,keypoint,403.h5,147456,52,104,12584,0.00035264756944444444,0.0007052951388888889,0.08534071180555555,1.0,0.004132231404958678,0.09615384615384616,0.9038461538461539
polyp,client1,Domain1,keypoint,405.h5,147456,52,104,12069,0.00035264756944444444,0.0007052951388888889,0.08184814453125,1.0,0.004308559118402519,0.0,1.0
polyp,client1,Domain1,keypoint,406.h5,147456,52,104,12876,0.00035264756944444444,0.0007052951388888889,0.08732096354166667,1.0,0.00403852127990059,0.0,1.0
polyp,client1,Domain1,keypoint,407.h5,147456,52,104,14417,0.00035264756944444444,0.0007052951388888889,0.09777153862847222,1.0,0.0036068530207394047,0.0,1.0
polyp,client1,Domain1,keypoint,408.h5,147456,52,104,10605,0.00035264756944444444,0.0007052951388888889,0.07191975911458333,0.9230769230769231,0.004526166902404526,0.17307692307692307,0.75
polyp,client1,Domain1,keypoint,409.h5,147456,52,104,38191,0.00035264756944444444,0.0007052951388888889,0.2589992947048611,1.0,0.0013615773349742086,0.25,0.75
polyp,client1,Domain1,keypoint,41.h5,147456,52,104,6282,0.00035264756944444444,0.0007052951388888889,0.0426025390625,1.0,0.008277618592804839,0.038461538461538464,0.9615384615384616
polyp,client1,Domain1,keypoint,410.h5,147456,52,104,11848,0.00035264756944444444,0.0007052951388888889,0.0803493923611111,1.0,0.004388926401080351,0.0,1.0
polyp,client1,Domain1,keypoint,411.h5,147456,52,104,8571,0.00035264756944444444,0.0007052951388888889,0.058125813802083336,1.0,0.006066970015167425,0.0,1.0
polyp,client1,Domain1,keypoint,412.h5,147456,52,104,9131,0.00035264756944444444,0.0007052951388888889,0.06192355685763889,1.0,0.005694885554703756,0.0,1.0
polyp,client1,Domain1,keypoint,413.h5,147456,52,104,9049,0.00035264756944444444,0.0007052951388888889,0.06136745876736111,1.0,0.005746491325008288,0.0,1.0
polyp,client1,Domain1,keypoint,414.h5,147456,52,104,42186,0.00035264756944444444,0.0007052951388888889,0.2860921223958333,1.0,0.0012326364196652917,0.0,1.0
polyp,client1,Domain1,keypoint,415.h5,147456,52,104,20569,0.00035264756944444444,0.0007052951388888889,0.1394924587673611,1.0,0.0025280762312217416,0.0,1.0
polyp,client1,Domain1,keypoint,416.h5,147456,52,104,19140,0.00035264756944444444,0.0007052951388888889,0.12980143229166666,1.0,0.002716823406478579,0.0,1.0
polyp,client1,Domain1,keypoint,417.h5,147456,52,104,13731,0.00035264756944444444,0.0007052951388888889,0.09311930338541667,1.0,0.0037870511980190808,0.0,1.0
polyp,client1,Domain1,keypoint,418.h5,147456,52,104,7080,0.00035264756944444444,0.0007052951388888889,0.048014322916666664,1.0,0.007344632768361582,0.0,1.0
polyp,client1,Domain1,keypoint,419.h5,147456,65,169,20160,0.00044080946180555556,0.0011461046006944445,0.13671875,0.8615384615384616,0.002777777777777778,0.06153846153846154,0.8
polyp,client1,Domain1,keypoint,420.h5,147456,52,104,23936,0.00035264756944444444,0.0007052951388888889,0.1623263888888889,1.0,0.0021724598930481284,0.0,1.0
polyp,client1,Domain1,keypoint,421.h5,147456,52,104,20427,0.00035264756944444444,0.0007052951388888889,0.13852945963541666,1.0,0.0025456503647133697,0.0,1.0
polyp,client1,Domain1,keypoint,422.h5,147456,52,104,45842,0.00035264756944444444,0.0007052951388888889,0.3108859592013889,1.0,0.0011343309628724751,0.0,1.0
polyp,client1,Domain1,keypoint,423.h5,147456,52,104,22014,0.00035264756944444444,0.0007052951388888889,0.1492919921875,1.0,0.002362133187971291,0.0,1.0
polyp,client1,Domain1,keypoint,424.h5,147456,52,104,3422,0.00035264756944444444,0.0007052951388888889,0.023206922743055556,1.0,0.015195791934541203,0.038461538461538464,0.9615384615384616
polyp,client1,Domain1,keypoint,426.h5,147456,52,104,12839,0.00035264756944444444,0.0007052951388888889,0.0870700412326389,1.0,0.004050159669756212,0.0,1.0
polyp,client1,Domain1,keypoint,427.h5,147456,52,104,16504,0.00035264756944444444,0.0007052951388888889,0.11192491319444445,1.0,0.003150751333010179,0.25,0.75
polyp,client1,Domain1,keypoint,428.h5,147456,65,169,14871,0.00044080946180555556,0.0011461046006944445,0.10085042317708333,0.8307692307692308,0.0036312285656647167,0.23076923076923078,0.6
polyp,client1,Domain1,keypoint,43.h5,147456,52,104,7375,0.00035264756944444444,0.0007052951388888889,0.05001491970486111,1.0,0.007050847457627118,0.17307692307692307,0.8269230769230769
polyp,client1,Domain1,keypoint,430.h5,147456,52,104,9642,0.00035264756944444444,0.0007052951388888889,0.06538899739583333,1.0,0.005393071976768305,0.0,1.0
polyp,client1,Domain1,keypoint,432.h5,147456,52,104,11874,0.00035264756944444444,0.0007052951388888889,0.08052571614583333,1.0,0.004379316152939195,0.0,1.0
polyp,client1,Domain1,keypoint,433.h5,147456,52,104,12382,0.00035264756944444444,0.0007052951388888889,0.08397081163194445,1.0,0.004199644645453077,0.0,1.0
polyp,client1,Domain1,keypoint,434.h5,147456,52,104,13284,0.00035264756944444444,0.0007052951388888889,0.090087890625,1.0,0.003914483589280337,0.0,1.0
polyp,client1,Domain1,keypoint,435.h5,147456,52,104,10366,0.00035264756944444444,0.0007052951388888889,0.07029893663194445,1.0,0.005016399768473857,0.0,1.0
polyp,client1,Domain1,keypoint,436.h5,147456,52,104,9869,0.00035264756944444444,0.0007052951388888889,0.0669284396701389,1.0,0.0052690242172459215,0.0,1.0
polyp,client1,Domain1,keypoint,437.h5,147456,52,104,9695,0.00035264756944444444,0.0007052951388888889,0.06574842664930555,1.0,0.005363589479112945,0.0,1.0
polyp,client1,Domain1,keypoint,438.h5,147456,52,104,22741,0.00035264756944444444,0.0007052951388888889,0.15422227647569445,1.0,0.002286618882195154,0.0,1.0
polyp,client1,Domain1,keypoint,439.h5,147456,52,104,10138,0.00035264756944444444,0.0007052951388888889,0.0687527126736111,1.0,0.0051292168080489245,0.0,1.0
polyp,client1,Domain1,keypoint,44.h5,147456,52,104,11703,0.00035264756944444444,0.0007052951388888889,0.07936604817708333,1.0,0.004443305135435358,0.25,0.75
polyp,client1,Domain1,keypoint,440.h5,147456,52,92,7882,0.00035264756944444444,0.0006239149305555555,0.05345323350694445,1.0,0.0065973103273280894,0.0,1.0
polyp,client1,Domain1,keypoint,441.h5,147456,52,104,3266,0.00035264756944444444,0.0007052951388888889,0.022148980034722224,1.0,0.015921616656460504,0.25,0.75
polyp,client1,Domain1,keypoint,443.h5,147456,52,104,8422,0.00035264756944444444,0.0007052951388888889,0.05711534288194445,1.0,0.006174305390643553,0.3076923076923077,0.6923076923076923
polyp,client1,Domain1,keypoint,444.h5,147456,52,100,9827,0.00035264756944444444,0.0006781684027777778,0.06664360894097222,1.0,0.005291543706115803,0.34615384615384615,0.6538461538461539
polyp,client1,Domain1,keypoint,445.h5,147456,52,104,18817,0.00035264756944444444,0.0007052951388888889,0.12761094835069445,1.0,0.002763458574693097,0.09615384615384616,0.9038461538461539
polyp,client1,Domain1,keypoint,446.h5,147456,52,104,17604,0.00035264756944444444,0.0007052951388888889,0.119384765625,1.0,0.002953874119518291,0.0,1.0
polyp,client1,Domain1,keypoint,447.h5,147456,52,104,4061,0.00035264756944444444,0.0007052951388888889,0.027540418836805556,1.0,0.012804727899532135,0.25,0.75
polyp,client1,Domain1,keypoint,448.h5,147456,52,104,8458,0.00035264756944444444,0.0007052951388888889,0.05735948350694445,1.0,0.0061480255379522345,0.0,1.0
polyp,client1,Domain1,keypoint,449.h5,147456,52,104,6517,0.00035264756944444444,0.0007052951388888889,0.044196234809027776,1.0,0.00797913150222495,0.0,1.0
polyp,client1,Domain1,keypoint,45.h5,147456,52,104,8383,0.00035264756944444444,0.0007052951388888889,0.05685085720486111,1.0,0.006203029941548372,0.019230769230769232,0.9807692307692307
polyp,client1,Domain1,keypoint,450.h5,147456,52,104,3680,0.00035264756944444444,0.0007052951388888889,0.024956597222222224,1.0,0.014130434782608696,0.0,1.0
polyp,client1,Domain1,keypoint,451.h5,147456,52,104,2881,0.00035264756944444444,0.0007052951388888889,0.019538031684027776,1.0,0.018049288441513364,0.057692307692307696,0.9423076923076923
polyp,client1,Domain1,keypoint,452.h5,147456,52,104,4915,0.00035264756944444444,0.0007052951388888889,0.033331976996527776,1.0,0.010579857578840285,0.0,1.0
polyp,client1,Domain1,keypoint,454.h5,147456,52,104,8663,0.00035264756944444444,0.0007052951388888889,0.05874972873263889,1.0,0.006002539535957521,0.0,1.0
polyp,client1,Domain1,keypoint,455.h5,147456,52,104,11211,0.00035264756944444444,0.0007052951388888889,0.07602945963541667,1.0,0.004638301668004639,0.0,1.0
polyp,client1,Domain1,keypoint,456.h5,147456,52,104,14537,0.00035264756944444444,0.0007052951388888889,0.09858534071180555,1.0,0.003577079177271789,0.0,1.0
polyp,client1,Domain1,keypoint,457.h5,147456,52,104,13026,0.00035264756944444444,0.0007052951388888889,0.08833821614583333,1.0,0.003992015968063872,0.0,1.0
polyp,client1,Domain1,keypoint,458.h5,147456,52,104,6154,0.00035264756944444444,0.0007052951388888889,0.04173448350694445,1.0,0.008449788755281119,0.0,1.0
polyp,client1,Domain1,keypoint,46.h5,147456,52,104,8456,0.00035264756944444444,0.0007052951388888889,0.05734592013888889,0.9230769230769231,0.005676442762535478,0.17307692307692307,0.75
polyp,client1,Domain1,keypoint,460.h5,147456,52,104,7146,0.00035264756944444444,0.0007052951388888889,0.0484619140625,1.0,0.007276798208788134,0.0,1.0
polyp,client1,Domain1,keypoint,461.h5,147456,52,104,8780,0.00035264756944444444,0.0007052951388888889,0.05954318576388889,1.0,0.00592255125284738,0.0,1.0
polyp,client1,Domain1,keypoint,462.h5,147456,52,104,10125,0.00035264756944444444,0.0007052951388888889,0.06866455078125,1.0,0.005135802469135802,0.0,1.0
polyp,client1,Domain1,keypoint,463.h5,147456,52,104,15565,0.00035264756944444444,0.0007052951388888889,0.1055569118923611,1.0,0.0033408287825248957,0.0,1.0
polyp,client1,Domain1,keypoint,465.h5,147456,52,104,16068,0.00035264756944444444,0.0007052951388888889,0.10896809895833333,1.0,0.003236245954692557,0.0,1.0
polyp,client1,Domain1,keypoint,466.h5,147456,52,104,15137,0.00035264756944444444,0.0007052951388888889,0.10265435112847222,1.0,0.0034352910087864174,0.0,1.0
polyp,client1,Domain1,keypoint,467.h5,147456,52,104,13105,0.00035264756944444444,0.0007052951388888889,0.08887396918402778,1.0,0.003967951163677985,0.019230769230769232,0.9807692307692307
polyp,client1,Domain1,keypoint,468.h5,147456,52,104,15758,0.00035264756944444444,0.0007052951388888889,0.10686577690972222,1.0,0.0032999111562381014,0.0,1.0
polyp,client1,Domain1,keypoint,469.h5,147456,52,104,17813,0.00035264756944444444,0.0007052951388888889,0.12080213758680555,1.0,0.002919216302700275,0.0,1.0
polyp,client1,Domain1,keypoint,47.h5,147456,52,104,13862,0.00035264756944444444,0.0007052951388888889,0.09400770399305555,1.0,0.0037512624440917616,0.0,1.0
polyp,client1,Domain1,keypoint,470.h5,147456,65,156,13270,0.00044080946180555556,0.0010579427083333333,0.0899929470486111,0.8307692307692308,0.004069329314242653,0.36923076923076925,0.46153846153846156
polyp,client1,Domain1,keypoint,471.h5,147456,52,104,28686,0.00035264756944444444,0.0007052951388888889,0.19453938802083334,1.0,0.0018127309488949314,0.0,1.0
polyp,client1,Domain1,keypoint,472.h5,147456,52,104,30647,0.00035264756944444444,0.0007052951388888889,0.20783827039930555,1.0,0.0016967403008451073,0.0,1.0
polyp,client1,Domain1,keypoint,473.h5,147456,52,104,22423,0.00035264756944444444,0.0007052951388888889,0.1520657009548611,1.0,0.0023190474066806404,0.0,1.0
polyp,client1,Domain1,keypoint,475.h5,147456,52,104,31696,0.00035264756944444444,0.0007052951388888889,0.21495225694444445,1.0,0.001640585562847047,0.0,1.0
polyp,client1,Domain1,keypoint,476.h5,147456,52,104,26344,0.00035264756944444444,0.0007052951388888889,0.1786566840277778,1.0,0.0019738839963559063,0.0,1.0
polyp,client1,Domain1,keypoint,477.h5,147456,52,104,26258,0.00035264756944444444,0.0007052951388888889,0.1780734592013889,1.0,0.001980348846065961,0.0,1.0
polyp,client1,Domain1,keypoint,478.h5,147456,52,100,30251,0.00035264756944444444,0.0006781684027777778,0.20515272352430555,1.0,0.0017189514396218307,0.0,1.0
polyp,client1,Domain1,keypoint,479.h5,147456,52,104,23083,0.00035264756944444444,0.0007052951388888889,0.15654161241319445,1.0,0.0022527401117705672,0.0,1.0
polyp,client1,Domain1,keypoint,48.h5,147456,52,104,6729,0.00035264756944444444,0.0007052951388888889,0.045633951822916664,0.9807692307692307,0.007579135086937138,0.23076923076923078,0.75
polyp,client1,Domain1,keypoint,480.h5,147456,52,104,20936,0.00035264756944444444,0.0007052951388888889,0.14198133680555555,1.0,0.002483760030569354,0.0,1.0
polyp,client1,Domain1,keypoint,482.h5,147456,52,104,28837,0.00035264756944444444,0.0007052951388888889,0.1955634223090278,1.0,0.001803238894475847,0.0,1.0
polyp,client1,Domain1,keypoint,484.h5,147456,52,104,24645,0.00035264756944444444,0.0007052951388888889,0.16713460286458334,1.0,0.0021099614526273076,0.0,1.0
polyp,client1,Domain1,keypoint,485.h5,147456,52,104,19399,0.00035264756944444444,0.0007052951388888889,0.1315578884548611,1.0,0.002680550543842466,0.0,1.0
polyp,client1,Domain1,keypoint,486.h5,147456,52,104,7618,0.00035264756944444444,0.0007052951388888889,0.05166286892361111,1.0,0.006825938566552901,0.07692307692307693,0.9230769230769231
polyp,client1,Domain1,keypoint,487.h5,147456,52,92,15371,0.00035264756944444444,0.0006239149305555555,0.10424126519097222,0.9230769230769231,0.0031227636458265565,0.17307692307692307,0.75
polyp,client1,Domain1,keypoint,488.h5,147456,52,92,15999,0.00035264756944444444,0.0006239149305555555,0.10850016276041667,1.0,0.003250203137696106,0.17307692307692307,0.8269230769230769
polyp,client1,Domain1,keypoint,489.h5,147456,52,92,42756,0.00035264756944444444,0.0006239149305555555,0.2899576822916667,1.0,0.0012162035737674245,0.0,1.0
polyp,client1,Domain1,keypoint,49.h5,147456,52,104,11831,0.00035264756944444444,0.0007052951388888889,0.0802341037326389,1.0,0.004395232862818021,0.21153846153846154,0.7884615384615384
polyp,client1,Domain1,keypoint,490.h5,147456,52,92,72202,0.00035264756944444444,0.0006239149305555555,0.4896511501736111,1.0,0.0007202016564638099,0.0,1.0
polyp,client1,Domain1,keypoint,491.h5,147456,52,104,27650,0.00035264756944444444,0.0007052951388888889,0.18751356336805555,1.0,0.0018806509945750451,0.0,1.0
polyp,client1,Domain1,keypoint,493.h5,147456,52,104,27871,0.00035264756944444444,0.0007052951388888889,0.18901231553819445,1.0,0.0018657385813210864,0.2692307692307692,0.7307692307692307
polyp,client1,Domain1,keypoint,494.h5,147456,52,92,24004,0.00035264756944444444,0.0006239149305555555,0.1627875434027778,1.0,0.0021663056157307115,0.0,1.0
polyp,client1,Domain1,keypoint,495.h5,147456,65,145,27470,0.00044080946180555556,0.0009833441840277778,0.18629286024305555,0.8461538461538461,0.002002184200946487,0.046153846153846156,0.8
polyp,client1,Domain1,keypoint,496.h5,147456,52,92,25189,0.00035264756944444444,0.0006239149305555555,0.17082383897569445,1.0,0.0020643931875024813,0.0,1.0
polyp,client1,Domain1,keypoint,497.h5,147456,52,92,52722,0.00035264756944444444,0.0006239149305555555,0.3575439453125,1.0,0.0009863055271044346,0.0,1.0
polyp,client1,Domain1,keypoint,498.h5,147456,52,103,38255,0.00035264756944444444,0.0006985134548611111,0.2594333224826389,1.0,0.0013592994379819632,0.0,1.0
polyp,client1,Domain1,keypoint,499.h5,147456,52,103,35590,0.00035264756944444444,0.0006985134548611111,0.2413601345486111,1.0,0.0014610845743186288,0.0,1.0
polyp,client1,Domain1,keypoint,5.h5,147456,52,100,24909,0.00035264756944444444,0.0006781684027777778,0.16892496744791666,0.9230769230769231,0.0019270143321690955,0.17307692307692307,0.75
polyp,client1,Domain1,keypoint,500.h5,147456,52,104,19643,0.00035264756944444444,0.0007052951388888889,0.1332126193576389,1.0,0.0026472534745201853,0.0,1.0
polyp,client1,Domain1,keypoint,501.h5,147456,52,100,22559,0.00035264756944444444,0.0006781684027777778,0.1529880099826389,1.0,0.0023050667139500863,0.0,1.0
polyp,client1,Domain1,keypoint,502.h5,147456,52,103,26148,0.00035264756944444444,0.0006985134548611111,0.17732747395833334,1.0,0.0019886798225485698,0.0,1.0
polyp,client1,Domain1,keypoint,503.h5,147456,52,92,30608,0.00035264756944444444,0.0006239149305555555,0.2075737847222222,1.0,0.0016989022477783586,0.0,1.0
polyp,client1,Domain1,keypoint,504.h5,147456,52,104,13445,0.00035264756944444444,0.0007052951388888889,0.09117974175347222,1.0,0.003867608776496839,0.0,1.0
polyp,client1,Domain1,keypoint,505.h5,147456,52,104,20295,0.00035264756944444444,0.0007052951388888889,0.13763427734375,1.0,0.0025622074402562207,0.0,1.0
polyp,client1,Domain1,keypoint,506.h5,147456,52,92,59610,0.00035264756944444444,0.0006239149305555555,0.4042561848958333,1.0,0.0008723368562321758,0.17307692307692307,0.8269230769230769
polyp,client1,Domain1,keypoint,507.h5,147456,52,92,54811,0.00035264756944444444,0.0006239149305555555,0.3717108832465278,1.0,0.0009487146740617759,0.17307692307692307,0.8269230769230769
polyp,client1,Domain1,keypoint,508.h5,147456,52,104,21911,0.00035264756944444444,0.0007052951388888889,0.1485934787326389,1.0,0.00237323718680115,0.0,1.0
polyp,client1,Domain1,keypoint,509.h5,147456,52,104,16662,0.00035264756944444444,0.0007052951388888889,0.11299641927083333,1.0,0.0031208738446765094,0.0,1.0
polyp,client1,Domain1,keypoint,51.h5,147456,52,104,1441,0.00035264756944444444,0.0007052951388888889,0.009772406684027778,1.0,0.03608605135322693,0.15384615384615385,0.8461538461538461
polyp,client1,Domain1,keypoint,510.h5,147456,52,104,15397,0.00035264756944444444,0.0007052951388888889,0.10441758897569445,1.0,0.003377281288562707,0.0,1.0
polyp,client1,Domain1,keypoint,511.h5,147456,52,104,9305,0.00035264756944444444,0.0007052951388888889,0.06310356987847222,1.0,0.0055883933369156365,0.0,1.0
polyp,client1,Domain1,keypoint,512.h5,147456,52,104,8810,0.00035264756944444444,0.0007052951388888889,0.059746636284722224,1.0,0.005902383654937571,0.0,1.0
polyp,client1,Domain1,keypoint,513.h5,147456,52,104,10387,0.00035264756944444444,0.0007052951388888889,0.07044135199652778,1.0,0.0050062578222778474,0.0,1.0
polyp,client1,Domain1,keypoint,514.h5,147456,52,104,13878,0.00035264756944444444,0.0007052951388888889,0.0941162109375,1.0,0.003746937599077677,0.25,0.75
polyp,client1,Domain1,keypoint,515.h5,147456,52,104,11373,0.00035264756944444444,0.0007052951388888889,0.07712809244791667,1.0,0.00457223248043612,0.1346153846153846,0.8653846153846154
polyp,client1,Domain1,keypoint,516.h5,147456,52,104,17710,0.00035264756944444444,0.0007052951388888889,0.12010362413194445,1.0,0.0029361942405420668,0.0,1.0
polyp,client1,Domain1,keypoint,517.h5,147456,52,104,11175,0.00035264756944444444,0.0007052951388888889,0.07578531901041667,1.0,0.004653243847874721,0.07692307692307693,0.9230769230769231
polyp,client1,Domain1,keypoint,518.h5,147456,52,104,9254,0.00035264756944444444,0.0007052951388888889,0.06275770399305555,1.0,0.0056191917008861034,0.0,1.0
polyp,client1,Domain1,keypoint,519.h5,147456,52,104,23274,0.00035264756944444444,0.0007052951388888889,0.1578369140625,1.0,0.002234252814299218,0.0,1.0
polyp,client1,Domain1,keypoint,520.h5,147456,52,100,29080,0.00035264756944444444,0.0006781684027777778,0.1972113715277778,1.0,0.0017881705639614855,0.019230769230769232,0.9807692307692307
polyp,client1,Domain1,keypoint,521.h5,147456,52,104,13538,0.00035264756944444444,0.0007052951388888889,0.09181043836805555,1.0,0.003841040035455754,0.0,1.0
polyp,client1,Domain1,keypoint,522.h5,147456,52,104,9971,0.00035264756944444444,0.0007052951388888889,0.06762017144097222,1.0,0.005215123859191656,0.0,1.0
polyp,client1,Domain1,keypoint,523.h5,147456,52,104,6490,0.00035264756944444444,0.0007052951388888889,0.044013129340277776,1.0,0.008012326656394453,0.0,1.0
polyp,client1,Domain1,keypoint,524.h5,147456,52,92,26346,0.00035264756944444444,0.0006239149305555555,0.17867024739583334,1.0,0.0019737341531921356,0.0,1.0
polyp,client1,Domain1,keypoint,525.h5,147456,65,157,14574,0.00044080946180555556,0.001064724392361111,0.09883626302083333,0.8307692307692308,0.0037052284890901604,0.03076923076923077,0.8
polyp,client1,Domain1,keypoint,527.h5,147456,52,92,11337,0.00035264756944444444,0.0006239149305555555,0.07688395182291667,1.0,0.004586751345153039,0.17307692307692307,0.8269230769230769
polyp,client1,Domain1,keypoint,528.h5,147456,52,104,14165,0.00035264756944444444,0.0007052951388888889,0.09606255425347222,1.0,0.0036710201200141194,0.0,1.0
polyp,client1,Domain1,keypoint,53.h5,147456,52,104,1095,0.00035264756944444444,0.0007052951388888889,0.007425944010416667,1.0,0.047488584474885846,0.4423076923076923,0.5576923076923077
polyp,client1,Domain1,keypoint,530.h5,147456,52,104,3378,0.00035264756944444444,0.0007052951388888889,0.022908528645833332,1.0,0.015393724097098875,0.09615384615384616,0.9038461538461539
polyp,client1,Domain1,keypoint,531.h5,147456,52,104,3880,0.00035264756944444444,0.0007052951388888889,0.026312934027777776,1.0,0.013402061855670102,0.19230769230769232,0.8076923076923077
polyp,client1,Domain1,keypoint,532.h5,147456,52,104,4705,0.00035264756944444444,0.0007052951388888889,0.03190782335069445,1.0,0.011052072263549416,0.09615384615384616,0.9038461538461539
polyp,client1,Domain1,keypoint,533.h5,147456,52,104,6336,0.00035264756944444444,0.0007052951388888889,0.04296875,1.0,0.008207070707070708,0.15384615384615385,0.8461538461538461
polyp,client1,Domain1,keypoint,534.h5,147456,52,104,8160,0.00035264756944444444,0.0007052951388888889,0.055338541666666664,1.0,0.006372549019607843,0.019230769230769232,0.9807692307692307
polyp,client1,Domain1,keypoint,535.h5,147456,52,104,8659,0.00035264756944444444,0.0007052951388888889,0.058722601996527776,1.0,0.006005312391731147,0.0,1.0
polyp,client1,Domain1,keypoint,536.h5,147456,52,104,9119,0.00035264756944444444,0.0007052951388888889,0.06184217664930555,1.0,0.005702379646891106,0.07692307692307693,0.9230769230769231
polyp,client1,Domain1,keypoint,537.h5,147456,52,104,5831,0.00035264756944444444,0.0007052951388888889,0.039543999565972224,1.0,0.008917852855427885,0.0,1.0
polyp,client1,Domain1,keypoint,538.h5,147456,52,104,6059,0.00035264756944444444,0.0007052951388888889,0.04109022352430555,1.0,0.008582274302690212,0.17307692307692307,0.8269230769230769
polyp,client1,Domain1,keypoint,539.h5,147456,52,104,9863,0.00035264756944444444,0.0007052951388888889,0.06688774956597222,1.0,0.005272229544763257,0.0,1.0
polyp,client1,Domain1,keypoint,54.h5,147456,52,104,591,0.00035264756944444444,0.0007052951388888889,0.004007975260416667,1.0,0.08798646362098139,0.5,0.5
polyp,client1,Domain1,keypoint,540.h5,147456,52,104,18227,0.00035264756944444444,0.0007052951388888889,0.12360975477430555,1.0,0.0028529105173643494,0.0,1.0
polyp,client1,Domain1,keypoint,541.h5,147456,65,169,7282,0.00044080946180555556,0.0011461046006944445,0.049384223090277776,0.8307692307692308,0.007415545179895633,0.03076923076923077,0.8
polyp,client1,Domain1,keypoint,542.h5,147456,52,104,8476,0.00035264756944444444,0.0007052951388888889,0.05748155381944445,1.0,0.006134969325153374,0.07692307692307693,0.9230769230769231
polyp,client1,Domain1,keypoint,543.h5,147456,52,104,12269,0.00035264756944444444,0.0007052951388888889,0.08320448133680555,1.0,0.004238324231803733,0.09615384615384616,0.9038461538461539
polyp,client1,Domain1,keypoint,544.h5,147456,52,104,18739,0.00035264756944444444,0.0007052951388888889,0.1270819769965278,1.0,0.0027749613106355727,0.0,1.0
polyp,client1,Domain1,keypoint,546.h5,147456,52,104,8019,0.00035264756944444444,0.0007052951388888889,0.05438232421875,1.0,0.0064845990771916695,0.0,1.0
polyp,client1,Domain1,keypoint,547.h5,147456,104,208,6405,0.0007052951388888889,0.0014105902777777778,0.043436686197916664,1.0,0.016237314597970336,0.0,1.0
polyp,client1,Domain1,keypoint,548.h5,147456,104,208,8631,0.0007052951388888889,0.0014105902777777778,0.05853271484375,0.9615384615384616,0.011586142973004287,0.17307692307692307,0.7884615384615384
polyp,client1,Domain1,keypoint,549.h5,147456,104,208,2663,0.0007052951388888889,0.0014105902777777778,0.018059624565972224,0.9615384615384616,0.03755163349605708,0.34615384615384615,0.6153846153846154
polyp,client1,Domain1,keypoint,55.h5,147456,52,104,882,0.00035264756944444444,0.0007052951388888889,0.0059814453125,1.0,0.05895691609977324,0.38461538461538464,0.6153846153846154
polyp,client1,Domain1,keypoint,550.h5,147456,104,208,8184,0.0007052951388888889,0.0014105902777777778,0.055501302083333336,1.0,0.01270772238514174,0.019230769230769232,0.9807692307692307
polyp,client1,Domain1,keypoint,551.h5,147456,104,208,8246,0.0007052951388888889,0.0014105902777777778,0.05592176649305555,1.0,0.012612175600291051,0.09615384615384616,0.9038461538461539
polyp,client1,Domain1,keypoint,552.h5,147456,104,208,8311,0.0007052951388888889,0.0014105902777777778,0.05636257595486111,1.0,0.012513536277222957,0.2403846153846154,0.7596153846153846
polyp,client1,Domain1,keypoint,553.h5,147456,104,208,10529,0.0007052951388888889,0.0014105902777777778,0.07140435112847222,1.0,0.009877481242283218,0.21153846153846154,0.7884615384615384
polyp,client1,Domain1,keypoint,554.h5,147456,104,208,11783,0.0007052951388888889,0.0014105902777777778,0.07990858289930555,1.0,0.00882627514215395,0.028846153846153848,0.9711538461538461
polyp,client1,Domain1,keypoint,556.h5,147456,104,208,9562,0.0007052951388888889,0.0014105902777777778,0.0648464626736111,1.0,0.010876385693369588,0.07692307692307693,0.9230769230769231
polyp,client1,Domain1,keypoint,557.h5,147456,104,208,7751,0.0007052951388888889,0.0014105902777777778,0.05256483289930555,1.0,0.013417623532447426,0.07692307692307693,0.9230769230769231
polyp,client1,Domain1,keypoint,558.h5,147456,104,208,7607,0.0007052951388888889,0.0014105902777777778,0.05158827039930555,1.0,0.013671618246352045,0.08653846153846154,0.9134615384615384
polyp,client1,Domain1,keypoint,56.h5,147456,52,104,3766,0.00035264756944444444,0.0007052951388888889,0.025539822048611112,1.0,0.013807753584705257,0.25,0.75
polyp,client1,Domain1,keypoint,560.h5,147456,104,208,5262,0.0007052951388888889,0.0014105902777777778,0.035685221354166664,1.0,0.01976434815659445,0.09615384615384616,0.9038461538461539
polyp,client1,Domain1,keypoint,562.h5,147456,104,208,9465,0.0007052951388888889,0.0014105902777777778,0.06418863932291667,0.9903846153846154,0.010882197569994718,0.15384615384615385,0.8365384615384616
polyp,client1,Domain1,keypoint,563.h5,147456,52,91,16474,0.00035264756944444444,0.0006171332465277778,0.1117214626736111,1.0,0.0031564890129901664,0.0,1.0
polyp,client1,Domain1,keypoint,564.h5,147456,52,104,17852,0.00035264756944444444,0.0007052951388888889,0.1210666232638889,1.0,0.0029128388976025093,0.0,1.0
polyp,client1,Domain1,keypoint,565.h5,147456,104,208,12508,0.0007052951388888889,0.0014105902777777778,0.08482530381944445,1.0,0.008314678605692356,0.04807692307692308,0.9519230769230769
polyp,client1,Domain1,keypoint,566.h5,147456,104,208,4629,0.0007052951388888889,0.0014105902777777778,0.031392415364583336,1.0,0.02246705551955066,0.09615384615384616,0.9038461538461539
polyp,client1,Domain1,keypoint,567.h5,147456,104,208,4833,0.0007052951388888889,0.0014105902777777778,0.03277587890625,1.0,0.021518725429339955,0.0673076923076923,0.9326923076923077
polyp,client1,Domain1,keypoint,568.h5,147456,104,208,1808,0.0007052951388888889,0.0014105902777777778,0.012261284722222222,1.0,0.05752212389380531,0.4230769230769231,0.5769230769230769
polyp,client1,Domain1,keypoint,57.h5,147456,52,104,1803,0.00035264756944444444,0.0007052951388888889,0.012227376302083334,1.0,0.028840820854132,0.40384615384615385,0.5961538461538461
polyp,client1,Domain1,keypoint,570.h5,147456,104,208,2667,0.0007052951388888889,0.0014105902777777778,0.018086751302083332,0.9615384615384616,0.03749531308586427,0.4519230769230769,0.5096153846153846
polyp,client1,Domain1,keypoint,572.h5,147456,52,104,5913,0.00035264756944444444,0.0007052951388888889,0.04010009765625,1.0,0.008794182310164045,0.0,1.0
polyp,client1,Domain1,keypoint,573.h5,147456,52,104,3286,0.00035264756944444444,0.0007052951388888889,0.022284613715277776,1.0,0.01582471089470481,0.25,0.75
polyp,client1,Domain1,keypoint,574.h5,147456,52,104,3016,0.00035264756944444444,0.0007052951388888889,0.020453559027777776,1.0,0.017241379310344827,0.0,1.0
polyp,client1,Domain1,keypoint,576.h5,147456,52,104,7523,0.00035264756944444444,0.0007052951388888889,0.051018608940972224,1.0,0.006912136115911205,0.0,1.0
polyp,client1,Domain1,keypoint,577.h5,147456,52,104,7412,0.00035264756944444444,0.0007052951388888889,0.05026584201388889,1.0,0.007015650296815974,0.0,1.0
polyp,client1,Domain1,keypoint,578.h5,147456,52,104,7328,0.00035264756944444444,0.0007052951388888889,0.04969618055555555,1.0,0.007096069868995633,0.0,1.0
polyp,client1,Domain1,keypoint,579.h5,147456,52,104,17183,0.00035264756944444444,0.0007052951388888889,0.11652967664930555,1.0,0.0030262468719082815,0.25,0.75
polyp,client1,Domain1,keypoint,58.h5,147456,52,104,1789,0.00035264756944444444,0.0007052951388888889,0.012132432725694444,1.0,0.029066517607602014,0.25,0.75
polyp,client1,Domain1,keypoint,580.h5,147456,52,104,20806,0.00035264756944444444,0.0007052951388888889,0.14109971788194445,0.9230769230769231,0.002307026819186773,0.17307692307692307,0.75
polyp,client1,Domain1,keypoint,581.h5,147456,52,104,24630,0.00035264756944444444,0.0007052951388888889,0.16703287760416666,0.9807692307692307,0.0020706455542021922,0.23076923076923078,0.75
polyp,client1,Domain1,keypoint,582.h5,147456,52,104,11617,0.00035264756944444444,0.0007052951388888889,0.07878282335069445,1.0,0.004476198674356546,0.0,1.0
polyp,client1,Domain1,keypoint,583.h5,147456,52,104,6847,0.00035264756944444444,0.0007052951388888889,0.04643419053819445,1.0,0.007594566963633708,0.0,1.0
polyp,client1,Domain1,keypoint,584.h5,147456,52,104,4090,0.00035264756944444444,0.0007052951388888889,0.027737087673611112,1.0,0.012713936430317848,0.07692307692307693,0.9230769230769231
polyp,client1,Domain1,keypoint,585.h5,147456,73,177,3225,0.0004950629340277778,0.0012003580729166667,0.021870930989583332,0.7671232876712328,0.017364341085271316,0.2328767123287671,0.5342465753424658
polyp,client1,Domain1,keypoint,586.h5,147456,52,104,5924,0.00035264756944444444,0.0007052951388888889,0.04017469618055555,1.0,0.008777852802160702,0.057692307692307696,0.9423076923076923
polyp,client1,Domain1,keypoint,587.h5,147456,52,104,3419,0.00035264756944444444,0.0007052951388888889,0.023186577690972224,1.0,0.015209125475285171,0.019230769230769232,0.9807692307692307
polyp,client1,Domain1,keypoint,588.h5,147456,52,104,2911,0.00035264756944444444,0.0007052951388888889,0.019741482204861112,1.0,0.017863277224321537,0.07692307692307693,0.9230769230769231
polyp,client1,Domain1,keypoint,589.h5,147456,52,104,3263,0.00035264756944444444,0.0007052951388888889,0.022128634982638888,1.0,0.01593625498007968,0.07692307692307693,0.9230769230769231
polyp,client1,Domain1,keypoint,59.h5,147456,52,104,1533,0.00035264756944444444,0.0007052951388888889,0.010396321614583334,1.0,0.033920417482061316,0.09615384615384616,0.9038461538461539
polyp,client1,Domain1,keypoint,590.h5,147456,52,104,2859,0.00035264756944444444,0.0007052951388888889,0.019388834635416668,1.0,0.01818817768450507,0.019230769230769232,0.9807692307692307
polyp,client1,Domain1,keypoint,591.h5,147456,52,104,2617,0.00035264756944444444,0.0007052951388888889,0.017747667100694444,1.0,0.019870080244554833,0.019230769230769232,0.9807692307692307
polyp,client1,Domain1,keypoint,592.h5,147456,52,104,6403,0.00035264756944444444,0.0007052951388888889,0.04342312282986111,1.0,0.008121193190691864,0.0,1.0
polyp,client1,Domain1,keypoint,593.h5,147456,52,104,6031,0.00035264756944444444,0.0007052951388888889,0.040900336371527776,1.0,0.008622119051566905,0.0,1.0
polyp,client1,Domain1,keypoint,594.h5,147456,52,104,5857,0.00035264756944444444,0.0007052951388888889,0.03972032335069445,1.0,0.008878265323544477,0.019230769230769232,0.9807692307692307
polyp,client1,Domain1,keypoint,595.h5,147456,52,104,3749,0.00035264756944444444,0.0007052951388888889,0.025424533420138888,1.0,0.013870365430781541,0.019230769230769232,0.9807692307692307
polyp,client1,Domain1,keypoint,596.h5,147456,52,104,2793,0.00035264756944444444,0.0007052951388888889,0.018941243489583332,1.0,0.01861797350519155,0.038461538461538464,0.9615384615384616
polyp,client1,Domain1,keypoint,597.h5,147456,52,104,1481,0.00035264756944444444,0.0007052951388888889,0.010043674045138888,1.0,0.035111411208642807,0.2692307692307692,0.7307692307692307
polyp,client1,Domain1,keypoint,598.h5,147456,52,104,3460,0.00035264756944444444,0.0007052951388888889,0.023464626736111112,1.0,0.015028901734104046,0.0,1.0
polyp,client1,Domain1,keypoint,599.h5,147456,52,104,4921,0.00035264756944444444,0.0007052951388888889,0.03337266710069445,1.0,0.010566957935378988,0.0,1.0
polyp,client1,Domain1,keypoint,6.h5,147456,52,100,27117,0.00035264756944444444,0.0006781684027777778,0.18389892578125,1.0,0.001917616255485489,0.0,1.0
polyp,client1,Domain1,keypoint,60.h5,147456,52,104,3647,0.00035264756944444444,0.0007052951388888889,0.024732801649305556,1.0,0.014258294488620784,0.15384615384615385,0.8461538461538461
polyp,client1,Domain1,keypoint,600.h5,147456,52,100,10946,0.00035264756944444444,0.0006781684027777778,0.07423231336805555,1.0,0.004750593824228029,0.0,1.0
polyp,client1,Domain1,keypoint,601.h5,147456,52,104,7969,0.00035264756944444444,0.0007052951388888889,0.05404324001736111,1.0,0.0065252854812398045,0.0,1.0
polyp,client1,Domain1,keypoint,602.h5,147456,52,104,8441,0.00035264756944444444,0.0007052951388888889,0.057244194878472224,1.0,0.006160407534652293,0.0,1.0
polyp,client1,Domain1,keypoint,603.h5,147456,52,104,10033,0.00035264756944444444,0.0007052951388888889,0.06804063585069445,1.0,0.005182896441742251,0.0,1.0
polyp,client1,Domain1,keypoint,604.h5,147456,52,104,8774,0.00035264756944444444,0.0007052951388888889,0.059502495659722224,1.0,0.0059266013220879874,0.0,1.0
polyp,client1,Domain1,keypoint,605.h5,147456,52,104,3763,0.00035264756944444444,0.0007052951388888889,0.025519476996527776,1.0,0.013818761626361946,0.17307692307692307,0.8269230769230769
polyp,client1,Domain1,keypoint,606.h5,147456,52,104,4664,0.00035264756944444444,0.0007052951388888889,0.03162977430555555,1.0,0.011149228130360206,0.0,1.0
polyp,client1,Domain1,keypoint,607.h5,147456,52,104,2608,0.00035264756944444444,0.0007052951388888889,0.017686631944444444,1.0,0.019938650306748466,0.15384615384615385,0.8461538461538461
polyp,client1,Domain1,keypoint,608.h5,147456,52,104,3728,0.00035264756944444444,0.0007052951388888889,0.025282118055555556,1.0,0.013948497854077254,0.25,0.75
polyp,client1,Domain1,keypoint,609.h5,147456,52,104,5463,0.00035264756944444444,0.0007052951388888889,0.03704833984375,1.0,0.009518579535054,0.23076923076923078,0.7692307692307693
polyp,client1,Domain1,keypoint,610.h5,147456,52,104,5675,0.00035264756944444444,0.0007052951388888889,0.03848605685763889,0.9615384615384616,0.00881057268722467,0.21153846153846154,0.75
polyp,client1,Domain1,keypoint,611.h5,147456,52,104,5299,0.00035264756944444444,0.0007052951388888889,0.03593614366319445,1.0,0.009813172296659747,0.019230769230769232,0.9807692307692307
polyp,client1,Domain1,keypoint,612.h5,147456,52,104,2851,0.00035264756944444444,0.0007052951388888889,0.019334581163194444,1.0,0.01823921431076815,0.19230769230769232,0.8076923076923077
polyp,client1,Domain1,keypoint,62.h5,147456,52,104,1858,0.00035264756944444444,0.0007052951388888889,0.012600368923611112,1.0,0.02798708288482239,0.40384615384615385,0.5961538461538461
polyp,client1,Domain1,keypoint,63.h5,147456,52,104,1992,0.00035264756944444444,0.0007052951388888889,0.013509114583333334,1.0,0.02610441767068273,0.17307692307692307,0.8269230769230769
polyp,client1,Domain1,keypoint,64.h5,147456,52,104,1684,0.00035264756944444444,0.0007052951388888889,0.011420355902777778,1.0,0.030878859857482184,0.2692307692307692,0.7307692307692307
polyp,client1,Domain1,keypoint,67.h5,147456,52,104,2288,0.00035264756944444444,0.0007052951388888889,0.015516493055555556,0.9423076923076923,0.021416083916083916,0.3269230769230769,0.6153846153846154
polyp,client1,Domain1,keypoint,68.h5,147456,52,104,8789,0.00035264756944444444,0.0007052951388888889,0.05960422092013889,1.0,0.005916486517237456,0.0,1.0
polyp,client1,Domain1,keypoint,69.h5,147456,52,104,1808,0.00035264756944444444,0.0007052951388888889,0.012261284722222222,1.0,0.028761061946902654,0.4230769230769231,0.5769230769230769
polyp,client1,Domain1,keypoint,7.h5,147456,52,100,31170,0.00035264756944444444,0.0006781684027777778,0.21138509114583334,1.0,0.001668270773179339,0.25,0.75
polyp,client1,Domain1,keypoint,70.h5,147456,104,208,4069,0.0007052951388888889,0.0014105902777777778,0.027594672309027776,1.0,0.025559105431309903,0.21153846153846154,0.7884615384615384
polyp,client1,Domain1,keypoint,71.h5,147456,104,208,1169,0.0007052951388888889,0.0014105902777777778,0.007927788628472222,0.9903846153846154,0.08810949529512403,0.6923076923076923,0.2980769230769231
polyp,client1,Domain1,keypoint,72.h5,147456,156,312,3821,0.0010579427083333333,0.0021158854166666665,0.025912814670138888,0.9935897435897436,0.04056529704265899,0.46794871794871795,0.5256410256410257
polyp,client1,Domain1,keypoint,74.h5,147456,156,312,3662,0.0010579427083333333,0.0021158854166666665,0.024834526909722224,0.9935897435897436,0.042326597487711635,0.5705128205128205,0.4230769230769231
polyp,client1,Domain1,keypoint,75.h5,147456,156,312,3629,0.0010579427083333333,0.0021158854166666665,0.024610731336805556,0.9935897435897436,0.042711490768806835,0.532051282051282,0.46153846153846156
polyp,client1,Domain1,keypoint,76.h5,147456,104,208,2550,0.0007052951388888889,0.0014105902777777778,0.017293294270833332,1.0,0.0407843137254902,0.3557692307692308,0.6442307692307693
polyp,client1,Domain1,keypoint,77.h5,147456,104,208,2854,0.0007052951388888889,0.0014105902777777778,0.019354926215277776,0.9903846153846154,0.03608969866853539,0.5192307692307693,0.47115384615384615
polyp,client1,Domain1,keypoint,78.h5,147456,52,104,2591,0.00035264756944444444,0.0007052951388888889,0.017571343315972224,1.0,0.020069471246622925,0.17307692307692307,0.8269230769230769
polyp,client1,Domain1,keypoint,79.h5,147456,52,104,2711,0.00035264756944444444,0.0007052951388888889,0.018385145399305556,1.0,0.01918111398008115,0.21153846153846154,0.7884615384615384
polyp,client1,Domain1,keypoint,8.h5,147456,52,100,33002,0.00035264756944444444,0.0006781684027777778,0.2238091362847222,0.9230769230769231,0.0014544573056178413,0.17307692307692307,0.75
polyp,client1,Domain1,keypoint,81.h5,147456,52,104,9864,0.00035264756944444444,0.0007052951388888889,0.06689453125,1.0,0.0052716950527169504,0.0,1.0
polyp,client1,Domain1,keypoint,82.h5,147456,52,104,4830,0.00035264756944444444,0.0007052951388888889,0.032755533854166664,1.0,0.010766045548654244,0.0,1.0
polyp,client1,Domain1,keypoint,83.h5,147456,52,104,10751,0.00035264756944444444,0.0007052951388888889,0.0729098849826389,1.0,0.0048367593712212815,0.019230769230769232,0.9807692307692307
polyp,client1,Domain1,keypoint,84.h5,147456,52,104,6996,0.00035264756944444444,0.0007052951388888889,0.047444661458333336,1.0,0.007432818753573471,0.0,1.0
polyp,client1,Domain1,keypoint,85.h5,147456,52,104,7776,0.00035264756944444444,0.0007052951388888889,0.052734375,1.0,0.006687242798353909,0.0,1.0
polyp,client1,Domain1,keypoint,86.h5,147456,52,104,8146,0.00035264756944444444,0.0007052951388888889,0.055243598090277776,1.0,0.006383501104836729,0.0,1.0
polyp,client1,Domain1,keypoint,87.h5,147456,52,104,8523,0.00035264756944444444,0.0007052951388888889,0.05780029296875,1.0,0.006101138096914232,0.0,1.0
polyp,client1,Domain1,keypoint,88.h5,147456,65,169,6022,0.00044080946180555556,0.0011461046006944445,0.040839301215277776,0.8307692307692308,0.008967120557954168,0.03076923076923077,0.8
polyp,client1,Domain1,keypoint,9.h5,147456,52,100,18917,0.00035264756944444444,0.0006781684027777778,0.1282891167534722,0.9230769230769231,0.0025374002220225193,0.25,0.6730769230769231
polyp,client1,Domain1,keypoint,90.h5,147456,52,104,6795,0.00035264756944444444,0.0007052951388888889,0.04608154296875,1.0,0.007652685798381163,0.0,1.0
polyp,client1,Domain1,keypoint,91.h5,147456,52,104,6334,0.00035264756944444444,0.0007052951388888889,0.04295518663194445,1.0,0.008209662140827282,0.0,1.0
polyp,client1,Domain1,keypoint,92.h5,147456,52,104,5279,0.00035264756944444444,0.0007052951388888889,0.03580050998263889,1.0,0.009850350445160068,0.019230769230769232,0.9807692307692307
polyp,client1,Domain1,keypoint,93.h5,147456,52,104,5215,0.00035264756944444444,0.0007052951388888889,0.03536648220486111,0.9230769230769231,0.009204218600191754,0.17307692307692307,0.75
polyp,client1,Domain1,keypoint,94.h5,147456,52,104,5919,0.00035264756944444444,0.0007052951388888889,0.040140787760416664,1.0,0.008785267781719884,0.0,1.0
polyp,client1,Domain1,keypoint,95.h5,147456,52,104,6067,0.00035264756944444444,0.0007052951388888889,0.041144476996527776,1.0,0.008570957639690126,0.0,1.0
polyp,client1,Domain1,keypoint,96.h5,147456,52,104,5647,0.00035264756944444444,0.0007052951388888889,0.03829616970486111,1.0,0.009208429254471401,0.07692307692307693,0.9230769230769231
polyp,client1,Domain1,keypoint,97.h5,147456,52,104,4510,0.00035264756944444444,0.0007052951388888889,0.030585394965277776,1.0,0.011529933481152993,0.17307692307692307,0.8269230769230769
polyp,client1,Domain1,keypoint,98.h5,147456,52,104,13219,0.00035264756944444444,0.0007052951388888889,0.08964708116319445,1.0,0.003933731749754142,0.0,1.0
polyp,client1,Domain1,keypoint,99.h5,147456,52,104,9736,0.00035264756944444444,0.0007052951388888889,0.06602647569444445,1.0,0.005341002465078061,0.0,1.0
polyp,client2,Domain2,scribble,1.h5,147456,107,2709,750,0.0007256401909722222,0.01837158203125,0.005086263020833333,1.0,0.14266666666666666,0.1588785046728972,0.8411214953271028
polyp,client2,Domain2,scribble,10.h5,147456,470,2655,3096,0.0031873914930555555,0.01800537109375,0.02099609375,1.0,0.15180878552971577,0.9063829787234042,0.09361702127659574
polyp,client2,Domain2,scribble,100.h5,147456,957,2504,8265,0.006490071614583333,0.016981336805555556,0.056050618489583336,1.0,0.11578947368421053,0.15778474399164055,0.8422152560083594
polyp,client2,Domain2,scribble,101.h5,147456,733,3493,6064,0.004970974392361111,0.023688422309027776,0.04112413194444445,1.0,0.12087730870712401,0.24420190995907232,0.7557980900409277
polyp,client2,Domain2,scribble,102.h5,147456,174,3690,15486,0.0011800130208333333,0.0250244140625,0.10502115885416667,1.0,0.011235955056179775,0.16666666666666666,0.8333333333333334
polyp,client2,Domain2,scribble,103.h5,147456,676,3871,19547,0.004584418402777778,0.026251898871527776,0.1325615776909722,1.0,0.03458331201718934,0.0,1.0
polyp,client2,Domain2,scribble,104.h5,147456,1874,4805,22015,0.012708875868055556,0.032585991753472224,0.1492987738715278,1.0,0.0851237792414263,0.026147278548559232,0.9738527214514408
polyp,client2,Domain2,scribble,105.h5,147456,917,3469,17396,0.006218804253472222,0.023525661892361112,0.11797417534722222,1.0,0.052713267417797194,0.05343511450381679,0.9465648854961832
polyp,client2,Domain2,scribble,106.h5,147456,761,3252,13074,0.005160861545138889,0.022054036458333332,0.08866373697916667,1.0,0.058207128652286985,0.040735873850197106,0.9592641261498029
polyp,client2,Domain2,scribble,107.h5,147456,603,3487,8632,0.00408935546875,0.023647732204861112,0.058539496527777776,1.0,0.0698563484708063,0.8623548922056384,0.13764510779436154
polyp,client2,Domain2,scribble,108.h5,147456,1185,2938,11806,0.008036295572916666,0.019924587673611112,0.08006456163194445,1.0,0.10037269185160089,0.05147679324894515,0.9485232067510548
polyp,client2,Domain2,scribble,109.h5,147456,867,2767,7662,0.005879720052083333,0.018764919704861112,0.051961263020833336,1.0,0.11315583398590447,0.12110726643598616,0.8788927335640139
polyp,client2,Domain2,scribble,11.h5,147456,562,3526,16581,0.003811306423611111,0.023912217881944444,0.11244710286458333,1.0,0.03389421627163621,0.012455516014234875,0.9875444839857651
polyp,client2,Domain2,scribble,110.h5,147456,1310,2967,10456,0.008884006076388888,0.020121256510416668,0.07090928819444445,1.0,0.12528691660290742,0.04961832061068702,0.950381679389313
polyp,client2,Domain2,scribble,111.h5,147456,727,2910,14250,0.004930284288194444,0.019734700520833332,0.09663899739583333,1.0,0.05101754385964912,0.0041265474552957355,0.9958734525447043
polyp,client2,Domain2,scribble,112.h5,147456,656,3011,10538,0.004448784722222222,0.020419650607638888,0.07146538628472222,1.0,0.06225090149933574,0.13871951219512196,0.8612804878048781
polyp,client2,Domain2,scribble,113.h5,147456,1127,4610,12885,0.007642957899305556,0.03126356336805555,0.08738199869791667,1.0,0.08746604578967793,0.01774622892635315,0.9822537710736469
polyp,client2,Domain2,scribble,114.h5,147456,592,3768,7551,0.004014756944444444,0.025553385416666668,0.05120849609375,1.0,0.07840021189246457,0.033783783783783786,0.9662162162162162
polyp,client2,Domain2,scribble,115.h5,147456,561,3420,3569,0.0038045247395833335,0.023193359375,0.024203830295138888,1.0,0.1571868870832166,0.20677361853832443,0.7932263814616756
polyp,client2,Domain2,scribble,116.h5,147456,484,3265,2059,0.0032823350694444445,0.022142198350694444,0.013963487413194444,1.0,0.23506556580864496,0.4380165289256198,0.5619834710743802
polyp,client2,Domain2,scribble,117.h5,147456,502,2419,4332,0.0034044053819444445,0.016404893663194444,0.029378255208333332,1.0,0.11588180978762697,0.037848605577689244,0.9621513944223108
polyp,client2,Domain2,scribble,118.h5,147456,513,2900,5170,0.00347900390625,0.019666883680555556,0.03506130642361111,1.0,0.09922630560928433,0.0,1.0
polyp,client2,Domain2,scribble,119.h5,147456,887,3852,4793,0.006015353732638889,0.026123046875,0.03250461154513889,1.0,0.185061548090966,0.17812852311161217,0.8218714768883878
polyp,client2,Domain2,scribble,12.h5,147456,432,2283,4573,0.0029296875,0.015482584635416666,0.031012641059027776,1.0,0.09446752678766673,0.0763888888888889,0.9236111111111112
polyp,client2,Domain2,scribble,120.h5,147456,795,3034,5365,0.005391438802083333,0.020575629340277776,0.036383734809027776,1.0,0.14818266542404473,0.17735849056603772,0.8226415094339623
polyp,client2,Domain2,scribble,121.h5,147456,1468,3940,26677,0.009955512152777778,0.026719835069444444,0.1809149848090278,1.0,0.05502867638789969,0.06403269754768393,0.9359673024523161
polyp,client2,Domain2,scribble,122.h5,147456,1613,3649,22986,0.010938856336805556,0.024746365017361112,0.1558837890625,1.0,0.07017314887322718,0.20396776193428395,0.7960322380657161
polyp,client2,Domain2,scribble,123.h5,147456,2247,4308,20867,0.015238444010416666,0.029215494791666668,0.1415134006076389,1.0,0.1076819859107682,0.10858923008455719,0.8914107699154428
polyp,client2,Domain2,scribble,124.h5,147456,1640,3507,16994,0.011121961805555556,0.023783365885416668,0.11524793836805555,1.0,0.09650464869954102,0.03536585365853658,0.9646341463414634
polyp,client2,Domain2,scribble,125.h5,147456,843,2828,21546,0.005716959635416667,0.019178602430555556,0.1461181640625,1.0,0.0391255917571707,0.03202846975088968,0.9679715302491103
polyp,client2,Domain2,scribble,126.h5,147456,1252,4022,14325,0.008490668402777778,0.027275933159722224,0.09714762369791667,1.0,0.08739965095986038,0.012779552715654952,0.987220447284345
polyp,client2,Domain2,scribble,127.h5,147456,1453,3723,17350,0.009853786892361112,0.025248209635416668,0.11766221788194445,1.0,0.0837463976945245,0.0,1.0
polyp,client2,Domain2,scribble,128.h5,147456,859,2932,9732,0.005825466579861111,0.019883897569444444,0.06599934895833333,1.0,0.0882655158240855,0.11292200232828871,0.8870779976717112
polyp,client2,Domain2,scribble,129.h5,147456,754,4353,19574,0.005113389756944444,0.029520670572916668,0.1327446831597222,1.0,0.03852048635945642,0.0,1.0
polyp,client2,Domain2,scribble,13.h5,147456,298,2412,3753,0.002020941840277778,0.016357421875,0.02545166015625,1.0,0.07940314415134558,0.3187919463087248,0.6812080536912751
polyp,client2,Domain2,scribble,130.h5,147456,1490,5042,18405,0.010104709201388888,0.03419325086805555,0.12481689453125,1.0,0.08095626188535723,0.0087248322147651,0.991275167785235
polyp,client2,Domain2,scribble,131.h5,147456,976,4182,7820,0.006618923611111111,0.028361002604166668,0.053032769097222224,1.0,0.1248081841432225,0.020491803278688523,0.9795081967213115
polyp,client2,Domain2,scribble,132.h5,147456,1052,4022,6247,0.007134331597222222,0.027275933159722224,0.042365180121527776,1.0,0.16840083239955178,0.06463878326996197,0.935361216730038
polyp,client2,Domain2,scribble,133.h5,147456,802,3849,6885,0.005438910590277778,0.026102701822916668,0.04669189453125,1.0,0.11648511256354394,0.08603491271820449,0.9139650872817955
polyp,client2,Domain2,scribble,134.h5,147456,620,3114,8178,0.004204644097222222,0.0211181640625,0.055460611979166664,1.0,0.07581315725116165,0.08709677419354839,0.9129032258064517
polyp,client2,Domain2,scribble,135.h5,147456,1055,3586,8159,0.007154676649305556,0.024319118923611112,0.05533175998263889,1.0,0.12930506189484006,0.1052132701421801,0.8947867298578199
polyp,client2,Domain2,scribble,136.h5,147456,393,3301,9612,0.0026652018229166665,0.022386338975694444,0.065185546875,1.0,0.04088639200998752,0.043256997455470736,0.9567430025445293
polyp,client2,Domain2,scribble,137.h5,147456,723,3688,22273,0.004903157552083333,0.025010850694444444,0.15104844835069445,1.0,0.03246082701028151,0.0,1.0
polyp,client2,Domain2,scribble,138.h5,147456,414,3341,18831,0.0028076171875,0.022657606336805556,0.12770589192708334,1.0,0.021985024693324837,0.37681159420289856,0.6231884057971014
polyp,client2,Domain2,scribble,139.h5,147456,1191,2887,11992,0.008076985677083334,0.019578721788194444,0.0813259548611111,1.0,0.0993162108072048,0.15533165407220823,0.8446683459277917
polyp,client2,Domain2,scribble,14.h5,147456,595,3593,7055,0.004035101996527778,0.024366590711805556,0.047844780815972224,1.0,0.08433734939759036,0.10588235294117647,0.8941176470588236
polyp,client2,Domain2,scribble,140.h5,147456,1206,3816,11783,0.0081787109375,0.02587890625,0.07990858289930555,1.0,0.10235084443690062,0.13432835820895522,0.8656716417910447
polyp,client2,Domain2,scribble,141.h5,147456,1424,4351,13537,0.009657118055555556,0.029507107204861112,0.09180365668402778,1.0,0.10519317426313068,0.012640449438202247,0.9873595505617978
polyp,client2,Domain2,scribble,142.h5,147456,976,4199,13425,0.006618923611111111,0.028476291232638888,0.09104410807291667,1.0,0.0727001862197393,0.0471311475409836,0.9528688524590164
polyp,client2,Domain2,scribble,143.h5,147456,791,2293,7128,0.005364312065972222,0.015550401475694444,0.04833984375,1.0,0.11097081930415263,0.5233881163084703,0.47661188369152974
polyp,client2,Domain2,scribble,144.h5,147456,610,3064,17987,0.004136827256944444,0.020779079861111112,0.1219821506076389,1.0,0.03391338188691833,0.03114754098360656,0.9688524590163935
polyp,client2,Domain2,scribble,145.h5,147456,646,3585,19291,0.004380967881944444,0.024312337239583332,0.1308254665798611,1.0,0.03348711834534239,0.03715170278637771,0.9628482972136223
polyp,client2,Domain2,scribble,146.h5,147456,660,2321,8351,0.004475911458333333,0.015740288628472224,0.056633843315972224,1.0,0.07903245120344869,0.2015151515151515,0.7984848484848485
polyp,client2,Domain2,scribble,147.h5,147456,449,3377,6814,0.003044976128472222,0.022901746961805556,0.046210394965277776,1.0,0.06589374816554153,0.10022271714922049,0.8997772828507795
polyp,client2,Domain2,scribble,148.h5,147456,863,2658,9547,0.005852593315972222,0.018025716145833332,0.06474473741319445,1.0,0.09039488844663245,0.05909617612977984,0.9409038238702202
polyp,client2,Domain2,scribble,149.h5,147456,396,3636,14148,0.002685546875,0.024658203125,0.095947265625,1.0,0.027989821882951654,0.0,1.0
polyp,client2,Domain2,scribble,15.h5,147456,302,3161,5133,0.002048068576388889,0.021436903211805556,0.034810384114583336,1.0,0.058834989285018506,0.0,1.0
polyp,client2,Domain2,scribble,150.h5,147456,416,3667,10557,0.0028211805555555555,0.024868435329861112,0.07159423828125,1.0,0.039405134034290044,0.08173076923076923,0.9182692307692307
polyp,client2,Domain2,scribble,151.h5,147456,812,3913,7481,0.005506727430555556,0.026536729600694444,0.05073377821180555,1.0,0.1085416388183398,0.05172413793103448,0.9482758620689655
polyp,client2,Domain2,scribble,152.h5,147456,686,3659,6213,0.004652235243055556,0.024814181857638888,0.042134602864583336,1.0,0.11041364880090133,0.16326530612244897,0.8367346938775511
polyp,client2,Domain2,scribble,153.h5,147456,351,3315,6774,0.00238037109375,0.022481282552083332,0.045939127604166664,1.0,0.05181576616474756,0.09116809116809117,0.9088319088319088
polyp,client2,Domain2,scribble,154.h5,147456,795,3659,6116,0.005391438802083333,0.024814181857638888,0.04147677951388889,1.0,0.12998691955526487,0.10566037735849057,0.8943396226415095
polyp,client2,Domain2,scribble,155.h5,147456,835,3755,5128,0.005662706163194444,0.025465223524305556,0.03477647569444445,1.0,0.1628315132605304,0.3017964071856287,0.6982035928143713
polyp,client2,Domain2,scribble,156.h5,147456,313,2713,4492,0.0021226671006944445,0.018398708767361112,0.030463324652777776,1.0,0.06967943009795191,0.19169329073482427,0.8083067092651757
polyp,client2,Domain2,scribble,157.h5,147456,581,3233,3428,0.003940158420138889,0.021925184461805556,0.023247612847222224,1.0,0.16948658109684947,0.1359724612736661,0.8640275387263339
polyp,client2,Domain2,scribble,158.h5,147456,410,3088,3329,0.002780490451388889,0.020941840277777776,0.022576226128472224,1.0,0.12316010814058276,0.11707317073170732,0.8829268292682927
polyp,client2,Domain2,scribble,159.h5,147456,432,3240,3703,0.0029296875,0.02197265625,0.025112575954861112,1.0,0.11666216581150418,0.3912037037037037,0.6087962962962963
polyp,client2,Domain2,scribble,16.h5,147456,207,3477,13631,0.00140380859375,0.023579915364583332,0.0924411349826389,1.0,0.01518597314943878,0.0,1.0
polyp,client2,Domain2,scribble,160.h5,147456,450,3247,3140,0.0030517578125,0.022020128038194444,0.021294487847222224,1.0,0.14331210191082802,0.30666666666666664,0.6933333333333334
polyp,client2,Domain2,scribble,161.h5,147456,605,3417,3502,0.004102918836805556,0.023173014322916668,0.023749457465277776,1.0,0.17275842375785266,0.06942148760330578,0.9305785123966942
polyp,client2,Domain2,scribble,162.h5,147456,378,3051,2729,0.0025634765625,0.02069091796875,0.018507215711805556,1.0,0.13851227555881276,0.3306878306878307,0.6693121693121693
polyp,client2,Domain2,scribble,163.h5,147456,603,3397,4149,0.00408935546875,0.023037380642361112,0.02813720703125,1.0,0.14533622559652928,0.4427860696517413,0.5572139303482587
polyp,client2,Domain2,scribble,164.h5,147456,467,3284,4951,0.003167046440972222,0.022271050347222224,0.033576117621527776,1.0,0.09432437891335084,0.1905781584582441,0.8094218415417559
polyp,client2,Domain2,scribble,165.h5,147456,432,3285,6120,0.0029296875,0.02227783203125,0.04150390625,1.0,0.07058823529411765,0.19444444444444445,0.8055555555555556
polyp,client2,Domain2,scribble,166.h5,147456,585,3563,7757,0.00396728515625,0.024163140190972224,0.052605523003472224,1.0,0.07541575351295604,0.07179487179487179,0.9282051282051282
polyp,client2,Domain2,scribble,167.h5,147456,323,2989,4261,0.002190483940972222,0.020270453559027776,0.028896755642361112,1.0,0.07580380192443088,0.19814241486068113,0.8018575851393189
polyp,client2,Domain2,scribble,168.h5,147456,162,2471,3726,0.0010986328125,0.016757541232638888,0.0252685546875,1.0,0.043478260869565216,0.09259259259259259,0.9074074074074074
polyp,client2,Domain2,scribble,169.h5,147456,304,3007,5824,0.0020616319444444445,0.020392523871527776,0.039496527777777776,1.0,0.0521978021978022,0.29605263157894735,0.7039473684210527
polyp,client2,Domain2,scribble,17.h5,147456,457,3663,10671,0.0030992296006944445,0.02484130859375,0.07236735026041667,1.0,0.04282635179458345,0.0,1.0
polyp,client2,Domain2,scribble,170.h5,147456,1030,3665,11046,0.006985134548611111,0.024854871961805556,0.07491048177083333,1.0,0.09324642404490313,0.03300970873786408,0.9669902912621359
polyp,client2,Domain2,scribble,171.h5,147456,1771,4468,27149,0.012010362413194444,0.030300564236111112,0.1841159396701389,1.0,0.06523260525249548,0.05815923207227555,0.9418407679277244
polyp,client2,Domain2,scribble,172.h5,147456,582,3400,4051,0.003946940104166667,0.023057725694444444,0.027472601996527776,1.0,0.14366823006665022,0.17697594501718214,0.8230240549828178
polyp,client2,Domain2,scribble,173.h5,147456,520,3369,5027,0.0035264756944444445,0.022847493489583332,0.03409152560763889,1.0,0.10344141635170082,0.2673076923076923,0.7326923076923076
polyp,client2,Domain2,scribble,174.h5,147456,365,3175,4159,0.002475314670138889,0.021531846788194444,0.028205023871527776,1.0,0.0877614811252705,0.1589041095890411,0.8410958904109589
polyp,client2,Domain2,scribble,175.h5,147456,599,3507,6216,0.004062228732638889,0.023783365885416668,0.042154947916666664,1.0,0.09636422136422136,0.2303839732888147,0.7696160267111853
polyp,client2,Domain2,scribble,176.h5,147456,647,3600,6538,0.004387749565972222,0.0244140625,0.04433865017361111,1.0,0.09895992658305292,0.17619783616692428,0.8238021638330757
polyp,client2,Domain2,scribble,177.h5,147456,472,3345,3967,0.003200954861111111,0.022684733072916668,0.026902940538194444,1.0,0.11898159818502647,0.4385593220338983,0.5614406779661016
polyp,client2,Domain2,scribble,178.h5,147456,700,3480,3825,0.004747178819444444,0.023600260416666668,0.02593994140625,1.0,0.1830065359477124,0.1742857142857143,0.8257142857142857
polyp,client2,Domain2,scribble,179.h5,147456,197,2849,4094,0.0013359917534722222,0.019321017795138888,0.027764214409722224,1.0,0.048119198827552515,0.26903553299492383,0.7309644670050761
polyp,client2,Domain2,scribble,18.h5,147456,186,3213,7391,0.0012613932291666667,0.02178955078125,0.05012342664930555,1.0,0.025165742118793126,0.0,1.0
polyp,client2,Domain2,scribble,180.h5,147456,583,3679,7046,0.003953721788194444,0.024949815538194444,0.047783745659722224,1.0,0.0827419812659665,0.0,1.0
polyp,client2,Domain2,scribble,181.h5,147456,701,3455,5121,0.004753960503472222,0.023430718315972224,0.03472900390625,1.0,0.13688732669400508,0.43509272467902993,0.5649072753209701
polyp,client2,Domain2,scribble,182.h5,147456,180,2788,3936,0.001220703125,0.018907335069444444,0.026692708333333332,1.0,0.04573170731707317,0.24444444444444444,0.7555555555555555
polyp,client2,Domain2,scribble,183.h5,147456,290,2683,2989,0.0019666883680555555,0.018195258246527776,0.020270453559027776,1.0,0.09702241552358648,0.1896551724137931,0.8103448275862069
polyp,client2,Domain2,scribble,184.h5,147456,372,3084,3314,0.0025227864583333335,0.020914713541666668,0.022474500868055556,1.0,0.11225105612552806,0.25,0.75
polyp,client2,Domain2,scribble,185.h5,147456,395,3019,1639,0.002678765190972222,0.020473904079861112,0.011115180121527778,1.0,0.2410006101281269,0.7139240506329114,0.28607594936708863
polyp,client2,Domain2,scribble,186.h5,147456,394,3092,2009,0.0026719835069444445,0.020968967013888888,0.013624403211805556,1.0,0.19611747137879543,0.41878172588832485,0.5812182741116751
polyp,client2,Domain2,scribble,187.h5,147456,445,3188,2235,0.003017849392361111,0.021620008680555556,0.015157063802083334,1.0,0.19910514541387025,0.19775280898876405,0.802247191011236
polyp,client2,Domain2,scribble,188.h5,147456,306,3037,2096,0.0020751953125,0.020595974392361112,0.014214409722222222,1.0,0.14599236641221375,0.32679738562091504,0.673202614379085
polyp,client2,Domain2,scribble,189.h5,147456,390,3184,4329,0.0026448567708333335,0.021592881944444444,0.02935791015625,1.0,0.09009009009009009,0.1794871794871795,0.8205128205128205
polyp,client2,Domain2,scribble,19.h5,147456,797,3961,9219,0.005405002170138889,0.026862250434027776,0.06252034505208333,1.0,0.08645189283002495,0.10790464240903387,0.8920953575909661
polyp,client2,Domain2,scribble,190.h5,147456,161,2905,3395,0.0010918511284722222,0.019700792100694444,0.023023817274305556,1.0,0.04742268041237113,0.0,1.0
polyp,client2,Domain2,scribble,191.h5,147456,762,3600,5909,0.005167643229166667,0.0244140625,0.04007297092013889,1.0,0.1289558300896937,0.16666666666666666,0.8333333333333334
polyp,client2,Domain2,scribble,192.h5,147456,764,3602,5082,0.005181206597222222,0.024427625868055556,0.034464518229166664,1.0,0.1503345139708776,0.46727748691099474,0.5327225130890052
polyp,client2,Domain2,scribble,193.h5,147456,510,3321,5650,0.0034586588541666665,0.02252197265625,0.03831651475694445,1.0,0.09026548672566372,0.20980392156862746,0.7901960784313725
polyp,client2,Domain2,scribble,194.h5,147456,855,3798,6157,0.00579833984375,0.0257568359375,0.041754828559027776,1.0,0.13886633100535975,0.4023391812865497,0.5976608187134503
polyp,client2,Domain2,scribble,195.h5,147456,699,3531,3868,0.004740397135416667,0.023946126302083332,0.026231553819444444,1.0,0.18071354705274043,0.22603719599427755,0.7739628040057225
polyp,client2,Domain2,scribble,196.h5,147456,577,3281,4064,0.003913031684027778,0.022250705295138888,0.027560763888888888,1.0,0.1419783464566929,0.1369150779896014,0.8630849220103987
polyp,client2,Domain2,scribble,197.h5,147456,675,3802,7777,0.00457763671875,0.025783962673611112,0.052741156684027776,1.0,0.0867943937250868,0.0,1.0
polyp,client2,Domain2,scribble,198.h5,147456,298,2600,2702,0.002020941840277778,0.017632378472222224,0.018324110243055556,1.0,0.11028867505551443,0.2986577181208054,0.7013422818791947
polyp,client2,Domain2,scribble,199.h5,147456,291,3023,3992,0.0019734700520833335,0.020501030815972224,0.027072482638888888,1.0,0.07289579158316634,0.23024054982817868,0.7697594501718213
polyp,client2,Domain2,scribble,2.h5,147456,181,2618,536,0.0012274848090277778,0.017754448784722224,0.003634982638888889,1.0,0.3376865671641791,0.23756906077348067,0.7624309392265194
polyp,client2,Domain2,scribble,20.h5,147456,1136,4455,15279,0.007703993055555556,0.03021240234375,0.10361735026041667,1.0,0.0743504156031154,0.15316901408450703,0.846830985915493
polyp,client2,Domain2,scribble,200.h5,147456,421,3175,2388,0.0028550889756944445,0.021531846788194444,0.016194661458333332,1.0,0.17629815745393634,0.1876484560570071,0.8123515439429929
polyp,client2,Domain2,scribble,201.h5,147456,349,3019,1866,0.0023668077256944445,0.020473904079861112,0.012654622395833334,1.0,0.1870310825294748,0.12034383954154727,0.8796561604584527
polyp,client2,Domain2,scribble,202.h5,147456,647,3566,5106,0.004387749565972222,0.024183485243055556,0.034627278645833336,1.0,0.12671367019193105,0.12982998454404945,0.8701700154559505
polyp,client2,Domain2,scribble,203.h5,147456,456,3222,3616,0.0030924479166666665,0.0218505859375,0.024522569444444444,1.0,0.1261061946902655,0.6666666666666666,0.3333333333333333
polyp,client2,Domain2,scribble,204.h5,147456,360,2988,2127,0.00244140625,0.020263671875,0.014424641927083334,1.0,0.1692524682651622,0.2722222222222222,0.7277777777777777
polyp,client2,Domain2,scribble,205.h5,147456,217,2833,1209,0.0014716254340277778,0.019212510850694444,0.008199055989583334,1.0,0.1794871794871795,0.30414746543778803,0.695852534562212
polyp,client2,Domain2,scribble,206.h5,147456,228,2937,1124,0.0015462239583333333,0.019917805989583332,0.007622612847222222,1.0,0.20284697508896798,0.3201754385964912,0.6798245614035088
polyp,client2,Domain2,scribble,207.h5,147456,523,3170,1547,0.003546820746527778,0.021497938368055556,0.010491265190972222,1.0,0.3380736910148675,0.6940726577437859,0.30592734225621415
polyp,client2,Domain2,scribble,208.h5,147456,300,2987,804,0.0020345052083333335,0.020256890190972224,0.005452473958333333,1.0,0.373134328358209,0.4866666666666667,0.5133333333333333
polyp,client2,Domain2,scribble,209.h5,147456,430,2722,1348,0.0029161241319444445,0.018459743923611112,0.009141710069444444,1.0,0.3189910979228487,0.6813953488372093,0.3186046511627907
polyp,client2,Domain2,scribble,21.h5,147456,575,3744,10738,0.003899468315972222,0.025390625,0.07282172309027778,1.0,0.05354814676848575,0.06260869565217392,0.9373913043478261
polyp,client2,Domain2,scribble,210.h5,147456,514,3035,3057,0.003485785590277778,0.020582411024305556,0.020731608072916668,1.0,0.16813869807000328,0.13424124513618677,0.8657587548638133
polyp,client2,Domain2,scribble,211.h5,147456,153,2729,3470,0.00103759765625,0.018507215711805556,0.023532443576388888,1.0,0.044092219020172914,0.13725490196078433,0.8627450980392157
polyp,client2,Domain2,scribble,212.h5,147456,690,3509,6508,0.004679361979166667,0.023796929253472224,0.044135199652777776,1.0,0.10602335586969883,0.14202898550724638,0.8579710144927536
polyp,client2,Domain2,scribble,213.h5,147456,540,3355,5982,0.003662109375,0.022752549913194444,0.040568033854166664,1.0,0.09027081243731194,0.11296296296296296,0.8870370370370371
polyp,client2,Domain2,scribble,214.h5,147456,747,3560,4592,0.00506591796875,0.024142795138888888,0.031141493055555556,1.0,0.16267421602787457,0.10040160642570281,0.8995983935742972
polyp,client2,Domain2,scribble,215.h5,147456,597,3441,4846,0.004048665364583333,0.023335774739583332,0.03286404079861111,1.0,0.12319438712340074,0.47068676716917923,0.5293132328308208
polyp,client2,Domain2,scribble,216.h5,147456,182,3045,5794,0.0012342664930555555,0.020650227864583332,0.03929307725694445,1.0,0.03141180531584398,0.11538461538461539,0.8846153846153846
polyp,client2,Domain2,scribble,217.h5,147456,475,2442,3907,0.0032212999131944445,0.016560872395833332,0.026496039496527776,1.0,0.12157665728180189,0.11157894736842106,0.888421052631579
polyp,client2,Domain2,scribble,218.h5,147456,278,2779,10271,0.0018853081597222222,0.018846299913194444,0.06965467664930555,1.0,0.02706649790672768,0.0,1.0
polyp,client2,Domain2,scribble,219.h5,147456,95,3175,8991,0.0006442599826388889,0.021531846788194444,0.06097412109375,1.0,0.010566121677232788,0.0,1.0
polyp,client2,Domain2,scribble,22.h5,147456,453,3139,8487,0.0030721028645833335,0.021287706163194444,0.05755615234375,1.0,0.053375751148815834,0.0,1.0
polyp,client2,Domain2,scribble,220.h5,147456,216,3099,5929,0.00146484375,0.021016438802083332,0.04020860460069445,1.0,0.0364311013661663,0.06018518518518518,0.9398148148148148
polyp,client2,Domain2,scribble,23.h5,147456,425,2772,7719,0.0028822157118055555,0.018798828125,0.052347819010416664,1.0,0.05505894545925638,0.007058823529411765,0.9929411764705882
polyp,client2,Domain2,scribble,24.h5,147456,406,3671,12266,0.002753363715277778,0.024895562065972224,0.08318413628472222,1.0,0.03309962497961846,0.0,1.0
polyp,client2,Domain2,scribble,25.h5,147456,411,2804,4723,0.0027872721354166665,0.019015842013888888,0.03202989366319445,1.0,0.08702096125344061,0.12408759124087591,0.8759124087591241
polyp,client2,Domain2,scribble,26.h5,147456,581,3350,3095,0.003940158420138889,0.022718641493055556,0.020989312065972224,1.0,0.1877221324717286,0.11703958691910499,0.882960413080895
polyp,client2,Domain2,scribble,27.h5,147456,546,2671,2864,0.0037027994791666665,0.018113878038194444,0.019422743055555556,1.0,0.19064245810055866,0.08974358974358974,0.9102564102564102
polyp,client2,Domain2,scribble,273.h5,147456,300,3022,2864,0.0020345052083333335,0.020494249131944444,0.019422743055555556,1.0,0.10474860335195531,0.06,0.94
polyp,client2,Domain2,scribble,274.h5,147456,542,773,12286,0.0036756727430555555,0.005242241753472222,0.08331976996527778,1.0,0.04411525313364806,0.14575645756457564,0.8542435424354243
polyp,client2,Domain2,scribble,275.h5,147456,1544,4592,13799,0.010470920138888888,0.031141493055555556,0.09358045789930555,1.0,0.11189216609899268,0.1133419689119171,0.8866580310880829
polyp,client2,Domain2,scribble,276.h5,147456,1634,4743,18134,0.011081271701388888,0.03216552734375,0.12297905815972222,1.0,0.09010698136097937,0.07282741738066095,0.927172582619339
polyp,client2,Domain2,scribble,277.h5,147456,1176,4164,11790,0.007975260416666666,0.028238932291666668,0.0799560546875,1.0,0.09974554707379135,0.070578231292517,0.9294217687074829
polyp,client2,Domain2,scribble,278.h5,147456,589,3390,7477,0.003994411892361111,0.022989908854166668,0.05070665147569445,1.0,0.078774909723151,0.30560271646859083,0.6943972835314092
polyp,client2,Domain2,scribble,279.h5,147456,1631,4665,9861,0.011060926649305556,0.031636555989583336,0.06687418619791667,1.0,0.16539904674982253,0.10116492949110975,0.8988350705088902
polyp,client2,Domain2,scribble,28.h5,147456,437,3161,14633,0.002963595920138889,0.021436903211805556,0.09923638237847222,1.0,0.029864006013804414,0.009153318077803204,0.9908466819221968
polyp,client2,Domain2,scribble,280.h5,147456,893,3511,8387,0.006056043836805556,0.023810492621527776,0.056877983940972224,1.0,0.10647430547275545,0.2284434490481523,0.7715565509518477
polyp,client2,Domain2,scribble,281.h5,147456,672,3119,7762,0.004557291666666667,0.021152072482638888,0.05263943142361111,1.0,0.08657562483895903,0.2693452380952381,0.7306547619047619
polyp,client2,Domain2,scribble,282.h5,147456,408,2720,4791,0.0027669270833333335,0.018446180555555556,0.032491048177083336,1.0,0.08515967438948027,0.16666666666666666,0.8333333333333334
polyp,client2,Domain2,scribble,283.h5,147456,403,2688,4626,0.0027330186631944445,0.018229166666666668,0.0313720703125,1.0,0.08711629917855598,0.24813895781637718,0.7518610421836228
polyp,client2,Domain2,scribble,284.h5,147456,802,3054,9154,0.005438910590277778,0.020711263020833332,0.062079535590277776,1.0,0.08761197290801835,0.1596009975062344,0.8403990024937655
polyp,client2,Domain2,scribble,285.h5,147456,400,2945,11512,0.002712673611111111,0.019972059461805556,0.07807074652777778,1.0,0.03474635163307853,0.085,0.915
polyp,client2,Domain2,scribble,286.h5,147456,2115,4621,17671,0.01434326171875,0.03133816189236111,0.1198391384548611,1.0,0.11968762379039104,0.19952718676122932,0.8004728132387707
polyp,client2,Domain2,scribble,287.h5,147456,1712,1872,13666,0.011610243055555556,0.0126953125,0.0926784939236111,1.0,0.12527440362944534,0.07885514018691589,0.9211448598130841
polyp,client2,Domain2,scribble,288.h5,147456,1445,4400,14967,0.009799533420138888,0.029839409722222224,0.10150146484375,1.0,0.09654573394801898,0.06228373702422145,0.9377162629757786
polyp,client2,Domain2,scribble,289.h5,147456,1548,4510,16297,0.010498046875,0.030585394965277776,0.11052110460069445,1.0,0.09498680738786279,0.05555555555555555,0.9444444444444444
polyp,client2,Domain2,scribble,29.h5,147456,857,2984,12493,0.005811903211805556,0.020236545138888888,0.08472357855902778,1.0,0.06859841511246298,0.007001166861143524,0.9929988331388565
polyp,client2,Domain2,scribble,290.h5,147456,1096,4110,10745,0.007432725694444444,0.027872721354166668,0.07286919487847222,1.0,0.10200093066542577,0.23083941605839417,0.7691605839416058
polyp,client2,Domain2,scribble,291.h5,147456,895,1233,10658,0.006069607204861111,0.00836181640625,0.07227918836805555,1.0,0.08397447926440232,0.19106145251396647,0.8089385474860336
polyp,client2,Domain2,scribble,292.h5,147456,1323,4342,7292,0.00897216796875,0.029446072048611112,0.04945203993055555,1.0,0.18143170597915523,0.20483749055177627,0.7951625094482238
polyp,client2,Domain2,scribble,293.h5,147456,989,1256,10530,0.006707085503472222,0.008517795138888888,0.0714111328125,1.0,0.09392212725546059,0.24064711830131447,0.7593528816986855
polyp,client2,Domain2,scribble,294.h5,147456,2112,2287,12286,0.014322916666666666,0.015509711371527778,0.08331976996527778,1.0,0.17190297900048837,0.22585227272727273,0.7741477272727273
polyp,client2,Domain2,scribble,295.h5,147456,1568,4612,13799,0.010633680555555556,0.03127712673611111,0.09358045789930555,1.0,0.11363142256685267,0.11479591836734694,0.8852040816326531
polyp,client2,Domain2,scribble,296.h5,147456,1328,4404,18134,0.009006076388888888,0.029866536458333332,0.12297905815972222,1.0,0.07323260174258299,0.053463855421686746,0.9465361445783133
polyp,client2,Domain2,scribble,297.h5,147456,1392,4271,11790,0.009440104166666666,0.028964572482638888,0.0799560546875,1.0,0.11806615776081425,0.05603448275862069,0.9439655172413793
polyp,client2,Domain2,scribble,298.h5,147456,1362,4000,7477,0.009236653645833334,0.027126736111111112,0.05070665147569445,1.0,0.18215861976728634,0.21365638766519823,0.7863436123348018
polyp,client2,Domain2,scribble,299.h5,147456,632,3434,9861,0.004286024305555556,0.023288302951388888,0.06687418619791667,1.0,0.06409086299563939,0.34651898734177217,0.6534810126582279
polyp,client2,Domain2,scribble,3.h5,147456,489,2554,7501,0.0033162434895833335,0.017320421006944444,0.05086941189236111,1.0,0.06519130782562325,0.0,1.0
polyp,client2,Domain2,scribble,30.h5,147456,662,2566,5133,0.004489474826388889,0.017401801215277776,0.034810384114583336,1.0,0.1289694135982856,0.12537764350453173,0.8746223564954683
polyp,client2,Domain2,scribble,300.h5,147456,738,3522,8387,0.0050048828125,0.023885091145833332,0.056877983940972224,1.0,0.08799332299988077,0.12737127371273713,0.8726287262872628
polyp,client2,Domain2,scribble,301.h5,147456,3127,5504,47484,0.021206325954861112,0.03732638888888889,0.322021484375,1.0,0.06585376126695308,0.03997441637352095,0.960025583626479
polyp,client2,Domain2,scribble,302.h5,147456,2775,4266,77895,0.018819173177083332,0.0289306640625,0.52825927734375,1.0,0.03562487964567687,0.07423423423423424,0.9257657657657657
polyp,client2,Domain2,scribble,303.h5,147456,458,2714,77013,0.003106011284722222,0.018405490451388888,0.52227783203125,1.0,0.005947047901003727,0.11572052401746726,0.8842794759825328
polyp,client2,Domain2,scribble,304.h5,147456,2127,4403,72859,0.014424641927083334,0.029859754774305556,0.4941067165798611,1.0,0.02919337350224406,0.10907381288199341,0.8909261871180065
polyp,client2,Domain2,scribble,305.h5,147456,114,2467,70449,0.0007731119791666666,0.016730414496527776,0.4777628580729167,1.0,0.0016181918834901844,0.0,1.0
polyp,client2,Domain2,scribble,306.h5,147456,1062,4140,59025,0.0072021484375,0.028076171875,0.4002888997395833,1.0,0.017992376111817025,0.0,1.0
polyp,client2,Domain2,scribble,307.h5,147456,69,3110,42348,0.0004679361979166667,0.021091037326388888,0.2871907552083333,1.0,0.001629356758288467,0.0,1.0
polyp,client2,Domain2,scribble,308.h5,147456,2724,5269,57497,0.018473307291666668,0.03573269314236111,0.3899264865451389,1.0,0.047376384854861994,0.038913362701908955,0.9610866372980911
polyp,client2,Domain2,scribble,309.h5,147456,2153,2531,33830,0.014600965711805556,0.017164442274305556,0.2294243706597222,1.0,0.06364173810227608,0.07152810032512773,0.9284718996748723
polyp,client2,Domain2,scribble,31.h5,147456,197,3176,6513,0.0013359917534722222,0.021538628472222224,0.044169108072916664,1.0,0.03024719791186857,0.0,1.0
polyp,client2,Domain2,scribble,310.h5,147456,680,2469,93013,0.004611545138888889,0.016743977864583332,0.6307847764756944,1.0,0.007310806016363304,0.026470588235294117,0.9735294117647059
polyp,client2,Domain2,scribble,311.h5,147456,1705,4508,59460,0.011562771267361112,0.030571831597222224,0.4032389322916667,1.0,0.02867473932055163,0.10381231671554252,0.8961876832844575
polyp,client2,Domain2,scribble,312.h5,147456,46,2900,57474,0.00031195746527777775,0.019666883680555556,0.3897705078125,1.0,0.000800361902773428,0.0,1.0
polyp,client2,Domain2,scribble,313.h5,147456,2486,6332,43978,0.016859266493055556,0.04294162326388889,0.2982449001736111,1.0,0.05652826413206603,0.06717618664521319,0.9328238133547868
polyp,client2,Domain2,scribble,314.h5,147456,533,3409,48463,0.0036146375868055555,0.023118760850694444,0.3286607530381944,1.0,0.010998081010255246,0.06566604127579738,0.9343339587242027
polyp,client2,Domain2,scribble,315.h5,147456,1739,4828,36583,0.011793348524305556,0.03274197048611111,0.24809434678819445,1.0,0.04753574064456168,0.06670500287521564,0.9332949971247844
polyp,client2,Domain2,scribble,316.h5,147456,1565,4445,26534,0.010613335503472222,0.030144585503472224,0.17994520399305555,1.0,0.058980930127383736,0.031309904153354634,0.9686900958466453
polyp,client2,Domain2,scribble,317.h5,147456,987,3352,46196,0.006693522135416667,0.022732204861111112,0.3132866753472222,1.0,0.02136548618928046,0.12056737588652482,0.8794326241134752
polyp,client2,Domain2,scribble,318.h5,147456,934,3720,56488,0.006334092881944444,0.025227864583333332,0.3830837673611111,1.0,0.016534485200396545,0.06638115631691649,0.9336188436830836
polyp,client2,Domain2,scribble,319.h5,147456,1358,4157,45348,0.009209526909722222,0.028191460503472224,0.3075358072916667,1.0,0.02994619387845109,0.06111929307805596,0.938880706921944
polyp,client2,Domain2,scribble,32.h5,147456,1067,4313,13522,0.007236056857638889,0.029249403211805556,0.0917019314236111,1.0,0.07890844549622837,0.05810684161199625,0.9418931583880038
polyp,client2,Domain2,scribble,320.h5,147456,1897,4686,42713,0.012864854600694444,0.031778971354166664,0.2896660698784722,1.0,0.044412708074824996,0.07485503426462836,0.9251449657353716
polyp,client2,Domain2,scribble,321.h5,147456,1484,3220,42833,0.010064019097222222,0.021837022569444444,0.2904798719618056,1.0,0.03464618401699624,0.05053908355795148,0.9494609164420486
polyp,client2,Domain2,scribble,322.h5,147456,2630,4194,69308,0.017835828993055556,0.0284423828125,0.4700249565972222,1.0,0.0379465573959716,0.07946768060836502,0.9205323193916349
polyp,client2,Domain2,scribble,323.h5,147456,981,2798,40504,0.00665283203125,0.018975151909722224,0.2746853298611111,1.0,0.024219830140233062,0.05606523955147808,0.9439347604485219
polyp,client2,Domain2,scribble,324.h5,147456,939,2201,20160,0.006368001302083333,0.014926486545138888,0.13671875,1.0,0.04657738095238095,0.05218317358892439,0.9478168264110756
polyp,client2,Domain2,scribble,325.h5,147456,705,2471,26494,0.004781087239583333,0.016757541232638888,0.17967393663194445,1.0,0.02660979844493093,0.02695035460992908,0.9730496453900709
polyp,client2,Domain2,scribble,326.h5,147456,936,2897,22856,0.00634765625,0.019646538628472224,0.1550021701388889,1.0,0.040952047602380116,0.08226495726495726,0.9177350427350427
polyp,client2,Domain2,scribble,327.h5,147456,1444,3741,21884,0.009792751736111112,0.025370279947916668,0.1484103732638889,1.0,0.06598428075306159,0.07756232686980609,0.9224376731301939
polyp,client2,Domain2,scribble,328.h5,147456,491,3070,32547,0.003329806857638889,0.020819769965277776,0.22072347005208334,1.0,0.015085875810366547,0.034623217922606926,0.9653767820773931
polyp,client2,Domain2,scribble,329.h5,147456,425,2881,28131,0.0028822157118055555,0.019538031684027776,0.19077555338541666,1.0,0.015107888094984182,0.04470588235294118,0.9552941176470588
polyp,client2,Domain2,scribble,33.h5,147456,231,3242,7403,0.0015665690104166667,0.021986219618055556,0.05020480685763889,1.0,0.031203566121842496,0.18614718614718614,0.8138528138528138
polyp,client2,Domain2,scribble,330.h5,147456,1955,4456,52379,0.013258192274305556,0.030219184027777776,0.3552178276909722,1.0,0.037324118444414744,0.043989769820971865,0.9560102301790281
polyp,client2,Domain2,scribble,331.h5,147456,1697,3683,41526,0.011508517795138888,0.024976942274305556,0.2816162109375,1.0,0.04086596349275153,0.1060695344725987,0.8939304655274013
polyp,client2,Domain2,scribble,332.h5,147456,1390,3634,62137,0.009426540798611112,0.024644639756944444,0.4213935004340278,1.0,0.02236992452162158,0.21151079136690648,0.7884892086330936
polyp,client2,Domain2,scribble,333.h5,147456,271,2379,33239,0.0018378363715277778,0.016133626302083332,0.22541639539930555,1.0,0.008153073197147928,0.08487084870848709,0.915129151291513
polyp,client2,Domain2,scribble,334.h5,147456,888,3250,34542,0.006022135416666667,0.022040473090277776,0.2342529296875,1.0,0.025707833941288866,0.019144144144144143,0.9808558558558559
polyp,client2,Domain2,scribble,335.h5,147456,2562,4467,55217,0.017374674479166668,0.030293782552083332,0.3744642469618056,1.0,0.04639875400691816,0.04332552693208431,0.9566744730679156
polyp,client2,Domain2,scribble,336.h5,147456,2251,4869,54311,0.015265570746527778,0.03302001953125,0.3683200412326389,1.0,0.041446484137651673,0.08485117725455353,0.9151488227454465
polyp,client2,Domain2,scribble,337.h5,147456,2504,4944,56551,0.016981336805555556,0.033528645833333336,0.3835110134548611,1.0,0.04427861576276282,0.1625399361022364,0.8374600638977636
polyp,client2,Domain2,scribble,338.h5,147456,2420,5913,54572,0.016411675347222224,0.04010009765625,0.3700900607638889,1.0,0.044345085391776,0.09090909090909091,0.9090909090909091
polyp,client2,Domain2,scribble,339.h5,147456,2336,4917,49428,0.015842013888888888,0.033345540364583336,0.335205078125,1.0,0.04726066197297078,0.20804794520547945,0.7919520547945206
polyp,client2,Domain2,scribble,34.h5,147456,674,3756,9537,0.004570855034722222,0.025472005208333332,0.06467692057291667,1.0,0.07067211911502569,0.03115727002967359,0.9688427299703264
polyp,client2,Domain2,scribble,340.h5,147456,2015,3944,40674,0.013665093315972222,0.026746961805555556,0.2758382161458333,1.0,0.04954024684073364,0.048635235732009924,0.9513647642679901
polyp,client2,Domain2,scribble,341.h5,147456,292,1982,645,0.001980251736111111,0.013441297743055556,0.004374186197916667,1.0,0.45271317829457364,0.4794520547945205,0.5205479452054794
polyp,client2,Domain2,scribble,342.h5,147456,158,1413,446,0.001071506076388889,0.00958251953125,0.003024631076388889,1.0,0.3542600896860987,1.0,0.0
polyp,client2,Domain2,scribble,343.h5,147456,94,2672,1839,0.0006374782986111111,0.018120659722222224,0.012471516927083334,1.0,0.0511147362697118,0.5,0.5
polyp,client2,Domain2,scribble,344.h5,147456,243,2303,1557,0.00164794921875,0.015618218315972222,0.01055908203125,1.0,0.15606936416184972,0.9588477366255144,0.0411522633744856
polyp,client2,Domain2,scribble,345.h5,147456,39,1430,1163,0.0002644856770833333,0.009697808159722222,0.007887098524305556,1.0,0.03353396388650043,0.7435897435897436,0.2564102564102564
polyp,client2,Domain2,scribble,346.h5,147456,470,3222,2946,0.0031873914930555555,0.0218505859375,0.019978841145833332,1.0,0.15953835709436523,0.27872340425531916,0.7212765957446808
polyp,client2,Domain2,scribble,347.h5,147456,77,2882,3502,0.0005221896701388889,0.019544813368055556,0.023749457465277776,1.0,0.02198743575099943,0.06493506493506493,0.935064935064935
polyp,client2,Domain2,scribble,348.h5,147456,358,3160,2708,0.0024278428819444445,0.021430121527777776,0.018364800347222224,1.0,0.13220088626292467,0.0335195530726257,0.9664804469273743
polyp,client2,Domain2,scribble,349.h5,147456,269,2929,2146,0.0018242730034722222,0.019863552517361112,0.014553493923611112,1.0,0.12534948741845295,0.5427509293680297,0.45724907063197023
polyp,client2,Domain2,scribble,35.h5,147456,436,3702,12948,0.002956814236111111,0.025105794270833332,0.08780924479166667,1.0,0.03367315415508187,0.0,1.0
polyp,client2,Domain2,scribble,350.h5,147456,220,2828,2242,0.001491970486111111,0.019178602430555556,0.015204535590277778,1.0,0.09812667261373774,0.21818181818181817,0.7818181818181819
polyp,client2,Domain2,scribble,351.h5,147456,419,3057,1245,0.002841525607638889,0.020731608072916668,0.008443196614583334,1.0,0.3365461847389558,0.6730310262529833,0.3269689737470167
polyp,client2,Domain2,scribble,352.h5,147456,111,2761,1192,0.0007527669270833334,0.018724229600694444,0.008083767361111112,1.0,0.09312080536912752,0.2702702702702703,0.7297297297297297
polyp,client2,Domain2,scribble,353.h5,147456,158,2828,943,0.001071506076388889,0.019178602430555556,0.006395128038194444,1.0,0.16755037115588547,0.25949367088607594,0.740506329113924
polyp,client2,Domain2,scribble,354.h5,147456,399,3068,928,0.0027058919270833335,0.020806206597222224,0.006293402777777778,1.0,0.42995689655172414,0.5889724310776943,0.41102756892230574
polyp,client2,Domain2,scribble,355.h5,147456,332,2986,701,0.002251519097222222,0.020250108506944444,0.004753960503472222,1.0,0.47360912981455067,0.5843373493975904,0.41566265060240964
polyp,client2,Domain2,scribble,356.h5,147456,236,2873,678,0.0016004774305555555,0.019483778211805556,0.004597981770833333,1.0,0.3480825958702065,0.5847457627118644,0.4152542372881356
polyp,client2,Domain2,scribble,357.h5,147456,125,2693,637,0.0008477105034722222,0.018263075086805556,0.004319932725694444,1.0,0.19623233908948196,0.216,0.784
polyp,client2,Domain2,scribble,358.h5,147456,263,2840,586,0.0017835828993055555,0.019259982638888888,0.003974066840277778,1.0,0.44880546075085326,0.623574144486692,0.376425855513308
polyp,client2,Domain2,scribble,359.h5,147456,314,2904,614,0.002129448784722222,0.019694010416666668,0.004163953993055556,1.0,0.511400651465798,0.60828025477707,0.39171974522292996
polyp,client2,Domain2,scribble,36.h5,147456,212,3235,9866,0.001437717013888889,0.021938747829861112,0.06690809461805555,1.0,0.021487938374214473,0.14150943396226415,0.8584905660377359
polyp,client2,Domain2,scribble,360.h5,147456,223,2667,592,0.0015123155381944445,0.018086751302083332,0.004014756944444444,1.0,0.3766891891891892,0.4260089686098655,0.5739910313901345
polyp,client2,Domain2,scribble,361.h5,147456,426,3222,5013,0.0028889973958333335,0.0218505859375,0.03399658203125,1.0,0.08497905445840814,0.14553990610328638,0.8544600938967136
polyp,client2,Domain2,scribble,362.h5,147456,337,3145,3785,0.002285427517361111,0.021328396267361112,0.025668674045138888,1.0,0.08903566710700132,0.19584569732937684,0.8041543026706232
polyp,client2,Domain2,scribble,363.h5,147456,267,3005,2659,0.0018107096354166667,0.020378960503472224,0.018032497829861112,1.0,0.10041368935690109,0.07865168539325842,0.9213483146067416
polyp,client2,Domain2,scribble,364.h5,147456,243,2928,1827,0.00164794921875,0.019856770833333332,0.01239013671875,1.0,0.1330049261083744,0.23868312757201646,0.7613168724279835
polyp,client2,Domain2,scribble,365.h5,147456,348,2954,1755,0.0023600260416666665,0.020033094618055556,0.01190185546875,1.0,0.19829059829059828,1.0,0.0
polyp,client2,Domain2,scribble,366.h5,147456,192,2885,1678,0.0013020833333333333,0.019565158420138888,0.011379665798611112,1.0,0.11442193087008343,0.19791666666666666,0.8020833333333334
polyp,client2,Domain2,scribble,367.h5,147456,264,2945,1748,0.0017903645833333333,0.019972059461805556,0.011854383680555556,1.0,0.15102974828375287,0.2727272727272727,0.7272727272727273
polyp,client2,Domain2,scribble,368.h5,147456,161,2813,1483,0.0010918511284722222,0.019076877170138888,0.010057237413194444,1.0,0.10856372218476062,0.11180124223602485,0.8881987577639752
polyp,client2,Domain2,scribble,369.h5,147456,366,2976,1226,0.0024820963541666665,0.020182291666666668,0.008314344618055556,1.0,0.29853181076672103,0.7650273224043715,0.23497267759562843
polyp,client2,Domain2,scribble,37.h5,147456,717,3390,8390,0.004862467447916667,0.022989908854166668,0.05689832899305555,1.0,0.08545887961859357,0.02092050209205021,0.9790794979079498
polyp,client2,Domain2,scribble,370.h5,147456,154,2756,1158,0.0010443793402777778,0.018690321180555556,0.007853190104166666,1.0,0.13298791018998274,0.24025974025974026,0.7597402597402597
polyp,client2,Domain2,scribble,371.h5,147456,198,2762,893,0.0013427734375,0.018731011284722224,0.006056043836805556,1.0,0.22172452407614782,0.4797979797979798,0.5202020202020202
polyp,client2,Domain2,scribble,372.h5,147456,388,2950,919,0.002631293402777778,0.020005967881944444,0.006232367621527778,1.0,0.42219804134929273,0.6185567010309279,0.38144329896907214
polyp,client2,Domain2,scribble,373.h5,147456,113,2685,1000,0.0007663302951388889,0.018208821614583332,0.006781684027777778,1.0,0.113,0.23893805309734514,0.7610619469026548
polyp,client2,Domain2,scribble,374.h5,147456,448,3043,1057,0.0030381944444444445,0.020636664496527776,0.007168240017361111,1.0,0.423841059602649,0.6428571428571429,0.35714285714285715
polyp,client2,Domain2,scribble,375.h5,147456,44,2571,1040,0.00029839409722222225,0.017435709635416668,0.007052951388888889,1.0,0.04230769230769231,0.75,0.25
polyp,client2,Domain2,scribble,376.h5,147456,431,3059,1164,0.002922905815972222,0.020745171440972224,0.007893880208333334,1.0,0.3702749140893471,0.6310904872389791,0.3689095127610209
polyp,client2,Domain2,scribble,377.h5,147456,134,2781,1293,0.0009087456597222222,0.01885986328125,0.008768717447916666,1.0,0.10363495746326373,0.1865671641791045,0.8134328358208955
polyp,client2,Domain2,scribble,378.h5,147456,302,2863,1177,0.002048068576388889,0.019415961371527776,0.007982042100694444,1.0,0.25658453695836875,0.9172185430463576,0.08278145695364239
polyp,client2,Domain2,scribble,379.h5,147456,373,2963,1020,0.002529568142361111,0.020094129774305556,0.006917317708333333,1.0,0.3656862745098039,0.5522788203753352,0.4477211796246649
polyp,client2,Domain2,scribble,38.h5,147456,216,3450,11564,0.00146484375,0.023396809895833332,0.07842339409722222,1.0,0.0186786579038395,0.0,1.0
polyp,client2,Domain2,scribble,39.h5,147456,230,2977,1986,0.001559787326388889,0.020189073350694444,0.013468424479166666,1.0,0.11581067472306143,0.06956521739130435,0.9304347826086956
polyp,client2,Domain2,scribble,4.h5,147456,343,2745,5057,0.002326117621527778,0.01861572265625,0.034294976128472224,1.0,0.0678267747676488,0.24489795918367346,0.7551020408163265
polyp,client2,Domain2,scribble,40.h5,147456,241,3137,4438,0.0016343858506944445,0.021274142795138888,0.030097113715277776,1.0,0.054303740423614244,0.12448132780082988,0.8755186721991701
polyp,client2,Domain2,scribble,41.h5,147456,602,3417,3849,0.004082573784722222,0.023173014322916668,0.026102701822916668,1.0,0.15640426084697323,0.15614617940199335,0.8438538205980066
polyp,client2,Domain2,scribble,42.h5,147456,131,2852,2760,0.0008884006076388889,0.019341362847222224,0.018717447916666668,1.0,0.04746376811594203,0.7557251908396947,0.24427480916030533
polyp,client2,Domain2,scribble,43.h5,147456,434,3288,3762,0.0029432508680555555,0.022298177083333332,0.0255126953125,1.0,0.11536416799574695,0.15898617511520738,0.8410138248847926
polyp,client2,Domain2,scribble,44.h5,147456,174,2842,1549,0.0011800130208333333,0.019273546006944444,0.010504828559027778,1.0,0.11233053582956747,0.034482758620689655,0.9655172413793104
polyp,client2,Domain2,scribble,45.h5,147456,510,3481,5263,0.0034586588541666665,0.023607042100694444,0.03569200303819445,1.0,0.09690290708721262,0.050980392156862744,0.9490196078431372
polyp,client2,Domain2,scribble,46.h5,147456,149,2856,3274,0.001010470920138889,0.019368489583333332,0.022203233506944444,1.0,0.045510079413561395,0.1476510067114094,0.8523489932885906
polyp,client2,Domain2,scribble,47.h5,147456,198,2949,2579,0.0013427734375,0.019999186197916668,0.017489963107638888,1.0,0.07677394338891043,0.0707070707070707,0.9292929292929293
polyp,client2,Domain2,scribble,48.h5,147456,731,3494,3606,0.004957411024305556,0.023695203993055556,0.024454752604166668,1.0,0.20271769273433166,0.2079343365253078,0.7920656634746922
polyp,client2,Domain2,scribble,49.h5,147456,632,3693,5849,0.004286024305555556,0.025044759114583332,0.039666069878472224,1.0,0.10805265857411524,0.022151898734177215,0.9778481012658228
polyp,client2,Domain2,scribble,5.h5,147456,291,2992,3990,0.0019734700520833335,0.020290798611111112,0.027058919270833332,1.0,0.07293233082706767,0.054982817869415807,0.9450171821305842
polyp,client2,Domain2,scribble,50.h5,147456,159,2739,1297,0.0010782877604166667,0.018575032552083332,0.008795844184027778,1.0,0.12259059367771781,0.22641509433962265,0.7735849056603774
polyp,client2,Domain2,scribble,51.h5,147456,134,2724,1202,0.0009087456597222222,0.018473307291666668,0.008151584201388888,1.0,0.11148086522462562,0.11940298507462686,0.8805970149253731
polyp,client2,Domain2,scribble,52.h5,147456,606,3362,3031,0.004109700520833333,0.022800021701388888,0.020555284288194444,1.0,0.1999340151765094,0.2755775577557756,0.7244224422442245
polyp,client2,Domain2,scribble,53.h5,147456,141,2821,2061,0.0009562174479166666,0.019131130642361112,0.01397705078125,1.0,0.06841339155749636,0.0,1.0
polyp,client2,Domain2,scribble,54.h5,147456,224,2933,2296,0.0015190972222222222,0.019890679253472224,0.015570746527777778,1.0,0.0975609756097561,0.1875,0.8125
polyp,client2,Domain2,scribble,55.h5,147456,143,2845,1660,0.0009697808159722222,0.019293891059027776,0.011257595486111112,1.0,0.086144578313253,0.34965034965034963,0.6503496503496503
polyp,client2,Domain2,scribble,56.h5,147456,147,2834,1488,0.0009969075520833333,0.019219292534722224,0.010091145833333334,1.0,0.09879032258064516,0.11564625850340136,0.8843537414965986
polyp,client2,Domain2,scribble,57.h5,147456,330,3249,4861,0.0022379557291666665,0.02203369140625,0.032965766059027776,1.0,0.06788726599465131,0.0,1.0
polyp,client2,Domain2,scribble,58.h5,147456,557,3584,5839,0.003777398003472222,0.024305555555555556,0.03959825303819445,1.0,0.09539304675458127,0.0,1.0
polyp,client2,Domain2,scribble,59.h5,147456,553,3383,4590,0.003750271267361111,0.022942437065972224,0.0311279296875,1.0,0.120479302832244,0.1518987341772152,0.8481012658227848
polyp,client2,Domain2,scribble,6.h5,147456,486,3244,2826,0.0032958984375,0.021999782986111112,0.0191650390625,1.0,0.17197452229299362,0.10905349794238683,0.8909465020576132
polyp,client2,Domain2,scribble,60.h5,147456,172,2885,2621,0.0011664496527777778,0.019565158420138888,0.017774793836805556,1.0,0.06562380770698206,0.0,1.0
polyp,client2,Domain2,scribble,61.h5,147456,239,2300,5831,0.001620822482638889,0.015597873263888888,0.039543999565972224,1.0,0.040987823700908935,0.0,1.0
polyp,client2,Domain2,scribble,62.h5,147456,1489,4049,22063,0.010097927517361112,0.027459038628472224,0.1496242947048611,1.0,0.06748855550015864,0.006044325050369375,0.9939556749496307
polyp,client2,Domain2,scribble,63.h5,147456,398,3297,18876,0.0026991102430555555,0.022359212239583332,0.12801106770833334,1.0,0.021084975630430176,0.0,1.0
polyp,client2,Domain2,scribble,64.h5,147456,375,3592,16788,0.0025431315104166665,0.024359809027777776,0.11385091145833333,1.0,0.022337383845604002,0.0,1.0
polyp,client2,Domain2,scribble,65.h5,147456,1224,4525,15252,0.00830078125,0.030687120225694444,0.10343424479166667,1.0,0.08025177025963807,0.04738562091503268,0.9526143790849673
polyp,client2,Domain2,scribble,66.h5,147456,288,3472,10601,0.001953125,0.023546006944444444,0.07189263237847222,1.0,0.02716724837279502,0.0,1.0
polyp,client2,Domain2,scribble,67.h5,147456,350,2967,8957,0.002373589409722222,0.020121256510416668,0.06074354383680555,1.0,0.03907558334263704,0.0,1.0
polyp,client2,Domain2,scribble,68.h5,147456,238,2566,7186,0.001614040798611111,0.017401801215277776,0.04873318142361111,1.0,0.033119955468967434,0.04201680672268908,0.957983193277311
polyp,client2,Domain2,scribble,69.h5,147456,436,3318,4480,0.002956814236111111,0.022501627604166668,0.030381944444444444,1.0,0.09732142857142857,0.1353211009174312,0.8646788990825688
polyp,client2,Domain2,scribble,7.h5,147456,399,3185,2941,0.0027058919270833335,0.021599663628472224,0.019944932725694444,1.0,0.1356681400884053,0.22807017543859648,0.7719298245614035
polyp,client2,Domain2,scribble,70.h5,147456,452,3126,2441,0.0030653211805555555,0.021199544270833332,0.016554090711805556,1.0,0.18517001229004507,0.23008849557522124,0.7699115044247787
polyp,client2,Domain2,scribble,71.h5,147456,195,2565,2710,0.0013224283854166667,0.01739501953125,0.018378363715277776,1.0,0.07195571955719557,0.5230769230769231,0.47692307692307695
polyp,client2,Domain2,scribble,72.h5,147456,876,3577,14121,0.005940755208333333,0.024258083767361112,0.09576416015625,1.0,0.06203526662417676,0.10844748858447488,0.8915525114155252
polyp,client2,Domain2,scribble,73.h5,147456,358,3429,7813,0.0024278428819444445,0.02325439453125,0.052985297309027776,1.0,0.045821067451683094,0.0,1.0
polyp,client2,Domain2,scribble,74.h5,147456,315,3007,2316,0.00213623046875,0.020392523871527776,0.015706380208333332,1.0,0.13601036269430053,0.14603174603174604,0.8539682539682539
polyp,client2,Domain2,scribble,75.h5,147456,1050,2520,12960,0.007120768229166667,0.01708984375,0.087890625,1.0,0.08101851851851852,0.04857142857142857,0.9514285714285714
polyp,client2,Domain2,scribble,76.h5,147456,335,3504,10391,0.0022718641493055555,0.023763020833333332,0.0704684787326389,1.0,0.03223943797517082,0.0,1.0
polyp,client2,Domain2,scribble,77.h5,147456,242,3033,3474,0.0016411675347222222,0.02056884765625,0.0235595703125,1.0,0.06966033390903857,0.2066115702479339,0.7933884297520661
polyp,client2,Domain2,scribble,78.h5,147456,265,3037,4106,0.001797146267361111,0.020595974392361112,0.027845594618055556,1.0,0.06453969800292256,0.7509433962264151,0.2490566037735849
polyp,client2,Domain2,scribble,79.h5,147456,485,3272,2419,0.003289116753472222,0.022189670138888888,0.016404893663194444,1.0,0.20049607275733775,0.0577319587628866,0.9422680412371134
polyp,client2,Domain2,scribble,8.h5,147456,439,3190,2963,0.0029771592881944445,0.021633572048611112,0.020094129774305556,1.0,0.1481606479919001,0.24829157175398633,0.7517084282460137
polyp,client2,Domain2,scribble,80.h5,147456,533,3182,1488,0.0036146375868055555,0.021579318576388888,0.010091145833333334,1.0,0.3581989247311828,0.5440900562851783,0.45590994371482174
polyp,client2,Domain2,scribble,81.h5,147456,462,3033,1505,0.0031331380208333335,0.02056884765625,0.010206434461805556,1.0,0.30697674418604654,0.5909090909090909,0.4090909090909091
polyp,client2,Domain2,scribble,82.h5,147456,496,3127,1594,0.003363715277777778,0.021206325954861112,0.010810004340277778,1.0,0.3111668757841907,0.5846774193548387,0.4153225806451613
polyp,client2,Domain2,scribble,83.h5,147456,331,2883,1029,0.0022447374131944445,0.019551595052083332,0.006978352864583333,1.0,0.3216715257531584,0.7039274924471299,0.29607250755287007
polyp,client2,Domain2,scribble,84.h5,147456,447,3068,1529,0.0030314127604166665,0.020806206597222224,0.010369194878472222,1.0,0.2923479398299542,0.5704697986577181,0.42953020134228187
polyp,client2,Domain2,scribble,85.h5,147456,459,3122,1341,0.00311279296875,0.021172417534722224,0.00909423828125,1.0,0.3422818791946309,0.5947712418300654,0.40522875816993464
polyp,client2,Domain2,scribble,86.h5,147456,421,3060,1375,0.0028550889756944445,0.020751953125,0.009324815538194444,1.0,0.30618181818181817,0.6294536817102138,0.37054631828978624
polyp,client2,Domain2,scribble,87.h5,147456,425,3119,1239,0.0028822157118055555,0.021152072482638888,0.008402506510416666,1.0,0.34301856335754644,0.5929411764705882,0.40705882352941175
polyp,client2,Domain2,scribble,88.h5,147456,298,2939,1019,0.002020941840277778,0.019931369357638888,0.006910536024305556,1.0,0.29244357212953875,0.7348993288590604,0.2651006711409396
polyp,client2,Domain2,scribble,89.h5,147456,211,2724,854,0.001430935329861111,0.018473307291666668,0.005791558159722222,1.0,0.24707259953161592,0.3127962085308057,0.6872037914691943
polyp,client2,Domain2,scribble,9.h5,147456,420,3167,3169,0.0028483072916666665,0.021477593315972224,0.021491156684027776,1.0,0.13253392237298833,0.1357142857142857,0.8642857142857143
polyp,client2,Domain2,scribble,90.h5,147456,440,3130,1267,0.002983940972222222,0.021226671006944444,0.008592393663194444,1.0,0.3472770323599053,0.575,0.425
polyp,client2,Domain2,scribble,91.h5,147456,329,2899,747,0.002231174045138889,0.019660101996527776,0.00506591796875,1.0,0.4404283801874163,0.5805471124620061,0.4194528875379939
polyp,client2,Domain2,scribble,92.h5,147456,314,2825,904,0.002129448784722222,0.019158257378472224,0.006130642361111111,1.0,0.3473451327433628,0.5605095541401274,0.4394904458598726
polyp,client2,Domain2,scribble,93.h5,147456,208,2800,2698,0.0014105902777777778,0.018988715277777776,0.018296983506944444,1.0,0.0770941438102298,0.10096153846153846,0.8990384615384616
polyp,client2,Domain2,scribble,94.h5,147456,458,3079,1383,0.003106011284722222,0.020880805121527776,0.009379069010416666,1.0,0.33116413593637023,0.6397379912663755,0.36026200873362446
polyp,client2,Domain2,scribble,95.h5,147456,540,3280,2794,0.003662109375,0.022243923611111112,0.018948025173611112,1.0,0.19327129563350035,0.44814814814814813,0.5518518518518518
polyp,client2,Domain2,scribble,96.h5,147456,318,3107,3565,0.0021565755208333335,0.021070692274305556,0.024176703559027776,1.0,0.08920056100981767,0.24528301886792453,0.7547169811320755
polyp,client2,Domain2,scribble,97.h5,147456,297,3107,2889,0.00201416015625,0.021070692274305556,0.01959228515625,1.0,0.102803738317757,0.18855218855218855,0.8114478114478114
polyp,client2,Domain2,scribble,98.h5,147456,478,3472,6814,0.003241644965277778,0.023546006944444444,0.046210394965277776,1.0,0.0701496918109774,0.1087866108786611,0.891213389121339
polyp,client2,Domain2,scribble,99.h5,147456,600,2419,9547,0.004069010416666667,0.016404893663194444,0.06474473741319445,1.0,0.06284696763381167,0.16,0.84
polyp,client3,Domain3,box,1.h5,147456,87,142784,1309,0.0005900065104166666,0.9683159722222222,0.008877224392361112,1.0,0.06646294881588999,0.0,1.0
polyp,client3,Domain3,box,10.h5,147456,86,142910,1284,0.0005832248263888889,0.9691704644097222,0.008707682291666666,1.0,0.06697819314641744,0.0,1.0
polyp,client3,Domain3,box,100.h5,147456,157,140237,2747,0.001064724392361111,0.9510430230034722,0.018629286024305556,1.0,0.057153258099745176,0.0,1.0
polyp,client3,Domain3,box,101.h5,147456,136,141172,2268,0.0009223090277777778,0.9573838975694444,0.015380859375,1.0,0.059964726631393295,0.0,1.0
polyp,client3,Domain3,box,102.h5,147456,121,141405,2140,0.0008205837673611111,0.9589640299479166,0.014512803819444444,1.0,0.05654205607476635,0.0,1.0
polyp,client3,Domain3,box,103.h5,147456,171,140256,2653,0.00115966796875,0.951171875,0.017991807725694444,1.0,0.06445533358462119,0.0,1.0
polyp,client3,Domain3,box,104.h5,147456,136,141065,2205,0.0009223090277777778,0.9566582573784722,0.01495361328125,1.0,0.06167800453514739,0.0,1.0
polyp,client3,Domain3,box,105.h5,147456,620,128301,11723,0.004204644097222222,0.8700968424479166,0.0795016818576389,1.0,0.05288748613836049,0.0,1.0
polyp,client3,Domain3,box,106.h5,147456,640,128548,11837,0.004340277777777778,0.8717719184027778,0.08027479383680555,1.0,0.054067753653797415,0.0,1.0
polyp,client3,Domain3,box,107.h5,147456,626,128005,11498,0.004245334201388889,0.8680894639756944,0.0779758029513889,1.0,0.05444425117411724,0.0,1.0
polyp,client3,Domain3,box,108.h5,147456,600,126852,11780,0.004069010416666667,0.8602701822916666,0.07988823784722222,1.0,0.050933786078098474,0.0,1.0
polyp,client3,Domain3,box,109.h5,147456,597,128912,11567,0.004048665364583333,0.8742404513888888,0.07844373914930555,1.0,0.05161234546554854,0.0,1.0
polyp,client3,Domain3,box,11.h5,147456,50,144122,797,0.0003390842013888889,0.9773898654513888,0.005405002170138889,1.0,0.06273525721455459,0.0,1.0
polyp,client3,Domain3,box,110.h5,147456,234,138228,3984,0.0015869140625,0.9374186197916666,0.027018229166666668,1.0,0.058734939759036146,0.0,1.0
polyp,client3,Domain3,box,111.h5,147456,262,136675,4755,0.0017768012152777778,0.9268866644965278,0.032246907552083336,1.0,0.05509989484752892,0.0,1.0
polyp,client3,Domain3,box,112.h5,147456,135,140967,2337,0.00091552734375,0.95599365234375,0.015848795572916668,1.0,0.057766367137355584,0.0,1.0
polyp,client3,Domain3,box,113.h5,147456,1295,108426,23866,0.008782280815972222,0.7353108723958334,0.16185167100694445,1.0,0.054261292214866336,0.0,1.0
polyp,client3,Domain3,box,114.h5,147456,1368,106177,25406,0.00927734375,0.7200588650173612,0.1722954644097222,1.0,0.05384554829567818,0.0,1.0
polyp,client3,Domain3,box,115.h5,147456,1330,107136,24332,0.009019639756944444,0.7265625,0.1650119357638889,1.0,0.05466052934407365,0.0,1.0
polyp,client3,Domain3,box,116.h5,147456,1803,95709,34218,0.012227376302083334,0.6490681966145834,0.2320556640625,1.0,0.052691565842539013,0.0,1.0
polyp,client3,Domain3,box,117.h5,147456,1302,107976,24231,0.008829752604166666,0.7322591145833334,0.16432698567708334,1.0,0.053732821592175316,0.0,1.0
polyp,client3,Domain3,box,118.h5,147456,1247,110042,23021,0.008456759982638888,0.7462700737847222,0.1561211480034722,1.0,0.054167933625819904,0.0,1.0
polyp,client3,Domain3,box,119.h5,147456,1437,104851,27021,0.009745279947916666,0.7110663519965278,0.18324788411458334,1.0,0.053180859331630956,0.0,1.0
polyp,client3,Domain3,box,12.h5,147456,84,142808,1290,0.0005696614583333334,0.9684787326388888,0.008748372395833334,1.0,0.06511627906976744,0.0,1.0
polyp,client3,Domain3,box,120.h5,147456,1564,101077,29424,0.010606553819444444,0.6854722764756944,0.19954427083333334,1.0,0.05315388798259924,0.0,1.0
polyp,client3,Domain3,box,121.h5,147456,98,142233,1605,0.0006646050347222222,0.9645792643229166,0.010884602864583334,1.0,0.06105919003115265,0.0,1.0
polyp,client3,Domain3,box,122.h5,147456,96,142770,1355,0.0006510416666666666,0.9682210286458334,0.009189181857638888,1.0,0.07084870848708487,0.0,1.0
polyp,client3,Domain3,box,123.h5,147456,65,143906,871,0.00044080946180555556,0.9759250217013888,0.005906846788194444,1.0,0.07462686567164178,0.0,1.0
polyp,client3,Domain3,box,124.h5,147456,754,124974,14490,0.005113389756944444,0.8475341796875,0.0982666015625,1.0,0.05203588681849551,0.0,1.0
polyp,client3,Domain3,box,125.h5,147456,780,124386,14420,0.005289713541666667,0.8435465494791666,0.09779188368055555,1.0,0.05409153952843273,0.0,1.0
polyp,client3,Domain3,box,126.h5,147456,105,142282,1787,0.0007120768229166666,0.9649115668402778,0.012118869357638888,1.0,0.05875769445998881,0.0,1.0
polyp,client3,Domain3,box,127.h5,147456,90,142789,1488,0.0006103515625,0.9683498806423612,0.010091145833333334,1.0,0.06048387096774194,0.0,1.0
polyp,client3,Domain3,box,128.h5,147456,65,143649,1048,0.00044080946180555556,0.97418212890625,0.007107204861111111,1.0,0.06202290076335878,0.0,1.0
polyp,client3,Domain3,box,129.h5,147456,64,143616,1075,0.00043402777777777775,0.9739583333333334,0.007290310329861111,1.0,0.059534883720930236,0.0,1.0
polyp,client3,Domain3,box,13.h5,147456,780,120451,11540,0.005289713541666667,0.8168606228298612,0.07826063368055555,1.0,0.06759098786828423,0.00641025641025641,0.9935897435897436
polyp,client3,Domain3,box,130.h5,147456,90,143058,1381,0.0006103515625,0.9701741536458334,0.009365505642361112,1.0,0.06517016654598118,0.0,1.0
polyp,client3,Domain3,box,131.h5,147456,81,142914,1423,0.00054931640625,0.9691975911458334,0.009650336371527778,1.0,0.05692199578355587,0.0,1.0
polyp,client3,Domain3,box,132.h5,147456,62,143695,1075,0.00042046440972222225,0.9744940863715278,0.007290310329861111,1.0,0.05767441860465116,0.0,1.0
polyp,client3,Domain3,box,133.h5,147456,215,138727,3662,0.0014580620659722222,0.9408026801215278,0.024834526909722224,1.0,0.05871108683779355,0.0,1.0
polyp,client3,Domain3,box,134.h5,147456,173,139844,2900,0.0011732313368055555,0.9483778211805556,0.019666883680555556,1.0,0.0596551724137931,0.0,1.0
polyp,client3,Domain3,box,135.h5,147456,80,143270,1138,0.0005425347222222222,0.9716118706597222,0.007717556423611111,1.0,0.070298769771529,0.0,1.0
polyp,client3,Domain3,box,136.h5,147456,294,136377,5132,0.0019938151041666665,0.92486572265625,0.03480360243055555,1.0,0.057287607170693686,0.0,1.0
polyp,client3,Domain3,box,137.h5,147456,190,139605,2958,0.0012885199652777778,0.9467569986979166,0.020060221354166668,1.0,0.06423258958755916,0.0,1.0
polyp,client3,Domain3,box,138.h5,147456,85,142683,1336,0.0005764431423611111,0.9676310221354166,0.009060329861111112,1.0,0.06362275449101797,0.0,1.0
polyp,client3,Domain3,box,139.h5,147456,122,141614,2033,0.0008273654513888889,0.9603814019097222,0.013787163628472222,1.0,0.06000983767830792,0.0,1.0
polyp,client3,Domain3,box,14.h5,147456,998,116124,13203,0.006768120659722222,0.7875162760416666,0.08953857421875,1.0,0.07558888131485268,0.0,1.0
polyp,client3,Domain3,box,140.h5,147456,84,142790,1462,0.0005696614583333334,0.9683566623263888,0.009914822048611112,1.0,0.057455540355677154,0.0,1.0
polyp,client3,Domain3,box,141.h5,147456,70,143416,1109,0.00047471788194444444,0.9726019965277778,0.007520887586805556,1.0,0.06311992786293959,0.0,1.0
polyp,client3,Domain3,box,142.h5,147456,119,141684,1904,0.0008070203993055555,0.9608561197916666,0.012912326388888888,1.0,0.0625,0.0,1.0
polyp,client3,Domain3,box,143.h5,147456,133,142012,2303,0.0009019639756944445,0.9630805121527778,0.015618218315972222,1.0,0.057750759878419454,0.0,1.0
polyp,client3,Domain3,box,144.h5,147456,109,141820,1947,0.0007392035590277778,0.9617784288194444,0.013203938802083334,1.0,0.055983564458140726,0.0,1.0
polyp,client3,Domain3,box,145.h5,147456,134,140907,2605,0.0009087456597222222,0.9555867513020834,0.017666286892361112,1.0,0.05143953934740883,0.0,1.0
polyp,client3,Domain3,box,146.h5,147456,67,143154,1167,0.0004543728298611111,0.9708251953125,0.007914225260416666,1.0,0.05741216795201371,0.0,1.0
polyp,client3,Domain3,box,147.h5,147456,140,141016,2376,0.0009494357638888889,0.9563259548611112,0.01611328125,1.0,0.058922558922558925,0.0,1.0
polyp,client3,Domain3,box,148.h5,147456,143,140701,2610,0.0009697808159722222,0.9541897243923612,0.0177001953125,1.0,0.05478927203065134,0.0,1.0
polyp,client3,Domain3,box,149.h5,147456,107,142207,1741,0.0007256401909722222,0.9644029405381944,0.011806911892361112,1.0,0.061458931648477884,0.0,1.0
polyp,client3,Domain3,box,15.h5,147456,1106,112551,14408,0.007500542534722222,0.7632853190104166,0.09771050347222222,1.0,0.07676290949472515,0.0,1.0
polyp,client3,Domain3,box,150.h5,147456,357,134144,6197,0.0024210611979166665,0.9097222222222222,0.04202609592013889,1.0,0.05760852025173471,0.0,1.0
polyp,client3,Domain3,box,151.h5,147456,94,142584,1486,0.0006374782986111111,0.9669596354166666,0.010077582465277778,1.0,0.063257065948856,0.0,1.0
polyp,client3,Domain3,box,152.h5,147456,136,141340,1713,0.0009223090277777778,0.9585232204861112,0.011617024739583334,1.0,0.0793928779918272,0.051470588235294115,0.9485294117647058
polyp,client3,Domain3,box,153.h5,147456,180,139941,3028,0.001220703125,0.94903564453125,0.020534939236111112,1.0,0.059445178335535004,0.0,1.0
polyp,client3,Domain3,box,154.h5,147456,85,142964,1386,0.0005764431423611111,0.9695366753472222,0.0093994140625,1.0,0.06132756132756133,0.0,1.0
polyp,client3,Domain3,box,155.h5,147456,132,141189,2397,0.0008951822916666666,0.9574991861979166,0.016255696614583332,1.0,0.05506883604505632,0.0,1.0
polyp,client3,Domain3,box,156.h5,147456,72,143513,1168,0.00048828125,0.9732598198784722,0.007921006944444444,1.0,0.06164383561643835,0.0,1.0
polyp,client3,Domain3,box,157.h5,147456,86,142995,1452,0.0005832248263888889,0.9697469075520834,0.009847005208333334,1.0,0.05922865013774105,0.0,1.0
polyp,client3,Domain3,box,158.h5,147456,110,142310,1715,0.0007459852430555555,0.9651014539930556,0.011630588107638888,1.0,0.0641399416909621,0.0,1.0
polyp,client3,Domain3,box,159.h5,147456,406,132349,7560,0.002753363715277778,0.8975490993923612,0.05126953125,1.0,0.053703703703703705,0.0,1.0
polyp,client3,Domain3,box,16.h5,147456,1024,115611,13788,0.006944444444444444,0.7840372721354166,0.093505859375,1.0,0.07426747896721787,0.0,1.0
polyp,client3,Domain3,box,160.h5,147456,397,132739,7207,0.002692328559027778,0.9001939561631944,0.04887559678819445,1.0,0.055085333703343974,0.0,1.0
polyp,client3,Domain3,box,161.h5,147456,279,136336,5106,0.00189208984375,0.9245876736111112,0.034627278645833336,1.0,0.05464159811985899,0.0,1.0
polyp,client3,Domain3,box,162.h5,147456,416,132138,7663,0.0028211805555555555,0.8961181640625,0.05196804470486111,1.0,0.05428683283309409,0.0,1.0
polyp,client3,Domain3,box,163.h5,147456,425,132785,7625,0.0028822157118055555,0.9005059136284722,0.05171034071180555,1.0,0.05573770491803279,0.0,1.0
polyp,client3,Domain3,box,164.h5,147456,313,135046,6116,0.0021226671006944445,0.9158393012152778,0.04147677951388889,1.0,0.05117724002616089,0.0,1.0
polyp,client3,Domain3,box,165.h5,147456,120,141574,1893,0.0008138020833333334,0.9601101345486112,0.012837727864583334,1.0,0.06339144215530904,0.0,1.0
polyp,client3,Domain3,box,166.h5,147456,209,138857,3432,0.0014173719618055555,0.9416842990451388,0.023274739583333332,1.0,0.060897435897435896,0.0,1.0
polyp,client3,Domain3,box,167.h5,147456,211,138492,3709,0.001430935329861111,0.939208984375,0.025153266059027776,1.0,0.056888649231598816,0.0,1.0
polyp,client3,Domain3,box,168.h5,147456,120,141668,2011,0.0008138020833333334,0.9607476128472222,0.013637966579861112,1.0,0.05967180507210343,0.0,1.0
polyp,client3,Domain3,box,169.h5,147456,63,143894,914,0.00042724609375,0.9758436414930556,0.006198459201388889,1.0,0.06892778993435449,0.0,1.0
polyp,client3,Domain3,box,17.h5,147456,863,119723,12152,0.005852593315972222,0.8119235568576388,0.08241102430555555,1.0,0.07101711652402896,0.0,1.0
polyp,client3,Domain3,box,170.h5,147456,58,144028,805,0.0003933376736111111,0.9767523871527778,0.005459255642361111,1.0,0.07204968944099378,0.0,1.0
polyp,client3,Domain3,box,18.h5,147456,724,123585,9698,0.004909939236111111,0.8381144205729166,0.0657687717013889,1.0,0.07465456795215508,0.031767955801104975,0.9682320441988951
polyp,client3,Domain3,box,19.h5,147456,198,139194,3254,0.0013427734375,0.9439697265625,0.022067599826388888,1.0,0.06084818684695759,0.0,1.0
polyp,client3,Domain3,box,2.h5,147456,97,142721,1311,0.0006578233506944445,0.9678887261284722,0.008890787760416666,1.0,0.07398932112890923,0.0,1.0
polyp,client3,Domain3,box,20.h5,147456,129,140759,2259,0.0008748372395833334,0.9545830620659722,0.01531982421875,1.0,0.057104913678618856,0.0,1.0
polyp,client3,Domain3,box,21.h5,147456,347,134818,6161,0.002353244357638889,0.9142930772569444,0.04178195529513889,1.0,0.05632202564518747,0.0,1.0
polyp,client3,Domain3,box,22.h5,147456,152,140349,2392,0.0010308159722222222,0.9518025716145834,0.016221788194444444,1.0,0.06354515050167224,0.0,1.0
polyp,client3,Domain3,box,23.h5,147456,42,144666,618,0.0002848307291666667,0.9810791015625,0.004191080729166667,1.0,0.06796116504854369,0.0,1.0
polyp,client3,Domain3,box,24.h5,147456,42,144666,584,0.0002848307291666667,0.9810791015625,0.003960503472222222,1.0,0.07191780821917808,0.0,1.0
polyp,client3,Domain3,box,25.h5,147456,386,133503,6342,0.002617730034722222,0.9053751627604166,0.043009440104166664,1.0,0.0608640807316304,0.0,1.0
polyp,client3,Domain3,box,26.h5,147456,357,134083,6105,0.0024210611979166665,0.9093085394965278,0.041402180989583336,1.0,0.05847665847665848,0.0,1.0
polyp,client3,Domain3,box,27.h5,147456,401,132962,6423,0.002719455295138889,0.9017062717013888,0.043558756510416664,1.0,0.062431885411801336,0.0,1.0
polyp,client3,Domain3,box,28.h5,147456,403,132634,6810,0.0027330186631944445,0.8994818793402778,0.046183268229166664,1.0,0.059177679882525695,0.0,1.0
polyp,client3,Domain3,box,29.h5,147456,367,133651,6120,0.0024888780381944445,0.9063788519965278,0.04150390625,1.0,0.05996732026143791,0.0,1.0
polyp,client3,Domain3,box,3.h5,147456,79,142914,1210,0.0005357530381944445,0.9691975911458334,0.008205837673611112,1.0,0.0652892561983471,0.0,1.0
polyp,client3,Domain3,box,30.h5,147456,356,133839,6057,0.002414279513888889,0.90765380859375,0.04107666015625,1.0,0.058774971107809146,0.0,1.0
polyp,client3,Domain3,box,31.h5,147456,303,135799,4875,0.0020548502604166665,0.9209459092881944,0.033060709635416664,1.0,0.06215384615384616,0.0,1.0
polyp,client3,Domain3,box,32.h5,147456,559,128185,10172,0.003790961371527778,0.8693101671006944,0.06898328993055555,1.0,0.05495477782147071,0.0,1.0
polyp,client3,Domain3,box,33.h5,147456,502,129854,9331,0.0034044053819444445,0.8806287977430556,0.06327989366319445,1.0,0.05379916407673347,0.0,1.0
polyp,client3,Domain3,box,34.h5,147456,685,124711,12633,0.004645453559027778,0.8457505967881944,0.08567301432291667,1.0,0.05422306657167735,0.0,1.0
polyp,client3,Domain3,box,35.h5,147456,392,132911,6489,0.002658420138888889,0.9013604058159722,0.04400634765625,1.0,0.06040992448759439,0.0,1.0
polyp,client3,Domain3,box,36.h5,147456,92,142640,1390,0.0006239149305555555,0.9673394097222222,0.009426540798611112,1.0,0.06618705035971223,0.021739130434782608,0.9782608695652174
polyp,client3,Domain3,box,37.h5,147456,151,140407,2738,0.0010240342881944445,0.9521959092881944,0.018568250868055556,1.0,0.05514974433893353,0.0,1.0
polyp,client3,Domain3,box,38.h5,147456,152,140538,2625,0.0010308159722222222,0.9530843098958334,0.017801920572916668,1.0,0.0579047619047619,0.0,1.0
polyp,client3,Domain3,box,39.h5,147456,154,140500,2724,0.0010443793402777778,0.9528266059027778,0.018473307291666668,1.0,0.0565345080763583,0.0,1.0
polyp,client3,Domain3,box,4.h5,147456,94,142838,1258,0.0006374782986111111,0.9686821831597222,0.008531358506944444,1.0,0.07472178060413355,0.0,1.0
polyp,client3,Domain3,box,40.h5,147456,288,135788,5342,0.001953125,0.9208713107638888,0.03622775607638889,1.0,0.053912392362411084,0.0,1.0
polyp,client3,Domain3,box,41.h5,147456,340,134742,6122,0.0023057725694444445,0.9137776692708334,0.04151746961805555,1.0,0.055537406076445604,0.0,1.0
polyp,client3,Domain3,box,42.h5,147456,156,140982,2429,0.0010579427083333333,0.9560953776041666,0.016472710503472224,1.0,0.06422396047756278,0.0,1.0
polyp,client3,Domain3,box,43.h5,147456,560,126452,9383,0.0037977430555555555,0.8575575086805556,0.0636325412326389,1.0,0.05968240434828946,0.008928571428571428,0.9910714285714286
polyp,client3,Domain3,box,44.h5,147456,468,128947,8139,0.003173828125,0.8744778103298612,0.055196126302083336,1.0,0.05750092148912643,0.010683760683760684,0.9893162393162394
polyp,client3,Domain3,box,45.h5,147456,411,129160,7431,0.0027872721354166665,0.8759223090277778,0.050394694010416664,1.0,0.055308841340331046,0.0,1.0
polyp,client3,Domain3,box,46.h5,147456,414,130691,7390,0.0028076171875,0.8863050672743056,0.050116644965277776,1.0,0.05602165087956698,0.004830917874396135,0.9951690821256038
polyp,client3,Domain3,box,47.h5,147456,375,132788,6315,0.0025431315104166665,0.9005262586805556,0.042826334635416664,1.0,0.05938242280285035,0.010666666666666666,0.9893333333333333
polyp,client3,Domain3,box,48.h5,147456,498,127996,8432,0.0033772786458333335,0.8680284288194444,0.057183159722222224,1.0,0.059060721062618594,0.0,1.0
polyp,client3,Domain3,box,49.h5,147456,187,139548,2976,0.0012681749131944445,0.9463704427083334,0.020182291666666668,1.0,0.06283602150537634,0.0,1.0
polyp,client3,Domain3,box,5.h5,147456,79,143049,1088,0.0005357530381944445,0.9701131184895834,0.007378472222222222,1.0,0.07261029411764706,0.0,1.0
polyp,client3,Domain3,box,50.h5,147456,183,139870,2885,0.0012410481770833333,0.9485541449652778,0.019565158420138888,1.0,0.0634315424610052,0.0,1.0
polyp,client3,Domain3,box,51.h5,147456,180,140076,2886,0.001220703125,0.949951171875,0.019571940104166668,1.0,0.062370062370062374,0.0,1.0
polyp,client3,Domain3,box,52.h5,147456,1008,115704,18565,0.0068359375,0.78466796875,0.12590196397569445,1.0,0.054295717748451384,0.0,1.0
polyp,client3,Domain3,box,53.h5,147456,75,143450,1112,0.0005086263020833334,0.9728325737847222,0.007541232638888889,1.0,0.06744604316546762,0.0,1.0
polyp,client3,Domain3,box,54.h5,147456,122,141384,2112,0.0008273654513888889,0.9588216145833334,0.014322916666666666,1.0,0.05776515151515151,0.0,1.0
polyp,client3,Domain3,box,55.h5,147456,198,139299,3176,0.0013427734375,0.9446818033854166,0.021538628472222224,1.0,0.06234256926952141,0.0,1.0
polyp,client3,Domain3,box,56.h5,147456,187,139978,3011,0.0012681749131944445,0.9492865668402778,0.020419650607638888,1.0,0.06210561275323813,0.0,1.0
polyp,client3,Domain3,box,57.h5,147456,78,143376,1147,0.0005289713541666666,0.9723307291666666,0.007778591579861111,1.0,0.06800348735832606,0.0,1.0
polyp,client3,Domain3,box,58.h5,147456,78,143531,1087,0.0005289713541666666,0.9733818901909722,0.007371690538194444,1.0,0.07175712971481141,0.0,1.0
polyp,client3,Domain3,box,59.h5,147456,299,135181,6076,0.0020277235243055555,0.9167548285590278,0.041205512152777776,1.0,0.049210006583278475,0.0,1.0
polyp,client3,Domain3,box,6.h5,147456,86,142876,1268,0.0005832248263888889,0.9689398871527778,0.008599175347222222,1.0,0.06782334384858044,0.0,1.0
polyp,client3,Domain3,box,60.h5,147456,31,144749,471,0.00021023220486111112,0.9816419813368056,0.0031941731770833335,1.0,0.06581740976645435,0.0,1.0
polyp,client3,Domain3,box,61.h5,147456,382,133402,6963,0.002590603298611111,0.9046902126736112,0.047220865885416664,1.0,0.05486141031164728,0.0,1.0
polyp,client3,Domain3,box,62.h5,147456,308,134816,6143,0.0020887586805555555,0.9142795138888888,0.04165988498263889,1.0,0.05013836887514244,0.0,1.0
polyp,client3,Domain3,box,63.h5,147456,1256,110755,24604,0.008517795138888888,0.7511054144965278,0.16685655381944445,1.0,0.05104860998211673,0.0,1.0
polyp,client3,Domain3,box,64.h5,147456,1249,109567,23449,0.008470323350694444,0.7430487738715278,0.1590237087673611,1.0,0.05326453153652608,0.0,1.0
polyp,client3,Domain3,box,65.h5,147456,333,135097,5737,0.00225830078125,0.9161851671006944,0.03890652126736111,1.0,0.05804427401080704,0.0,1.0
polyp,client3,Domain3,box,66.h5,147456,1344,106912,25859,0.009114583333333334,0.7250434027777778,0.17536756727430555,1.0,0.05197416760122201,0.0,1.0
polyp,client3,Domain3,box,67.h5,147456,313,135932,5326,0.0021226671006944445,0.9218478732638888,0.03611924913194445,1.0,0.058768306421329325,0.0,1.0
polyp,client3,Domain3,box,68.h5,147456,163,140380,2551,0.0011054144965277778,0.9520128038194444,0.017300075954861112,1.0,0.06389651117208937,0.0,1.0
polyp,client3,Domain3,box,69.h5,147456,42,144642,639,0.0002848307291666667,0.9809163411458334,0.00433349609375,1.0,0.06572769953051644,0.0,1.0
polyp,client3,Domain3,box,7.h5,147456,72,143160,1218,0.00048828125,0.9708658854166666,0.008260091145833334,1.0,0.059113300492610835,0.0,1.0
polyp,client3,Domain3,box,70.h5,147456,24,145143,346,0.00016276041666666666,0.98431396484375,0.002346462673611111,1.0,0.06936416184971098,0.0,1.0
polyp,client3,Domain3,box,71.h5,147456,56,143854,977,0.00037977430555555556,0.9755723741319444,0.006625705295138889,1.0,0.057318321392016376,0.0,1.0
polyp,client3,Domain3,box,72.h5,147456,54,144297,729,0.0003662109375,0.97857666015625,0.00494384765625,1.0,0.07407407407407407,0.0,1.0
polyp,client3,Domain3,box,73.h5,147456,29,145089,454,0.00019666883680555556,0.98394775390625,0.003078884548611111,1.0,0.06387665198237885,0.0,1.0
polyp,client3,Domain3,box,74.h5,147456,48,144091,851,0.0003255208333333333,0.9771796332465278,0.005771213107638889,1.0,0.0564042303172738,0.0,1.0
polyp,client3,Domain3,box,75.h5,147456,70,143438,1091,0.00047471788194444444,0.9727511935763888,0.007398817274305556,1.0,0.06416131989000917,0.0,1.0
polyp,client3,Domain3,box,76.h5,147456,44,144292,661,0.00029839409722222225,0.9785427517361112,0.004482693142361111,1.0,0.06656580937972768,0.0,1.0
polyp,client3,Domain3,box,77.h5,147456,40,144644,545,0.0002712673611111111,0.9809299045138888,0.003696017795138889,1.0,0.07339449541284404,0.0,1.0
polyp,client3,Domain3,box,78.h5,147456,24,145212,367,0.00016276041666666666,0.9847819010416666,0.0024888780381944445,1.0,0.0653950953678474,0.0,1.0
polyp,client3,Domain3,box,79.h5,147456,34,144863,450,0.00023057725694444444,0.9824150933159722,0.0030517578125,1.0,0.07555555555555556,0.0,1.0
polyp,client3,Domain3,box,8.h5,147456,91,142817,1329,0.0006171332465277778,0.9685397677951388,0.009012858072916666,1.0,0.06847253574115876,0.0,1.0
polyp,client3,Domain3,box,80.h5,147456,93,142651,1458,0.0006306966145833334,0.9674140082465278,0.0098876953125,1.0,0.06378600823045268,0.0,1.0
polyp,client3,Domain3,box,81.h5,147456,728,123596,12969,0.004937065972222222,0.8381890190972222,0.08795166015625,1.0,0.056133857660575215,0.0,1.0
polyp,client3,Domain3,box,82.h5,147456,240,137366,4282,0.0016276041666666667,0.9315728081597222,0.029039171006944444,1.0,0.0560485754320411,0.0,1.0
polyp,client3,Domain3,box,83.h5,147456,560,129601,10184,0.0037977430555555555,0.8789130316840278,0.0690646701388889,1.0,0.05498821681068342,0.0,1.0
polyp,client3,Domain3,box,84.h5,147456,654,125680,11926,0.004435221354166667,0.8523220486111112,0.08087836371527778,1.0,0.054838168707026666,0.0,1.0
polyp,client3,Domain3,box,85.h5,147456,438,131564,8428,0.0029703776041666665,0.8922254774305556,0.05715603298611111,1.0,0.051969625059326056,0.0,1.0
polyp,client3,Domain3,box,86.h5,147456,252,137415,4330,0.001708984375,0.9319051106770834,0.029364691840277776,1.0,0.058198614318706696,0.0,1.0
polyp,client3,Domain3,box,87.h5,147456,594,127648,10274,0.0040283203125,0.8656684027777778,0.0696750217013889,1.0,0.057815845824411134,0.0,1.0
polyp,client3,Domain3,box,88.h5,147456,426,132343,7743,0.0028889973958333335,0.8975084092881944,0.052510579427083336,1.0,0.05501743510267338,0.0,1.0
polyp,client3,Domain3,box,89.h5,147456,29,144992,485,0.00019666883680555556,0.9832899305555556,0.003289116753472222,1.0,0.05979381443298969,0.0,1.0
polyp,client3,Domain3,box,9.h5,147456,66,143922,855,0.0004475911458333333,0.9760335286458334,0.00579833984375,1.0,0.07719298245614035,0.0,1.0
polyp,client3,Domain3,box,90.h5,147456,56,144438,745,0.00037977430555555556,0.9795328776041666,0.005052354600694444,1.0,0.07516778523489932,0.0,1.0
polyp,client3,Domain3,box,91.h5,147456,459,131006,8537,0.00311279296875,0.8884412977430556,0.05789523654513889,1.0,0.05376595993908867,0.0,1.0
polyp,client3,Domain3,box,92.h5,147456,285,136134,5091,0.0019327799479166667,0.9232177734375,0.034525553385416664,1.0,0.05598114319387154,0.0,1.0
polyp,client3,Domain3,box,93.h5,147456,97,142625,1437,0.0006578233506944445,0.9672376844618056,0.009745279947916666,1.0,0.0675017397355602,0.0,1.0
polyp,client3,Domain3,box,94.h5,147456,74,143424,1078,0.0005018446180555555,0.97265625,0.007310655381944444,1.0,0.0686456400742115,0.0,1.0
polyp,client3,Domain3,box,95.h5,147456,54,144102,826,0.0003662109375,0.9772542317708334,0.005601671006944444,1.0,0.06537530266343826,0.0,1.0
polyp,client3,Domain3,box,96.h5,147456,48,144309,760,0.0003255208333333333,0.9786580403645834,0.005154079861111111,1.0,0.06315789473684211,0.0,1.0
polyp,client3,Domain3,box,97.h5,147456,57,143902,953,0.0003865559895833333,0.9758978949652778,0.006462944878472222,1.0,0.05981112277019937,0.0,1.0
polyp,client3,Domain3,box,98.h5,147456,79,143185,1218,0.0005357530381944445,0.9710354275173612,0.008260091145833334,1.0,0.06486042692939245,0.0,1.0
polyp,client3,Domain3,box,99.h5,147456,173,140229,2736,0.0011732313368055555,0.95098876953125,0.0185546875,1.0,0.06323099415204679,0.0,1.0
polyp,client4,Domain4,block,cju0qkwl35piu0993l0dewei2.h5,147456,21171,103232,41669,0.14357503255208334,0.7000868055555556,0.2825859917534722,1.0,0.508075547769325,0.004912380142647962,0.9950876198573521
polyp,client4,Domain4,block,cju0qoxqj9q6s0835b43399p4.h5,147456,22459,105630,39896,0.1523098415798611,0.7163492838541666,0.2705620659722222,1.0,0.5629386404652096,0.001291241818424685,0.9987087581815753
polyp,client4,Domain4,block,cju0qx73cjw570799j4n5cjze.h5,147456,24622,95356,46985,0.16697862413194445,0.6466742621527778,0.3186374240451389,1.0,0.5240395871022667,0.009787994476484445,0.9902120055235155
polyp,client4,Domain4,block,cju0roawvklrq0799vmjorwfv.h5,147456,9648,128332,15970,0.0654296875,0.8703070746527778,0.1083034939236111,1.0,0.6041327489041953,0.06664593698175787,0.9333540630182421
polyp,client4,Domain4,block,cju0rx1idathl0835detmsp84.h5,147456,5571,132127,10692,0.03778076171875,0.8960435655381944,0.072509765625,1.0,0.5210437710437711,0.013283073056901813,0.9867169269430982
polyp,client4,Domain4,block,cju0s2a9ekvms080138tjjpxr.h5,147456,23658,129084,30526,0.16044108072916666,0.8754069010416666,0.20701768663194445,1.0,0.7750114656358514,0.025065516949868968,0.9749344830501311
polyp,client4,Domain4,block,cju0s690hkp960855tjuaqvv0.h5,147456,2359,137793,5386,0.015997992621527776,0.9344685872395834,0.03652615017361111,1.0,0.43798737467508353,0.019923696481559984,0.98007630351844
polyp,client4,Domain4,block,cju0sr5ghl0nd08789uzf1raf.h5,147456,9835,119564,19680,0.06669786241319445,0.8108452690972222,0.13346354166666666,1.0,0.4997459349593496,0.007727503812913066,0.9922724961870869
polyp,client4,Domain4,block,cju0sxqiclckk08551ycbwhno.h5,147456,2411,136241,6394,0.016350640190972224,0.9239434136284722,0.04336208767361111,1.0,0.37707225523928684,0.006636250518457071,0.9933637494815429
polyp,client4,Domain4,block,cju0t4oil7vzk099370nun5h9.h5,147456,39330,119712,50062,0.2667236328125,0.8118489583333334,0.3395046657986111,1.0,0.785625823978267,0.008492245105517417,0.9915077548944826
polyp,client4,Domain4,block,cju0tl3uz8blh0993wxvn7ly3.h5,147456,222,143737,773,0.0015055338541666667,0.9747789171006944,0.005242241753472222,1.0,0.2871927554980595,0.04954954954954955,0.9504504504504504
polyp,client4,Domain4,block,cju0u2g7pmnux0801vkk47ivj.h5,147456,22820,104917,43080,0.1547580295138889,0.7115139431423612,0.2921549479166667,1.0,0.5297121634168988,0.0015337423312883436,0.9984662576687117
polyp,client4,Domain4,block,cju0ue769mxii08019zqgdbxn.h5,147456,2827,135437,7019,0.019171820746527776,0.9184909396701388,0.047600640190972224,1.0,0.40276392648525433,0.011319419879731164,0.9886805801202688
polyp,client4,Domain4,block,cju0vtox5ain6099360pu62rp.h5,147456,2790,136282,6554,0.0189208984375,0.9242214626736112,0.04444715711805555,1.0,0.4256942325297528,0.02903225806451613,0.9709677419354839
polyp,client4,Domain4,block,cju13cgqmnhwn0988yrainhcp.h5,147456,12334,130357,18290,0.0836452907986111,0.8840399848090278,0.12403700086805555,1.0,0.6743575724439584,0.014107345548889249,0.9858926544511107
polyp,client4,Domain4,block,cju13fwthn9mq0835gacxgy01.h5,147456,13269,129224,20396,0.08998616536458333,0.8763563368055556,0.13831922743055555,1.0,0.6505687389684252,0.005501544954405004,0.994498455045595
polyp,client4,Domain4,block,cju13hp5rnbjx0835bf0jowgx.h5,147456,9754,132603,15677,0.06614854600694445,0.8992716471354166,0.10631646050347222,1.0,0.6221853670982969,0.00727906499897478,0.9927209350010252
polyp,client4,Domain4,block,cju14g8o4xui30878gkgbrvqj.h5,147456,1208,139173,3788,0.008192274305555556,0.9438273111979166,0.025689019097222224,1.0,0.31890179514255546,0.014900662251655629,0.9850993377483444
polyp,client4,Domain4,block,cju14hjh2ob2o0835ouz3r5aa.h5,147456,11945,129475,18487,0.08100721571180555,0.8780585394965278,0.1253729926215278,1.0,0.6461297127711365,0.01481791544579322,0.9851820845542067
polyp,client4,Domain4,block,cju14pxbaoksp0835qzorx6g6.h5,147456,5132,134167,10566,0.03480360243055555,0.9098782009548612,0.0716552734375,1.0,0.4857088775317055,0.0,1.0
polyp,client4,Domain4,block,cju15czxqp3lv0835jvhgzurz.h5,147456,29081,118663,40186,0.19721815321180555,0.8047349717881944,0.2725287543402778,1.0,0.723659981087941,0.013720298476668615,0.9862797015233313
polyp,client4,Domain4,block,cju15jr8jz8sb0855ukmkswkz.h5,147456,32034,110910,46225,0.21724446614583334,0.7521565755208334,0.3134833441840278,1.0,0.6930016224986479,0.015702066554286073,0.9842979334457139
polyp,client4,Domain4,block,cju15l5ubz9yh0855b3ivdpse.h5,147456,1509,137263,5135,0.010233561197916666,0.9308742947048612,0.03482394748263889,1.0,0.2938656280428432,0.0,1.0
polyp,client4,Domain4,block,cju15mhjczc8z0801kit5c6di.h5,147456,13037,129128,19836,0.0884128146701389,0.8757052951388888,0.134521484375,1.0,0.6572393627747529,0.010585257344481092,0.9894147426555189
polyp,client4,Domain4,block,cju15ptjtppz40988odsm9azx.h5,147456,3504,133498,8751,0.023763020833333332,0.9053412543402778,0.059346516927083336,1.0,0.40041138155639355,0.0,1.0
polyp,client4,Domain4,block,cju160wshltz10993i1gmqxbe.h5,147456,1531,139385,3906,0.010382758246527778,0.9452650282118056,0.0264892578125,1.0,0.3919610855094726,0.016329196603527107,0.983670803396473
polyp,client4,Domain4,block,cju16b6ynq8e40988m8vx0xnj.h5,147456,1679,141483,2722,0.011386447482638888,0.9594930013020834,0.018459743923611112,1.0,0.6168258633357825,0.0851697438951757,0.9148302561048243
polyp,client4,Domain4,block,cju16d65tzw9d0799ouslsw25.h5,147456,3474,136869,6891,0.0235595703125,0.9282023111979166,0.046732584635416664,1.0,0.5041358293426208,0.02360391479562464,0.9763960852043754
polyp,client4,Domain4,block,cju16fpvhzypl0799p9phnlx6.h5,147456,9013,129486,15570,0.06112331814236111,0.8781331380208334,0.1055908203125,1.0,0.5788696210661528,0.006324198380117608,0.9936758016198823
polyp,client4,Domain4,block,cju16jgnyzp970878melv7r25.h5,147456,10159,128851,17139,0.06889512803819445,0.8738267686631944,0.11623128255208333,1.0,0.5927417002158819,0.015060537454473865,0.9849394625455261
polyp,client4,Domain4,block,cju171py4qiha0835u8sl59ds.h5,147456,43034,122107,53993,0.2918429904513889,0.8280910915798612,0.3661634657118056,1.0,0.7970292445316985,0.015987358832551007,0.984012641167449
polyp,client4,Domain4,block,cju175facms5f0993a5tjikvt.h5,147456,21797,119179,33905,0.1478203667534722,0.8082343207465278,0.22993299696180555,1.0,0.6428845303052647,0.01647015644354728,0.9835298435564527
polyp,client4,Domain4,block,cju17bz250pgd0799u1hqkj5u.h5,147456,8641,132702,13339,0.058600531684027776,0.8999430338541666,0.09046088324652778,1.0,0.6477996851338181,0.019442194190487212,0.9805578058095128
polyp,client4,Domain4,block,cju17g6ykn1cs0993dww6qdi8.h5,147456,25267,98343,46257,0.1713528103298611,0.66693115234375,0.3137003580729167,1.0,0.5462308407376181,0.01757232754185301,0.982427672458147
polyp,client4,Domain4,block,cju17hw9hr9c5098800fu4u8e.h5,147456,2240,140712,3544,0.015190972222222222,0.9542643229166666,0.024034288194444444,1.0,0.6320541760722348,0.021875,0.978125
polyp,client4,Domain4,block,cju17otoe119u0799nqcbl8n1.h5,147456,65006,94978,90892,0.4408501519097222,0.6441107855902778,0.6164008246527778,1.0,0.715200457686045,0.017259945235824387,0.9827400547641756
polyp,client4,Domain4,block,cju17r8il13910799dr2wme2e.h5,147456,1037,142588,1777,0.007032606336805556,0.9669867621527778,0.012051052517361112,1.0,0.5835678109172763,0.10028929604628736,0.8997107039537127
polyp,client4,Domain4,block,cju17v6ih0u7808783zcbg1jy.h5,147456,33432,103033,51672,0.22672526041666666,0.6987372504340278,0.3504231770833333,1.0,0.6470041802136554,0.0064010528834649435,0.9935989471165351
polyp,client4,Domain4,block,cju17x0j4nfc10993y31pvlgs.h5,147456,77306,103660,103532,0.5242648654513888,0.7029893663194444,0.7021213107638888,1.0,0.7466870146428157,0.03458981191628076,0.9654101880837193
polyp,client4,Domain4,block,cju1819curo000988pd5xcqme.h5,147456,9407,130522,15820,0.06379530164930555,0.8851589626736112,0.10728624131944445,1.0,0.5946270543615676,0.0006378228978420325,0.999362177102158
polyp,client4,Domain4,block,cju183od81ff608017ekzif89.h5,147456,12832,121678,22447,0.08702256944444445,0.8251817491319444,0.1522284613715278,1.0,0.5716576825410968,0.02127493765586035,0.9787250623441397
polyp,client4,Domain4,block,cju1871y11d6r0799k6cw4yze.h5,147456,14572,129087,22516,0.09882269965277778,0.87542724609375,0.15269639756944445,1.0,0.6471842245514301,0.017911062311281912,0.9820889376887181
polyp,client4,Domain4,block,cju18849rrsgr0988p90hkygb.h5,147456,9983,130322,16909,0.06770155164930555,0.8838026258680556,0.11467149522569445,1.0,0.5903956472884263,0.008414304317339477,0.9915856956826605
polyp,client4,Domain4,block,cju18gzrq18zw0878wbf4ftw6.h5,147456,5346,131506,11260,0.0362548828125,0.8918321397569444,0.07636176215277778,1.0,0.4747779751332149,0.0,1.0
polyp,client4,Domain4,block,cju18ibp219ub08783i6o98g7.h5,147456,786,140423,2730,0.005330403645833333,0.9523044162326388,0.018513997395833332,1.0,0.2879120879120879,0.002544529262086514,0.9974554707379135
polyp,client4,Domain4,block,cju18kevfrojc0835bn90f1in.h5,147456,2350,133226,7857,0.015936957465277776,0.9034966362847222,0.05328369140625,1.0,0.29909634720631284,0.000851063829787234,0.9991489361702127
polyp,client4,Domain4,block,cju1alwgo30z60855fm3y23sm.h5,147456,7620,132097,12513,0.051676432291666664,0.8958401150173612,0.08485921223958333,1.0,0.6089666746583553,0.014435695538057743,0.9855643044619422
polyp,client4,Domain4,block,cju1aqqv02qwz0878a5cyhr67.h5,147456,3189,133284,8241,0.021626790364583332,0.9038899739583334,0.055887858072916664,1.0,0.3869676010192938,0.0028222013170272815,0.9971777986829727
polyp,client4,Domain4,block,cju1ats0y372e08011yazcsxm.h5,147456,17805,130537,22945,0.12074788411458333,0.8852606879340278,0.1556057400173611,1.0,0.7759860536064502,0.02342038753159225,0.9765796124684077
polyp,client4,Domain4,block,cju1b0y2e396p08558ois175d.h5,147456,2733,136997,5945,0.018534342447916668,0.9290703667534722,0.04031711154513889,1.0,0.4597140454163162,0.04171240395170143,0.9582875960482986
polyp,client4,Domain4,block,cju1b3zgj3d8e0801kpolea6c.h5,147456,11030,123442,20882,0.0748019748263889,0.8371446397569444,0.14161512586805555,1.0,0.5282061105258117,0.00045330915684496827,0.9995466908431551
polyp,client4,Domain4,block,cju1b75x63ddl0799sdp0i2j3.h5,147456,5891,134320,9896,0.03995090060763889,0.9109157986111112,0.0671115451388889,1.0,0.5952910266774454,0.00814802240706162,0.9918519775929384
polyp,client4,Domain4,block,cju1bhnfitmge0835ynls0l6b.h5,147456,5895,132238,12063,0.03997802734375,0.8967963324652778,0.08180745442708333,1.0,0.4886844068639642,0.0005089058524173028,0.9994910941475827
polyp,client4,Domain4,block,cju1brhsj3rls0855a1vgdlen.h5,147456,1982,136591,5871,0.013441297743055556,0.9263170030381944,0.039815266927083336,1.0,0.3375915516947709,0.0,1.0
polyp,client4,Domain4,block,cju1c0qb4tzi308355wtsnp0y.h5,147456,38882,115738,51414,0.2636854383680556,0.7848985460069444,0.3486735026041667,1.0,0.7562531606177306,0.007175556812921146,0.9928244431870789
polyp,client4,Domain4,block,cju1c4fcu40hl07992b8gj0c8.h5,147456,3649,135312,8017,0.024746365017361112,0.9176432291666666,0.05436876085069445,1.0,0.4551577896968941,0.0013702384214853384,0.9986297615785147
polyp,client4,Domain4,block,cju1c6yfz42md08550zgoz3pw.h5,147456,32427,128214,39447,0.21990966796875,0.8695068359375,0.26751708984375,1.0,0.8220396988364134,0.02408486754864773,0.9759151324513523
polyp,client4,Domain4,block,cju1c8ffau5770835g0g343o8.h5,147456,2122,137585,5239,0.014390733506944444,0.9330579969618056,0.035529242621527776,1.0,0.4050391296048864,0.003770028275212064,0.9962299717247879
polyp,client4,Domain4,block,cju1cdxvz48hw0801i0fjwcnk.h5,147456,5009,134610,9471,0.03396945529513889,0.9128824869791666,0.06422932942708333,1.0,0.528877626438602,0.004991016170892394,0.9950089838291076
polyp,client4,Domain4,block,cju1cfhyg48bb0799cl5pr2jh.h5,147456,17554,127887,24191,0.1190456814236111,0.8672892252604166,0.1640557183159722,1.0,0.7256417675995205,0.008658995100831719,0.9913410048991683
polyp,client4,Domain4,block,cju1cnnziug1l0835yh4ropyg.h5,147456,10593,105303,28351,0.07183837890625,0.7141316731770834,0.1922675238715278,1.0,0.3736376141935029,0.023694892853771358,0.9763051071462286
polyp,client4,Domain4,block,cju1csmlc4ht10799b8ymmghg.h5,147456,6484,115618,19267,0.04397243923611111,0.7840847439236112,0.13066270616319445,1.0,0.33653397000051904,0.0,1.0
polyp,client4,Domain4,block,cju1cu1u2474n0878tt7v4tdr.h5,147456,1830,138268,3016,0.012410481770833334,0.9376898871527778,0.020453559027777776,1.0,0.6067639257294429,0.21475409836065573,0.7852459016393443
polyp,client4,Domain4,block,cju1cvkfwqrec0993wbp1jlzm.h5,147456,2552,136924,6204,0.017306857638888888,0.9285753038194444,0.042073567708333336,1.0,0.41134751773049644,0.016849529780564265,0.9831504702194357
polyp,client4,Domain4,block,cju1cyjb5qtie0993njqne9m3.h5,147456,49213,98168,74740,0.3337470160590278,0.6657443576388888,0.5068630642361112,1.0,0.6584559807332084,0.0045313230244041205,0.9954686769755959
polyp,client4,Domain4,block,cju1d31sp4d4k0878r3fr02ul.h5,147456,7107,133246,12101,0.048197428385416664,0.9036322699652778,0.0820651584201389,1.0,0.5873068341459383,0.002532714225411566,0.9974672857745884
polyp,client4,Domain4,block,cju1d50a94qf50855wsowacrc.h5,147456,4153,135583,8911,0.028164333767361112,0.9194810655381944,0.060431586371527776,1.0,0.46605319268320056,0.0,1.0
polyp,client4,Domain4,block,cju1d96gsv62d09881b3wecw2.h5,147456,27393,123340,37213,0.18577067057291666,0.8364529079861112,0.2523668077256944,1.0,0.7361137236987074,0.02336363304493849,0.9766363669550615
polyp,client4,Domain4,block,cju1dfeupuzlw0835gnxip369.h5,147456,6046,134617,10501,0.04100206163194445,0.9129299587673612,0.07121446397569445,1.0,0.575754690029521,0.025802183261660602,0.9741978167383394
polyp,client4,Domain4,block,cju1dg44i4z3w0801nyz4p6zf.h5,147456,990,142644,1304,0.0067138671875,0.9673665364583334,0.008843315972222222,1.0,0.75920245398773,0.6373737373737374,0.36262626262626263
polyp,client4,Domain4,block,cju1dhfok4mhe0878jlgrag0h.h5,147456,5136,135419,8967,0.034830729166666664,0.9183688693576388,0.060811360677083336,1.0,0.5727668116426898,0.010319314641744548,0.9896806853582555
polyp,client4,Domain4,block,cju1dia8hvc6v098827mgffnm.h5,147456,2838,137262,6242,0.019246419270833332,0.9308675130208334,0.04233127170138889,1.0,0.45466196731816727,0.005990133897110641,0.9940098661028893
polyp,client4,Domain4,block,cju1djtprvd7b0988thwwrg09.h5,147456,4832,134954,8783,0.032769097222222224,0.9152153862847222,0.059563530815972224,1.0,0.550153706022999,0.011382450331125827,0.9886175496688742
polyp,client4,Domain4,block,cju1dnz61vfp40988e78bkjga.h5,147456,4200,133393,8542,0.028483072916666668,0.9046291775173612,0.057929144965277776,1.0,0.49168812924373684,0.0688095238095238,0.9311904761904762
polyp,client4,Domain4,block,cju1dq3x1vgx109889c7wyirg.h5,147456,9989,129950,15940,0.06774224175347222,0.8812798394097222,0.10810004340277778,1.0,0.6266624843161857,0.01051156271899089,0.9894884372810091
polyp,client4,Domain4,block,cju1drnhbrb9409935wi7vkhg.h5,147456,30034,93974,53831,0.2036810980902778,0.6373019748263888,0.3650648328993056,1.0,0.5579313035239918,0.030232403276286873,0.9697675967237132
polyp,client4,Domain4,block,cju1efbr0rqxz09931z0lf4vf.h5,147456,4515,135012,8805,0.030619303385416668,0.9156087239583334,0.059712727864583336,1.0,0.5127768313458262,0.04629014396456257,0.9537098560354375
polyp,client4,Domain4,block,cju1egh885m1l0855ci1lt37c.h5,147456,2654,140589,3662,0.017998589409722224,0.95343017578125,0.024834526909722224,1.0,0.7247405789186238,0.12886209495101733,0.8711379050489827
polyp,client4,Domain4,block,cju1egx9pvz2n0988eoy8jp23.h5,147456,1545,142123,2349,0.010477701822916666,0.9638332790798612,0.01593017578125,1.0,0.6577266922094508,0.16828478964401294,0.8317152103559871
polyp,client4,Domain4,block,cju1ejj7dvqfa0835ra184v5m.h5,147456,14444,125524,22006,0.09795464409722222,0.8512641059027778,0.1492377387152778,1.0,0.6563664455148596,0.015162004984768763,0.9848379950152313
polyp,client4,Domain4,block,cju1erep75us208553i4ofwwe.h5,147456,17571,125429,26118,0.11916097005208333,0.8506198459201388,0.1771240234375,1.0,0.6727544222375373,0.030504809060383588,0.9694951909396164
polyp,client4,Domain4,block,cju1euant5l960878iqj5vvto.h5,147456,4766,135583,8553,0.03232150607638889,0.9194810655381944,0.058003743489583336,1.0,0.5572313808020578,0.022660511959714646,0.9773394880402854
polyp,client4,Domain4,block,cju1euuc65wm00799m4sjdnnn.h5,147456,1980,137206,5542,0.013427734375,0.9304877387152778,0.03758409288194445,1.0,0.35727174305304943,0.0,1.0
polyp,client4,Domain4,block,cju1ewnoh5z030855vpex9uzt.h5,147456,8427,129844,14999,0.057149251302083336,0.8805609809027778,0.1017184787326389,1.0,0.5618374558303887,0.028123887504449982,0.9718761124955501
polyp,client4,Domain4,block,cju1expq45zst0855rjqwwj4m.h5,147456,23659,104197,41571,0.16044786241319445,0.7066311306423612,0.28192138671875,1.0,0.5691227057323615,0.0014370852529692717,0.9985629147470307
polyp,client4,Domain4,block,cju1f15k3w4ct0835cmde6ypo.h5,147456,12475,129018,19279,0.08460150824652778,0.8749593098958334,0.1307440863715278,1.0,0.6470771305565641,0.0024849699398797596,0.9975150300601202
polyp,client4,Domain4,block,cju1f320ewfyu0988ndz6blh5.h5,147456,7111,126192,16015,0.048224555121527776,0.8557942708333334,0.1086086697048611,1.0,0.4440212300967843,0.0009843903810997047,0.9990156096189003
polyp,client4,Domain4,block,cju1f5x1164xv08555654c24r.h5,147456,13610,132910,17960,0.09229871961805555,0.9013536241319444,0.1217990451388889,1.0,0.7577951002227171,0.0541513592946363,0.9458486407053637
polyp,client4,Domain4,block,cju1f79yhsb5w0993txub59ol.h5,147456,833,142777,1576,0.005649142795138889,0.9682685004340278,0.010687934027777778,1.0,0.5285532994923858,0.08283313325330131,0.9171668667466987
polyp,client4,Domain4,block,cju1fb9236a110801yvg0fwju.h5,147456,27272,99965,46638,0.18495008680555555,0.6779310438368056,0.3162841796875,1.0,0.5847592092285261,0.02555734819595189,0.9744426518040481
polyp,client4,Domain4,block,cju1ffnjn6ctm08015perkg37.h5,147456,16431,111222,30729,0.11142985026041667,0.7542724609375,0.20839436848958334,1.0,0.5347066289173094,0.003164749558760879,0.9968352504412391
polyp,client4,Domain4,block,cju1fj6axwfp30835ukhuzhw9.h5,147456,18948,111223,35954,0.12849934895833334,0.7542792426215278,0.2438286675347222,1.0,0.5270067308227179,0.005910914080641756,0.9940890859193583
polyp,client4,Domain4,block,cju1fjsb4sipq09931lvd8e41.h5,147456,5165,135311,10268,0.035027398003472224,0.9176364474826388,0.06963433159722222,1.0,0.503019088430074,0.022265246853823813,0.9777347531461762
polyp,client4,Domain4,block,cju1fm3id6gl50801r3fok20c.h5,147456,1006,139011,3912,0.006822374131944444,0.9427286783854166,0.026529947916666668,1.0,0.25715746421267893,0.002982107355864811,0.9970178926441352
polyp,client4,Domain4,block,cju1fmsyf6gxb0801cimx2gle.h5,147456,5896,132450,11682,0.039984809027777776,0.8982340494791666,0.0792236328125,1.0,0.504708097928437,0.004070556309362279,0.9959294436906377
polyp,client4,Domain4,block,cju1fr4etsmrr09933u4t4aql.h5,147456,23724,106660,41198,0.160888671875,0.7233344184027778,0.2793918185763889,1.0,0.5758531967571241,0.008641038610689596,0.9913589613893105
polyp,client4,Domain4,block,cju1ftaji6isw0855108yqcse.h5,147456,7652,114063,21558,0.05189344618055555,0.7735392252604166,0.14619954427083334,1.0,0.35494943872344376,0.0,1.0
polyp,client4,Domain4,block,cju1fuoa4wmc50835qfd11sp9.h5,147456,4967,128424,12050,0.033684624565972224,0.8709309895833334,0.08171929253472222,1.0,0.4121991701244813,0.038856452587074694,0.9611435474129253
polyp,client4,Domain4,block,cju1fyb1d69et0878muzdak9u.h5,147456,6237,121465,14550,0.04229736328125,0.8237372504340278,0.09867350260416667,1.0,0.428659793814433,0.009299342632675966,0.990700657367324
polyp,client4,Domain4,block,cju1g20bdwq6u0835e16xugcd.h5,147456,16296,112576,28708,0.11051432291666667,0.7634548611111112,0.19468858506944445,1.0,0.5676466490176955,0.0011045655375552283,0.9988954344624448
polyp,client4,Domain4,block,cju1g4nsb6ngy0799l4ezm8ab.h5,147456,9207,131549,15273,0.06243896484375,0.8921237521701388,0.10357666015625,1.0,0.6028285209192693,0.007820136852394917,0.9921798631476051
polyp,client4,Domain4,block,cju1gghyjwxt80835vx0wgxw0.h5,147456,13180,106127,30891,0.0893825954861111,0.7197197808159722,0.20949300130208334,1.0,0.4266614871645463,0.005918057663125948,0.9940819423368741
polyp,client4,Domain4,block,cju1gi7jlwyld0835cdf6g6qz.h5,147456,2808,135992,6946,0.01904296875,0.9222547743055556,0.04710557725694445,1.0,0.4042614454362223,0.002849002849002849,0.9971509971509972
polyp,client4,Domain4,block,cju1gkndf6yi10801o1qnje19.h5,147456,8822,129595,15571,0.05982801649305555,0.8788723415798612,0.10559760199652778,1.0,0.5665660522766681,0.025957832690999775,0.9740421673090002
polyp,client4,Domain4,block,cju1gv7106qd008784gk603mg.h5,147456,15960,129464,22048,0.10823567708333333,0.8779839409722222,0.14952256944444445,1.0,0.7238751814223512,0.013095238095238096,0.986904761904762
polyp,client4,Domain4,block,cju1h5w4wxajx0835mc954kxy.h5,147456,7868,133102,12440,0.05335828993055555,0.9026557074652778,0.08436414930555555,1.0,0.632475884244373,0.019445856634468735,0.9805541433655313
polyp,client4,Domain4,block,cju1haab178i70799tk9z8y8x.h5,147456,9119,130903,15271,0.06184217664930555,0.8877427842881944,0.10356309678819445,1.0,0.5971449151987427,0.0042767847351683295,0.9957232152648317
polyp,client4,Domain4,block,cju1hhj6mxfp90835n3wofrap.h5,147456,2630,137700,5233,0.017835828993055556,0.933837890625,0.03548855251736111,1.0,0.5025797821517294,0.09125475285171103,0.908745247148289
polyp,client4,Domain4,block,cju1hirfi7ekp0855q0vgm9qq.h5,147456,3164,136635,6863,0.021457248263888888,0.9266153971354166,0.04654269748263889,1.0,0.46102287629316624,0.0031605562579013905,0.9968394437420987
polyp,client4,Domain4,block,cju1hmff8tkp809931jps6fbr.h5,147456,32307,95826,57540,0.21909586588541666,0.6498616536458334,0.3902180989583333,1.0,0.5614702815432743,0.0149812734082397,0.9850187265917603
polyp,client4,Domain4,block,cju1hs0za7jha0855vj0mdrjt.h5,147456,18482,127434,25732,0.1253390842013889,0.8642171223958334,0.1745062934027778,1.0,0.7182496502409451,0.010875446380261876,0.9891245536197382
polyp,client4,Domain4,block,cju1hyolc7aqu0878rrkfn1lr.h5,147456,6502,133691,11272,0.04409450954861111,0.9066501193576388,0.0764431423611111,1.0,0.5768275372604684,0.010612119347892955,0.989387880652107
polyp,client4,Domain4,block,cju2hdr06v2bq0799mbm3bks1.h5,147456,27199,128318,34743,0.1844550238715278,0.8702121310763888,0.23561604817708334,1.0,0.7828627349394123,0.032023236148387806,0.9679767638516122
polyp,client4,Domain4,block,cju2hewssldzx0835ep795xu0.h5,147456,2911,137120,6239,0.019741482204861112,0.9299045138888888,0.04231092664930555,1.0,0.4665811828818721,0.014771556166265888,0.9852284438337341
polyp,client4,Domain4,block,cju2hgsptlfam0835o3b59h1o.h5,147456,1005,139301,3622,0.006815592447916667,0.9446953667534722,0.024563259548611112,1.0,0.2774710104914412,0.03880597014925373,0.9611940298507463
polyp,client4,Domain4,block,cju2hlm19vjjf0801o69qnber.h5,147456,15184,128553,21881,0.10297309027777778,0.8718058268229166,0.14839002821180555,1.0,0.6939353777249668,0.018835616438356163,0.9811643835616438
polyp,client4,Domain4,block,cju2htabevq9108015qjei0x7.h5,147456,52048,111606,67330,0.3529730902777778,0.7568766276041666,0.4566107855902778,1.0,0.7730283677409773,0.0005763910236704581,0.9994236089763295
polyp,client4,Domain4,block,cju2hugv9vget0799hhk7ksvg.h5,147456,1434,141953,2361,0.009724934895833334,0.9626803927951388,0.016011555989583332,1.0,0.6073697585768743,0.06694560669456066,0.9330543933054394
polyp,client4,Domain4,block,cju2hw5gjlr5h0988so2qqres.h5,147456,21118,126350,28814,0.1432156032986111,0.8568657769097222,0.1954074435763889,1.0,0.7329076143541334,0.01681030400606118,0.9831896959939388
polyp,client4,Domain4,block,cju2hx006vidl0799igm81vmh.h5,147456,1033,139138,3751,0.007005479600694444,0.9435899522569444,0.025438096788194444,1.0,0.2753932284724074,0.0,1.0
polyp,client4,Domain4,block,cju2i03ptvkiu0799xbbd4det.h5,147456,7304,132779,11913,0.04953342013888889,0.9004652235243056,0.08079020182291667,1.0,0.6131117266851339,0.003696604600219058,0.996303395399781
polyp,client4,Domain4,block,cju2i3hzclw3o0988rrgh911i.h5,147456,35024,121495,45833,0.2375217013888889,0.8239407009548612,0.3108249240451389,1.0,0.7641655575676914,0.021299680219278208,0.9787003197807218
polyp,client4,Domain4,block,cju2i6acqvo6l0799u20fift8.h5,147456,14145,128945,20397,0.09592692057291667,0.8744642469618056,0.13832600911458334,1.0,0.6934843359317546,0.02509720749381407,0.974902792506186
polyp,client4,Domain4,block,cju2i8br1vqtd08784u6vmcjk.h5,147456,17851,125108,27436,0.1210598415798611,0.8484429253472222,0.1860622829861111,1.0,0.6506414929289984,0.0010643661419528318,0.9989356338580472
polyp,client4,Domain4,block,cju2iatlki5u309930zmgkv6h.h5,147456,26768,123678,35364,0.18153211805555555,0.8387451171875,0.23982747395833334,1.0,0.7569279493269992,0.019538254632396893,0.9804617453676031
polyp,client4,Domain4,block,cju2igw4gvxds0878808qj398.h5,147456,50783,114767,64647,0.3443942599826389,0.7783135308159722,0.43841552734375,1.0,0.7855430259718161,0.027351672803891065,0.9726483271961089
polyp,client4,Domain4,block,cju2ij9uiic2l09933ljiv6gm.h5,147456,3246,137373,5349,0.022013346354166668,0.9316202799479166,0.036275227864583336,1.0,0.606842400448682,0.04713493530499076,0.9528650646950092
polyp,client4,Domain4,block,cju2lcyfgkf5809932fn9gucn.h5,147456,4268,134061,9394,0.028944227430555556,0.9091593424479166,0.06370713975694445,1.0,0.45433255269320844,0.007497656982193065,0.9925023430178069
polyp,client4,Domain4,block,cju2lejzcy4pc0878c9rlonot.h5,147456,21841,122736,32073,0.14811876085069445,0.8323567708333334,0.21750895182291666,1.0,0.6809777694634116,0.002197701570440914,0.997802298429559
polyp,client4,Domain4,block,cju2lyynuymli0855g7fxgbhe.h5,147456,2998,136148,6669,0.020331488715277776,0.9233127170138888,0.04522705078125,1.0,0.44954266006897586,0.03168779186124083,0.9683122081387592
polyp,client4,Domain4,block,cju2lz8vqktne0993fuym6drw.h5,147456,4199,134824,8734,0.028476291232638888,0.9143337673611112,0.05923122829861111,1.0,0.4807648271124342,0.0,1.0
polyp,client4,Domain4,block,cju2m56cryvqd0801gtn2yp8t.h5,147456,2440,137263,5879,0.016547309027777776,0.9308742947048612,0.03986952039930555,1.0,0.41503657084538187,0.006557377049180328,0.9934426229508196
polyp,client4,Domain4,block,cju2m71z2ywwv080131bcrsd3.h5,147456,7523,131991,13126,0.051018608940972224,0.8951212565104166,0.0890163845486111,1.0,0.5731372847783026,0.009570650006646284,0.9904293499933537
polyp,client4,Domain4,block,cju2ma647l0nj0993ot4deq2q.h5,147456,11345,125843,18909,0.0769382052951389,0.8534274631076388,0.12823486328125,1.0,0.5999788460521445,0.08029969149405024,0.9197003085059497
polyp,client4,Domain4,block,cju2mfjndoz700988b9lc3zeq.h5,147456,8495,131594,14083,0.057610405815972224,0.8924289279513888,0.09550645616319445,1.0,0.6032095434211461,0.002354326074161271,0.9976456739258387
polyp,client4,Domain4,block,cju2nbdpmlmcj0993s1cht0dz.h5,147456,26816,120181,37392,0.1818576388888889,0.8150295681423612,0.2535807291666667,1.0,0.7171587505348738,0.0012306085918854415,0.9987693914081146
polyp,client4,Domain4,block,cju2nd7l7z98o0799gfjvyfmw.h5,147456,19910,127528,27326,0.13502332899305555,0.8648546006944444,0.18531629774305555,1.0,0.728610114908878,0.020341536916122553,0.9796584630838775
polyp,client4,Domain4,block,cju2nfnvxzdkd0878399axlco.h5,147456,9365,126842,17830,0.0635104709201389,0.8602023654513888,0.12091742621527778,1.0,0.5252383623107123,0.004378003203416978,0.995621996796583
polyp,client4,Domain4,block,cju2nguelpmlj0835rojdn097.h5,147456,17327,128180,24466,0.11750623914930555,0.8692762586805556,0.1659206814236111,1.0,0.7082073081010382,0.00594447971374156,0.9940555202862584
polyp,client4,Domain4,block,cju2nqapmzvk20801f9us40dx.h5,147456,11134,123847,19506,0.07550726996527778,0.8398912217881944,0.13228352864583334,1.0,0.5707987285963293,0.017783366265493084,0.982216633734507
polyp,client4,Domain4,block,cju2nsmwjlzyl0993jl80chvz.h5,147456,3241,136463,7066,0.021979437934027776,0.9254489474826388,0.047919379340277776,1.0,0.45867534673082366,0.0,1.0
polyp,client4,Domain4,block,cju2ntxtdzlvu0799xl3j9pan.h5,147456,2321,138900,3947,0.015740288628472224,0.9419759114583334,0.026767306857638888,1.0,0.5880415505447175,0.06505816458423093,0.934941835415769
polyp,client4,Domain4,block,cju2nyc5f02m40801ojqbtiea.h5,147456,9752,134606,14336,0.0661349826388889,0.9128553602430556,0.09722222222222222,1.0,0.6802455357142857,0.043888433141919606,0.9561115668580804
polyp,client4,Domain4,block,cju2oi8sq0i2y0801mektzvw8.h5,147456,83706,93586,112493,0.5676676432291666,0.6346706814236112,0.7628919813368056,1.0,0.744099632866045,0.025959907294578644,0.9740400927054214
polyp,client4,Domain4,block,cju2okvco06xc0799kxe5n1qh.h5,147456,24626,95507,48902,0.16700575086805555,0.6476982964409722,0.3316379123263889,1.0,0.5035785857429144,0.0,1.0
polyp,client4,Domain4,block,cju2oo0wh0bqy0878biujeyhe.h5,147456,6877,132920,12132,0.046637641059027776,0.9014214409722222,0.082275390625,1.0,0.566848005275305,0.0,1.0
polyp,client4,Domain4,block,cju2oq5570avm079959o20op1.h5,147456,14648,115204,29305,0.0993381076388889,0.7812771267361112,0.1987372504340278,1.0,0.49984644258658933,0.08103495357728017,0.9189650464227198
polyp,client4,Domain4,block,cju2otvvv0l7z0855x7we8cb0.h5,147456,4798,132594,10751,0.032538519965277776,0.8992106119791666,0.0729098849826389,1.0,0.44628406659845593,0.0,1.0
polyp,client4,Domain4,block,cju2ouil2mssu0993hvxsed6d.h5,147456,1545,138470,4450,0.010477701822916666,0.9390597873263888,0.030178493923611112,1.0,0.3471910112359551,0.0025889967637540453,0.997411003236246
polyp,client4,Domain4,block,cju2p0eveqtdc0835gpi3p93i.h5,147456,9989,129917,16264,0.06774224175347222,0.8810560438368056,0.11029730902777778,1.0,0.6141785538612887,0.006507157873661027,0.9934928421263389
polyp,client4,Domain4,block,cju2p4ddkmzxj0993p94o62av.h5,147456,7416,133174,12479,0.05029296875,0.9031439887152778,0.0846286349826389,1.0,0.5942783876913215,0.005798274002157497,0.9942017259978425
polyp,client4,Domain4,block,cju2p91qir00k08350ddfif0w.h5,147456,2460,134513,7505,0.016682942708333332,0.9122246636284722,0.050896538628472224,1.0,0.3277814790139907,0.0,1.0
polyp,client4,Domain4,block,cju2phaksnahz0993yxogjcpv.h5,147456,3625,136256,7017,0.024583604600694444,0.9240451388888888,0.047587076822916664,1.0,0.516602536696594,0.0005517241379310345,0.999448275862069
polyp,client4,Domain4,block,cju2pjb9v0ywn0878j5g5n69j.h5,147456,8420,132759,13200,0.05710177951388889,0.90032958984375,0.08951822916666667,1.0,0.6378787878787879,0.026365795724465558,0.9736342042755345
polyp,client4,Domain4,block,cju2pkwt3r8b90988v2ywq1px.h5,147456,4739,134181,9563,0.03213840060763889,0.90997314453125,0.0648532443576389,1.0,0.49555578793265714,0.0,1.0
polyp,client4,Domain4,block,cju2pmhtr17a00855cvpelzb0.h5,147456,9299,131597,14979,0.06306287977430555,0.8924492730034722,0.10158284505208333,1.0,0.6208024567728153,0.010753844499408539,0.9892461555005915
polyp,client4,Domain4,block,cju2qdj95ru8g09886gfi9rsz.h5,147456,38553,94391,63072,0.2614542643229167,0.6401299370659722,0.427734375,1.0,0.611253805175038,0.023033226986226753,0.9769667730137732
polyp,client4,Domain4,block,cju2qfie4rvz508357kad9z5o.h5,147456,10298,130780,15165,0.06983778211805555,0.8869086371527778,0.10284423828125,1.0,0.679063633366304,0.028743445329190133,0.9712565546708098
polyp,client4,Domain4,block,cju2qh5le1ock0878oahaql7d.h5,147456,14518,128531,20878,0.09845648871527778,0.8716566297743056,0.14158799913194445,1.0,0.6953731200306543,0.01680672268907563,0.9831932773109243
polyp,client4,Domain4,block,cju2qn2fzs1vy0988l243cvzy.h5,147456,21102,123250,30483,0.14310709635416666,0.8358425564236112,0.20672607421875,1.0,0.6922546993406161,0.0008056108425741635,0.9991943891574259
polyp,client4,Domain4,block,cju2qozsk20cq0855ugrg3cri.h5,147456,9930,130818,15494,0.06734212239583333,0.8871663411458334,0.1050754123263889,1.0,0.6408932489996128,0.003323262839879154,0.9966767371601208
polyp,client4,Domain4,block,cju2qqn5ys4uo0988ewrt2ip2.h5,147456,48483,88253,75646,0.32879638671875,0.5985039605034722,0.5130072699652778,1.0,0.6409195463078021,0.0009694119588309304,0.9990305880411691
polyp,client4,Domain4,block,cju2qs32r1vys07999conmbvx.h5,147456,467,140633,2394,0.003167046440972222,0.9537285698784722,0.0162353515625,1.0,0.19507101086048453,0.010706638115631691,0.9892933618843683
polyp,client4,Domain4,block,cju2qtee81yd708787bsjr75d.h5,147456,9230,129299,16345,0.0625949435763889,0.8768649631076388,0.11084662543402778,1.0,0.5646986846130315,0.007800650054171181,0.9921993499458288
polyp,client4,Domain4,block,cju2qu37qobl50993aw7ghcfq.h5,147456,2392,135691,6763,0.016221788194444444,0.9202134874131944,0.04586452907986111,1.0,0.3536891911873429,0.01588628762541806,0.9841137123745819
polyp,client4,Domain4,block,cju2qvuj1s9ok0835tp2k4ozh.h5,147456,23782,100927,45733,0.1612820095486111,0.6844550238715278,0.3101467556423611,1.0,0.5200183674808125,0.013245311580186696,0.9867546884198133
polyp,client4,Domain4,block,cju2qxxko229x08786gvxxhur.h5,147456,27835,91512,53124,0.18876817491319445,0.62060546875,0.3602701822916667,1.0,0.5239628040057225,0.005748158792886654,0.9942518412071133
polyp,client4,Domain4,block,cju2qz06823a40878ojcz9ccx.h5,147456,8906,129673,15840,0.06039767795138889,0.8794013129340278,0.107421875,1.0,0.5622474747474747,0.0014596900965641142,0.9985403099034359
polyp,client4,Domain4,block,cju2r11x7sdgx0988o8ule0wl.h5,147456,6252,113792,20448,0.042399088541666664,0.7717013888888888,0.138671875,1.0,0.3057511737089202,0.0,1.0
polyp,client4,Domain4,block,cju2r2obh2bjm08553kng0rh7.h5,147456,12539,107617,29843,0.08503553602430555,0.7298244900173612,0.2023857964409722,1.0,0.42016553295580206,0.0,1.0
polyp,client4,Domain4,block,cju2r6mt2om21099352pny5gw.h5,147456,25385,104239,44892,0.1721530490451389,0.7069159613715278,0.304443359375,1.0,0.5654682348748107,0.005396887925940516,0.9946031120740595
polyp,client4,Domain4,block,cju2r7h21sj9608354gzks3ae.h5,147456,1325,137902,4894,0.008985731336805556,0.9352077907986112,0.03318956163194445,1.0,0.27073968124233755,0.0,1.0
polyp,client4,Domain4,block,cju2r91dg2k090801bh0xzbxk.h5,147456,2787,135912,6906,0.018900553385416668,0.9217122395833334,0.046834309895833336,1.0,0.4035621198957428,0.0,1.0
polyp,client4,Domain4,block,cju2raxlosl630988jdbfy9b0.h5,147456,21264,95343,48421,0.14420572916666666,0.6465861002604166,0.3283759223090278,1.0,0.43914830342206895,0.010487208427389014,0.989512791572611
polyp,client4,Domain4,block,cju2ricdv2iys0878sv1adh0u.h5,147456,79446,88649,109775,0.5387776692708334,0.6011895073784722,0.7444593641493056,1.0,0.7237166932361648,0.009062759610301337,0.9909372403896987
polyp,client4,Domain4,block,cju2rkjfwoxys0993x768l1j2.h5,147456,29296,117950,40940,0.1986762152777778,0.7998996310763888,0.2776421440972222,1.0,0.7155837811431363,0.007304751501911524,0.9926952484980884
polyp,client4,Domain4,block,cju2rlqdnoz9k0993cpjae3x0.h5,147456,18039,126097,25730,0.12233479817708333,0.8551500108506944,0.1744927300347222,1.0,0.7010882238631947,0.005654415433228006,0.994345584566772
polyp,client4,Domain4,block,cju2rn0hasxri0835nfy3buay.h5,147456,1646,139139,4903,0.011162651909722222,0.9435967339409722,0.03325059678819445,1.0,0.33571282888027737,0.023086269744835967,0.976913730255164
polyp,client4,Domain4,block,cju2rnkt22xep0801as160g9t.h5,147456,2799,135942,4539,0.01898193359375,0.9219156901041666,0.030782063802083332,1.0,0.6166556510244547,0.15148267238299393,0.848517327617006
polyp,client4,Domain4,block,cju2ro5jqsy680988pi6qsujw.h5,147456,21902,120378,31907,0.1485324435763889,0.8163655598958334,0.21638319227430555,1.0,0.6864324442912214,0.01757830335129212,0.9824216966487079
polyp,client4,Domain4,block,cju2rpa30t07b0835im0erql0.h5,147456,10126,132715,14753,0.06867133246527778,0.9000311957465278,0.10005018446180555,1.0,0.6863688741272962,0.02063993679636579,0.9793600632036342
polyp,client4,Domain4,block,cju2rxm8rpbaf0993o3qr2oph.h5,147456,3931,137120,6507,0.026658799913194444,0.9299045138888888,0.04412841796875,1.0,0.6041186414630398,0.08089544645128466,0.9191045535487153
polyp,client4,Domain4,block,cju2rz4k434s70855wwx3ddtx.h5,147456,13169,119303,22256,0.08930799696180555,0.8090752495659722,0.1509331597222222,1.0,0.5917056074766355,0.02543852988078062,0.9745614701192193
polyp,client4,Domain4,block,cju2rzpsmtb0f0835jabkbao1.h5,147456,1229,138161,4474,0.008334689670138888,0.9369642469618056,0.030341254340277776,1.0,0.2746982565936522,0.0,1.0
polyp,client4,Domain4,block,cju2s16zp317h0799gr67jqc2.h5,147456,30595,119694,41976,0.2074856228298611,0.8117268880208334,0.28466796875,1.0,0.7288688774537831,0.00643896061447949,0.9935610393855205
polyp,client4,Domain4,block,cju2s2527pfyr0993l3h1149a.h5,147456,1240,139147,4099,0.008409288194444444,0.9436509874131944,0.027798122829861112,1.0,0.3025128080019517,0.00967741935483871,0.9903225806451613
polyp,client4,Domain4,block,cju2s9g11pnra0993gn4eh793.h5,147456,47326,98308,69821,0.3209499782986111,0.6666937934027778,0.4735039605034722,1.0,0.6778189942853869,0.013882432489540634,0.9861175675104593
polyp,client4,Domain4,block,cju2saez63gxl08559ucjq3kt.h5,147456,12044,128620,19580,0.08167860243055555,0.8722601996527778,0.1327853732638889,1.0,0.6151174668028601,0.0,1.0
polyp,client4,Domain4,block,cju2sevf53lkx08558h5bpaig.h5,147456,25588,122615,34503,0.1735297309027778,0.8315361870659722,0.23398844401041666,1.0,0.7416166710141148,0.01270126621853994,0.98729873378146
polyp,client4,Domain4,block,cju2sggy13na70855tbeoqgha.h5,147456,27183,119279,37254,0.18434651692708334,0.8089124891493056,0.2526448567708333,1.0,0.7296666129811564,0.010043041606886656,0.9899569583931134
polyp,client4,Domain4,block,cju2spdagu1l50835da1f46fr.h5,147456,2252,135958,6358,0.015272352430555556,0.9220241970486112,0.04311794704861111,1.0,0.3541994337842089,0.006216696269982238,0.9937833037300178
polyp,client4,Domain4,block,cju2srvy5440s0801y1ba9akr.h5,147456,37277,119227,46780,0.2528008355034722,0.8085598415798612,0.3172471788194444,1.0,0.7968576314664386,0.016927327842905814,0.9830726721570942
polyp,client4,Domain4,block,cju2sszfq3uye0878sucelzk2.h5,147456,77044,115388,90910,0.5224880642361112,0.7825249565972222,0.6165228949652778,1.0,0.8474755252447476,0.011759514043922953,0.988240485956077
polyp,client4,Domain4,block,cju2suk42469908015ngmq6f2.h5,147456,7680,131630,13885,0.052083333333333336,0.8926730685763888,0.09416368272569445,1.0,0.553114872164206,0.0037760416666666667,0.9962239583333333
polyp,client4,Domain4,block,cju2sxf3iqbpv09937iksn8ep.h5,147456,17581,125674,25800,0.1192287868923611,0.8522813585069444,0.17496744791666666,1.0,0.6814341085271318,0.0025027017803310393,0.9974972982196689
polyp,client4,Domain4,block,cju2syxa93yw40799x2iuwabz.h5,147456,649,139591,3137,0.004401312934027778,0.9466620551215278,0.021274142795138888,1.0,0.20688555945170545,0.023112480739599383,0.9768875192604006
polyp,client4,Domain4,block,cju2t16vuucaq0835xcpsivn2.h5,147456,4583,133965,9785,0.031080457899305556,0.90850830078125,0.06635877821180555,1.0,0.4683699540112417,0.0010909884355225835,0.9989090115644774
polyp,client4,Domain4,block,cju2t2ivz43i10878zeg8r1br.h5,147456,2205,137816,5251,0.01495361328125,0.9346245659722222,0.03561062282986111,1.0,0.4199200152351933,0.0036281179138321997,0.9963718820861678
polyp,client4,Domain4,block,cju2t3ibkuecr0835o7si16zv.h5,147456,2095,137299,5628,0.014207628038194444,0.9311184353298612,0.038167317708333336,1.0,0.3722459132906894,0.0,1.0
polyp,client4,Domain4,block,cju2t62nq45jl0799odpufwx6.h5,147456,22966,126452,29460,0.15574815538194445,0.8575575086805556,0.19978841145833334,1.0,0.7795655125594025,0.02024732212836367,0.9797526778716363
polyp,client4,Domain4,block,cju2t9tdwuk700835kv0ljmtl.h5,147456,16368,127641,23992,0.11100260416666667,0.8656209309895834,0.16270616319444445,1.0,0.6822274091363788,0.010691593352883675,0.9893084066471163
polyp,client4,Domain4,block,cju2ti1du4idn0878giuozonw.h5,147456,10351,131017,15735,0.07019721137152778,0.8885158962673612,0.10670979817708333,1.0,0.6578328566889101,0.03487585740508164,0.9651241425949184
polyp,client4,Domain4,block,cju2tjrog4jy30878pawyazqc.h5,147456,10983,128987,17278,0.07448323567708333,0.8747490776909722,0.11717393663194445,1.0,0.6356638499826369,0.014932167895839024,0.9850678321041609
polyp,client4,Domain4,block,cju2tpfa5uyx408359datxqqj.h5,147456,9979,131592,14940,0.06767442491319445,0.8924153645833334,0.101318359375,1.0,0.667938420348059,0.01994187794368173,0.9800581220563183
polyp,client4,Domain4,block,cju2tqfgw4oat0799rn0g5b2z.h5,147456,11076,129525,17999,0.07511393229166667,0.8783976236979166,0.12206353081597222,1.0,0.615367520417801,0.017154207295052366,0.9828457927049477
polyp,client4,Domain4,block,cju2trbpkv0c00988hxla5dzz.h5,147456,17449,125673,26163,0.11833360460069445,0.8522745768229166,0.17742919921875,1.0,0.6669342200817949,0.00435555046134449,0.9956444495386555
polyp,client4,Domain4,block,cju2trtjf4qjd0878a2zle9v9.h5,147456,1907,139036,4222,0.012932671440972222,0.9428982204861112,0.028632269965277776,1.0,0.4516816674561819,0.04195070791819612,0.9580492920818039
polyp,client4,Domain4,block,cju2tvrvm53ws0801a0jfjdxg.h5,147456,8145,124221,19524,0.05523681640625,0.8424275716145834,0.13240559895833334,1.0,0.4171788567916411,0.0022099447513812156,0.9977900552486187
polyp,client4,Domain4,block,cju2txjfzv60w098839dcimys.h5,147456,7419,132068,12977,0.050313313802083336,0.8956434461805556,0.08800591362847222,1.0,0.5717037836171689,0.008087343307723413,0.9919126566922766
polyp,client4,Domain4,block,cju2tzypl4wss0799ow05oxb9.h5,147456,23781,111403,40154,0.16127522786458334,0.7554999457465278,0.2723117404513889,1.0,0.5922448572993974,0.013876624195786552,0.9861233758042135
polyp,client4,Domain4,block,cju2u2b9o4zvp08788qb9nqxj.h5,147456,18910,106369,35556,0.1282416449652778,0.7213609483506944,0.24112955729166666,1.0,0.5318371020362246,0.005764145954521418,0.9942358540454785
polyp,client4,Domain4,block,cju2u4pymvc720988wsxrmi84.h5,147456,29161,104558,45901,0.1977606879340278,0.7090793185763888,0.3112860785590278,1.0,0.6353020631358794,0.00041150852165563594,0.9995884914783444
polyp,client4,Domain4,block,cju2u73dj53oz0878486k8k4b.h5,147456,13500,129039,20550,0.091552734375,0.8751017252604166,0.13936360677083334,1.0,0.656934306569343,0.0071111111111111115,0.9928888888888889
polyp,client4,Domain4,block,cju2ueb6j5ado0878vf5md13o.h5,147456,6213,128439,14356,0.042134602864583336,0.87103271484375,0.09735785590277778,1.0,0.4327807188631931,0.0020923869306293257,0.9979076130693707
polyp,client4,Domain4,block,cju2ulk385h170799rlklxob0.h5,147456,38331,121739,47576,0.25994873046875,0.8255954318576388,0.3226453993055556,1.0,0.8056793341180427,0.016748845581904984,0.983251154418095
polyp,client4,Domain4,block,cju2uokeg5jm20799xwgsyz89.h5,147456,21339,94709,45924,0.14471435546875,0.6422865125868056,0.3114420572916667,1.0,0.46465900182910896,0.0013590140119030883,0.9986409859880969
polyp,client4,Domain4,block,cju2upu4evw7g08358guwozxv.h5,147456,3124,135549,7445,0.021185980902777776,0.91925048828125,0.05048963758680555,1.0,0.4196104768300873,0.0,1.0
polyp,client4,Domain4,block,cju2urqpwvxw70835rvndvtsi.h5,147456,1178,137761,4630,0.007988823784722222,0.9342515733506944,0.03139919704861111,1.0,0.25442764578833693,0.0,1.0
polyp,client4,Domain4,block,cju2uwz9f5yf1085506cfamfx.h5,147456,18931,102253,38677,0.1283840603298611,0.6934475368923612,0.2622951931423611,1.0,0.489464022545699,0.00010564682267180814,0.9998943531773282
polyp,client4,Domain4,block,cju2uy8ox62jo0801g88hh42z.h5,147456,4583,133623,9431,0.031080457899305556,0.90618896484375,0.06395806206597222,1.0,0.48595058848478423,0.0041457560549858176,0.9958542439450142
polyp,client4,Domain4,block,cju2uzabhs6er0993x3aaf87p.h5,147456,7803,128205,14919,0.05291748046875,0.86944580078125,0.10117594401041667,1.0,0.5230243313895033,0.013200051262335,0.986799948737665
polyp,client4,Domain4,block,cju2wtwj87kys0855kx6mddzw.h5,147456,34027,92862,60575,0.23076036241319445,0.6297607421875,0.4108005099826389,1.0,0.5617333883615353,0.021541716871895846,0.9784582831281041
polyp,client4,Domain4,block,cju2wx0gh7fpz0878wwyd9ep8.h5,147456,4085,134689,8692,0.027703179253472224,0.9134182400173612,0.05894639756944445,1.0,0.4699723884031293,0.0,1.0
polyp,client4,Domain4,block,cju2wxv0hxs2f09884w48v8fi.h5,147456,609,140553,2512,0.004130045572916667,0.95318603515625,0.017035590277777776,1.0,0.24243630573248406,0.0,1.0
polyp,client4,Domain4,block,cju2wzu8wxtgu09880ku9x1pg.h5,147456,15316,128739,23451,0.10386827256944445,0.8730672200520834,0.15903727213541666,1.0,0.6531064773357212,0.03166623139200836,0.9683337686079917
polyp,client4,Domain4,block,cju2x7vw87mu30878hye2ca0m.h5,147456,17749,118225,29823,0.12036810980902778,0.8017645941840278,0.20225016276041666,1.0,0.595144686986554,0.012958476533889233,0.9870415234661107
polyp,client4,Domain4,block,cju2xa3i4y0160988i679zsqd.h5,147456,10040,130098,15499,0.0680881076388889,0.8822835286458334,0.10510932074652778,1.0,0.6477837279824504,0.017131474103585658,0.9828685258964144
polyp,client4,Domain4,block,cju2xbk0080y80801eghyddi2.h5,147456,6163,133388,10951,0.04179551866319445,0.9045952690972222,0.07426622178819445,1.0,0.5627796548260433,0.003731948726269674,0.9962680512737303
polyp,client4,Domain4,block,cju2xd75m82720801q4s4ik3n.h5,147456,10158,130423,16503,0.06888834635416667,0.8844875759548612,0.11191813151041667,1.0,0.6155244500999818,0.0008860011813349084,0.9991139988186651
polyp,client4,Domain4,block,cju2xf8e5y2wm08359vcgk09b.h5,147456,32682,109373,51772,0.22163899739583334,0.7417331271701388,0.3511013454861111,1.0,0.6312678668005872,0.017379597331864637,0.9826204026681353
polyp,client4,Domain4,block,cju2xjz2ju8pe0993ysv9wg17.h5,147456,15356,127327,22825,0.10413953993055555,0.8634914822048612,0.1547919379340278,1.0,0.6727710843373494,0.022922636103151862,0.9770773638968482
polyp,client4,Domain4,block,cju2xlcqxy9c60988vjacdznb.h5,147456,17371,124781,27574,0.11780463324652778,0.8462253146701388,0.18699815538194445,1.0,0.6299775150504098,0.0046053767773876,0.9953946232226124
polyp,client4,Domain4,block,cju2xs6na81t20878pt6nkfip.h5,147456,24276,120449,34681,0.16463216145833334,0.8168470594618056,0.2351955837673611,1.0,0.6999798160375998,0.00720876585928489,0.9927912341407151
polyp,client4,Domain4,block,cju2xwm1s84l50799i60mq0pu.h5,147456,2556,136973,6776,0.017333984375,0.9289076063368056,0.045952690972222224,1.0,0.3772136953955136,0.0027386541471048514,0.9972613458528952
polyp,client4,Domain4,block,cju2xyd9vyi7m098831qcucse.h5,147456,25292,124045,32809,0.17152235243055555,0.8412339952256944,0.2225002712673611,1.0,0.7708860373677954,0.014668669935157362,0.9853313300648426
polyp,client4,Domain4,block,cju2y0z6g87p10878fpk5d3rq.h5,147456,24305,121483,34460,0.1648288302951389,0.8238593207465278,0.2336968315972222,1.0,0.705310504933256,0.008352190907220737,0.9916478090927793
polyp,client4,Domain4,block,cju2y26c588bo07993ksd8eoz.h5,147456,6019,134459,10829,0.04081895616319445,0.9118584526909722,0.07343885633680555,1.0,0.5558223289315727,0.004319654427645789,0.9956803455723542
polyp,client4,Domain4,block,cju2y5zas8m7f0801d34g5owq.h5,147456,28019,114562,39996,0.19001600477430555,0.7769232855902778,0.271240234375,1.0,0.7005450545054506,0.014418787251507905,0.9855812127484921
polyp,client4,Domain4,block,cju2y8s56ymqr083541ggdsml.h5,147456,8560,131312,13675,0.058051215277777776,0.8905164930555556,0.0927395290798611,1.0,0.6259597806215722,0.025350467289719625,0.9746495327102803
polyp,client4,Domain4,block,cju2yb31a8e8u0878wdashg7o.h5,147456,18346,127464,25325,0.1244167751736111,0.8644205729166666,0.1717461480034722,1.0,0.7244225074037512,0.016951924125149898,0.9830480758748501
polyp,client4,Domain4,block,cju2ycp1u8g2r0799jslnp7cz.h5,147456,9437,130969,15000,0.0639987521701389,0.8881903754340278,0.10172526041666667,1.0,0.6291333333333333,0.010808519656670552,0.9891914803433295
polyp,client4,Domain4,block,cju2yg5ht8i4p087800js8hp4.h5,147456,19186,126940,25575,0.13011338975694445,0.8608669704861112,0.17344156901041666,1.0,0.7501857282502444,0.028666736161784636,0.9713332638382154
polyp,client4,Domain4,block,cju2yljr0yzhw0988ecf271ly.h5,147456,24137,123270,33377,0.1636895073784722,0.8359781901041666,0.2263522677951389,1.0,0.7231626569194355,0.0029001118614575133,0.9970998881385424
polyp,client4,Domain4,block,cju2ysg748ru80878sp6j0gm0.h5,147456,35379,120936,44927,0.23992919921875,0.8201497395833334,0.3046807183159722,1.0,0.7874774634406927,0.027360863789253512,0.9726391362107465
polyp,client4,Domain4,block,cju2yw4s7z7p20988lmf2gdgd.h5,147456,6753,135589,11352,0.045796712239583336,0.9195217556423612,0.07698567708333333,1.0,0.5948731501057083,0.01747371538575448,0.9825262846142455
polyp,client4,Domain4,block,cju2yyhsp933j0855hp32e012.h5,147456,23367,127883,29390,0.15846761067708334,0.8672620985243056,0.1993136935763889,1.0,0.7950663490983327,0.025891214105362263,0.9741087858946378
polyp,client4,Domain4,block,cju2z1nxlzaj40835wj81s1iy.h5,147456,24451,124121,32536,0.16581895616319445,0.8417494032118056,0.2206488715277778,1.0,0.7515060240963856,0.01394625986667212,0.9860537401333279
polyp,client4,Domain4,block,cju2z2x3nvd3c099350zgty7w.h5,147456,5757,135084,9645,0.039042154947916664,0.9160970052083334,0.06540934244791667,1.0,0.5968895800933126,0.026402640264026403,0.9735973597359736
polyp,client4,Domain4,block,cju2z45kuzf6d0988nz2c819m.h5,147456,2119,138258,5074,0.014370388454861112,0.9376220703125,0.03441026475694445,1.0,0.4176192353173039,0.01604530438886267,0.9839546956111374
polyp,client4,Domain4,block,cju2z6ez69g4u0801qwt088lw.h5,147456,36632,122676,45078,0.24842664930555555,0.8319498697916666,0.3057047526041667,1.0,0.8126358755934159,0.01970954356846473,0.9802904564315352
polyp,client4,Domain4,block,cju2z9vlp9j0w0801oag91sy9.h5,147456,4455,132375,9972,0.03021240234375,0.8977254231770834,0.067626953125,1.0,0.44675090252707583,0.02334455667789001,0.97665544332211
polyp,client4,Domain4,block,cju2zblxw9848087853csbrx1.h5,147456,8119,131370,13610,0.055060492621527776,0.8909098307291666,0.09229871961805555,1.0,0.5965466568699486,0.010592437492302008,0.989407562507698
polyp,client4,Domain4,block,cju2zdhsczmn50988z64qwg2q.h5,147456,11740,121519,20557,0.0796169704861111,0.8241034613715278,0.1394110785590278,1.0,0.5710950041348446,0.022487223168654175,0.9775127768313459
polyp,client4,Domain4,block,cju2zdvjn9h7r08553cp4eed5.h5,147456,4218,134484,9094,0.028605143229166668,0.9120279947916666,0.06167263454861111,1.0,0.46382230041785794,0.000948316737790422,0.9990516832622096
polyp,client4,Domain4,block,cju2zgbj9zmrw0835nnlzxj4c.h5,147456,34137,117387,45708,0.23150634765625,0.79608154296875,0.3099772135416667,1.0,0.7468495668154371,0.011658903828690278,0.9883410961713097
polyp,client4,Domain4,block,cju2zi4l09f5807991s8do2b2.h5,147456,8303,130883,14978,0.05630832248263889,0.8876071506076388,0.10157606336805555,1.0,0.5543463746828682,0.0006021919788028423,0.9993978080211972
polyp,client4,Domain4,block,cju2zjcvj9qma0801dk71hhi0.h5,147456,42301,109623,54350,0.2868720160590278,0.7434285481770834,0.3685845269097222,1.0,0.7783072677092916,0.022363537505023522,0.9776364624949765
polyp,client4,Domain4,block,cju2zkpdl9h7t0799ix60teqg.h5,147456,3828,136886,6843,0.025960286458333332,0.9283175998263888,0.046407063802083336,1.0,0.5594037702761947,0.041536050156739814,0.9584639498432602
polyp,client4,Domain4,block,cju2zm0axztpe0988r8s9twjr.h5,147456,6141,134571,10346,0.041646321614583336,0.9126180013020834,0.0701633029513889,1.0,0.5935627295573168,0.009119035987624166,0.9908809640123758
polyp,client4,Domain4,block,cju2zo0fwzv580988qlijd2xa.h5,147456,6047,127458,12122,0.041008843315972224,0.8643798828125,0.08220757378472222,1.0,0.49884507507012044,0.02645940135604432,0.9735405986439557
polyp,client4,Domain4,block,cju2zpw4q9vzr0801p0lysjdl.h5,147456,1947,138609,4681,0.013203938802083334,0.94000244140625,0.031745062934027776,1.0,0.41593676564836574,0.022598870056497175,0.9774011299435028
polyp,client4,Domain4,block,cju2zr3c3vwb00993jn06bbaz.h5,147456,3441,135746,7567,0.023335774739583332,0.9205864800347222,0.05131700303819445,1.0,0.454737676754328,0.0052310374891020054,0.994768962510898
polyp,client4,Domain4,block,cju2zrojo9kcd0878ld2epejq.h5,147456,3423,136948,6343,0.023213704427083332,0.9287380642361112,0.04301622178819445,1.0,0.5396500078827053,0.012854221443178498,0.9871457785568215
polyp,client4,Domain4,block,cju2zxja9w1eh09933609ho9z.h5,147456,2445,137554,5557,0.016581217447916668,0.9328477647569444,0.03768581814236111,1.0,0.4399856037430268,0.0081799591002045,0.9918200408997955
polyp,client4,Domain4,block,cju2zy1e49pqk0878t6ncqn12.h5,147456,1312,137683,4779,0.008897569444444444,0.9337226019965278,0.03240966796875,1.0,0.2745344214270768,0.0,1.0
polyp,client4,Domain4,block,cju300m3s04fg0988uzupuf7z.h5,147456,15905,127206,25349,0.10786268446180555,0.8626708984375,0.1719089084201389,1.0,0.6274409246913093,0.006413077648538196,0.9935869223514618
polyp,client4,Domain4,block,cju302fqq9spc0878rrygyzzz.h5,147456,25515,126729,32612,0.17303466796875,0.85943603515625,0.2211642795138889,1.0,0.782380718753833,0.02065451695081325,0.9793454830491868
polyp,client4,Domain4,block,cju303j5r062k098835zxfds5.h5,147456,6455,132535,12156,0.04377577039930555,0.8988104926215278,0.08243815104166667,1.0,0.5310134912800263,0.00015491866769945777,0.9998450813323005
polyp,client4,Domain4,block,cju30525w04r10835ygp257sb.h5,147456,7354,130721,14084,0.049872504340277776,0.8865085177951388,0.09551323784722222,1.0,0.52215279750071,0.0010878433505575197,0.9989121566494424
polyp,client4,Domain4,block,cju306x7w05nb0835cunv799x.h5,147456,16079,127986,23413,0.1090426974826389,0.8679606119791666,0.1587795681423611,1.0,0.6867552214581643,0.0016792089060264942,0.9983207910939735
polyp,client4,Domain4,block,cju30bmab08bi0835mvlr6e0r.h5,147456,8338,131528,14396,0.05654568142361111,0.8919813368055556,0.0976291232638889,1.0,0.5791886635176438,0.019309186855360996,0.980690813144639
polyp,client4,Domain4,block,cju30df2j09dd08351ayx2t6w.h5,147456,10250,130140,16378,0.06951226128472222,0.882568359375,0.11107042100694445,1.0,0.6258395408474783,0.019902439024390244,0.9800975609756097
polyp,client4,Domain4,block,cju30ftgja7170855xl9bkdm0.h5,147456,22538,97503,43233,0.15284559461805555,0.6612345377604166,0.2931925455729167,1.0,0.5213147364281915,0.001419824296743278,0.9985801757032567
polyp,client4,Domain4,block,cju30ia8da2bq0799klnehml2.h5,147456,40280,97070,65308,0.2731662326388889,0.6582980685763888,0.4428982204861111,1.0,0.6167697678691738,0.04155908639523337,0.9584409136047667
polyp,client4,Domain4,block,cju30k2z40ds308353kdew70n.h5,147456,7895,133021,12857,0.05354139539930555,0.9021063910590278,0.0871921115451389,1.0,0.6140623784708719,0.016719442685243825,0.9832805573147562
polyp,client4,Domain4,block,cju30lncba3ny0878jwnous8n.h5,147456,4661,133045,10130,0.031609429253472224,0.9022691514756944,0.0686984592013889,1.0,0.4601184600197433,0.0072945719802617465,0.9927054280197383
polyp,client4,Domain4,block,cju30mm25a53s0799qa5wiqe8.h5,147456,2303,140749,3634,0.015618218315972222,0.9545152452256944,0.024644639756944444,1.0,0.6337369290038525,0.0364741641337386,0.9635258358662614
polyp,client4,Domain4,block,cju30nyxe0gfb0835p256yoju.h5,147456,47290,92615,74935,0.3207058376736111,0.6280856662326388,0.5081854926215278,1.0,0.6310802695669581,0.004588707972087122,0.9954112920279129
polyp,client4,Domain4,block,cju30ov1oah920801mi8thuyg.h5,147456,2119,138932,4584,0.014370388454861112,0.9421929253472222,0.031087239583333332,1.0,0.46226003490401396,0.09155261915998113,0.9084473808400189
polyp,client4,Domain4,block,cju30qbm1ad3x0855znuhpz9u.h5,147456,28994,107784,45349,0.1966281467013889,0.73095703125,0.3075425889756944,1.0,0.6393525766830581,0.019555770159343313,0.9804442298406567
polyp,client4,Domain4,block,cju30u1hbakn808019g15nb8b.h5,147456,5247,133259,10452,0.03558349609375,0.9037204318576388,0.07088216145833333,1.0,0.5020091848450058,0.0020964360587002098,0.9979035639412998
polyp,client4,Domain4,block,cju30xqmh0ni00835ix3batv1.h5,147456,14734,107076,29839,0.09992133246527778,0.7261555989583334,0.2023586697048611,1.0,0.4937833037300178,0.005497488801411701,0.9945025111985883
polyp,client4,Domain4,block,cju30ywtc0oar0835bp2en7ec.h5,147456,7966,115916,20556,0.054022894965277776,0.7861056857638888,0.139404296875,1.0,0.3875267561782448,0.0,1.0
polyp,client4,Domain4,block,cju310f6val1v0855xo8tc3gu.h5,147456,53906,85690,84947,0.3655734592013889,0.5811225043402778,0.5760837131076388,1.0,0.6345839170306191,0.0020776907950877453,0.9979223092049122
polyp,client4,Domain4,block,cju3128yi0rpu0988o4oo5n8n.h5,147456,2832,137374,5963,0.019205729166666668,0.9316270616319444,0.04043918185763889,1.0,0.47492872715076306,0.014124293785310734,0.9858757062146892
polyp,client4,Domain4,block,cju31rb7vb6110801p9rhacuw.h5,147456,3887,135900,7699,0.026360405815972224,0.921630859375,0.05221218532986111,1.0,0.50487076243668,0.0038590172369436584,0.9961409827630563
polyp,client4,Domain4,block,cju31t8xd17bk0835rnb893jk.h5,147456,111,141774,847,0.0007527669270833334,0.9614664713541666,0.005744086371527778,1.0,0.13105076741440377,0.04504504504504504,0.954954954954955
polyp,client4,Domain4,block,cju31ugmfb3dz0855xtqshki6.h5,147456,6476,132922,11984,0.04391818576388889,0.9014350043402778,0.0812717013888889,1.0,0.5403871829105474,0.002933909820877085,0.997066090179123
polyp,client4,Domain4,block,cju31y80qbawn0801twwm2l5s.h5,147456,19625,125037,27930,0.1330905490451389,0.84796142578125,0.18941243489583334,1.0,0.7026494808449696,0.005248407643312102,0.9947515923566879
polyp,client4,Domain4,block,cju320gyvbch60801v2amdi2g.h5,147456,18727,116538,30554,0.12700059678819445,0.7903238932291666,0.2072075737847222,1.0,0.6129148393009098,0.015485662412559406,0.9845143375874406
polyp,client4,Domain4,block,cju323ypb1fbb0988gx5rzudb.h5,147456,44299,119283,55996,0.3004218207465278,0.8089396158854166,0.3797471788194444,1.0,0.791110079291378,0.0187814623354929,0.9812185376645071
polyp,client4,Domain4,block,cju324q101fhe08350wae9cif.h5,147456,10050,132326,14455,0.06815592447916667,0.8973931206597222,0.09802924262152778,1.0,0.6952611553095814,0.021592039800995024,0.978407960199005
polyp,client4,Domain4,block,cju326h4v1gxw08352px40p7r.h5,147456,37602,99914,56856,0.2550048828125,0.6775851779513888,0.3855794270833333,1.0,0.6613550021105952,0.01600978671347269,0.9839902132865274
polyp,client4,Domain4,block,cju3280wv1ir009882jze27tc.h5,147456,14385,128386,21565,0.09755452473958333,0.8706732855902778,0.1462470160590278,1.0,0.6670530952932994,0.0033368091762252345,0.9966631908237747
polyp,client4,Domain4,block,cju32a52lb9rc0799xi40qs00.h5,147456,26053,88873,52097,0.17668321397569445,0.6027086046006944,0.3533053927951389,1.0,0.5000863773345874,0.019729013933136298,0.9802709860668637
polyp,client4,Domain4,block,cju32csyfblyh080170aa3x5p.h5,147456,11019,130212,17703,0.07472737630208333,0.883056640625,0.12005615234375,1.0,0.6224368751059143,0.0052636355386151195,0.9947363644613849
polyp,client4,Domain4,block,cju32fhnhbds40799broyoptc.h5,147456,4302,136307,7517,0.0291748046875,0.9243910047743056,0.05097791883680555,1.0,0.5723027803645071,0.029753602975360297,0.9702463970246397
polyp,client4,Domain4,block,cju32gzs6xo8x0993r8tedbpb.h5,147456,15446,129785,19307,0.10474989149305555,0.8801608615451388,0.13093397352430555,1.0,0.8000207178743461,0.07950278389226985,0.9204972161077302
polyp,client4,Domain4,block,cju32jcdabepz0878d0cznmfe.h5,147456,14553,129348,20785,0.09869384765625,0.877197265625,0.1409573025173611,1.0,0.700168390666346,0.003229574658146087,0.9967704253418539
polyp,client4,Domain4,block,cju32l161bi1v07990vm376in.h5,147456,2593,140996,4748,0.017584906684027776,0.9561903211805556,0.03219943576388889,1.0,0.5461246840775064,0.11646741226378712,0.8835325877362129
polyp,client4,Domain4,block,cju32phw2bv130801yj7bkouq.h5,147456,54948,86754,82805,0.3726399739583333,0.5883382161458334,0.5615573459201388,1.0,0.6635831169615362,0.015705758171362015,0.984294241828638
polyp,client4,Domain4,block,cju32pzh9bpw10855q4vaxfhe.h5,147456,3979,135554,8101,0.026984320746527776,0.9192843967013888,0.054938422309027776,1.0,0.49117392914455005,0.007288263382759487,0.9927117366172405
polyp,client4,Domain4,block,cju32qr9tbvsj08013pkpjenq.h5,147456,5438,134267,9827,0.03687879774305555,0.9105563693576388,0.06664360894097222,1.0,0.5533733591126488,0.009930121368150056,0.9900698786318499
polyp,client4,Domain4,block,cju32upim1z7u0988l883nqp6.h5,147456,12850,128656,19793,0.08714463975694445,0.8725043402777778,0.13422987196180555,1.0,0.6492194210074269,0.00490272373540856,0.9950972762645914
polyp,client4,Domain4,block,cju32zhbnc1oy0801iyv1ix6p.h5,147456,20204,104537,37193,0.1370171440972222,0.7089369032118056,0.2522311740451389,1.0,0.5432204984808969,0.0002969708968521085,0.9997030291031479
polyp,client4,Domain4,block,cju330ofbc2l30801th5g3hw6.h5,147456,1905,136635,5845,0.012919108072916666,0.9266153971354166,0.03963894314236111,1.0,0.32591958939264326,0.002099737532808399,0.9979002624671915
polyp,client4,Domain4,block,cju33231uy4gi0993qc7b1jch.h5,147456,3339,131032,8471,0.02264404296875,0.8886176215277778,0.05744764539930555,1.0,0.3941683390390745,0.023060796645702306,0.9769392033542977
polyp,client4,Domain4,block,cju334jzo261t0835yqudnfs1.h5,147456,21539,127676,29480,0.14607069227430555,0.8658582899305556,0.1999240451388889,1.0,0.7306309362279512,0.016574585635359115,0.9834254143646409
polyp,client4,Domain4,block,cju336l68y7if0993wf092166.h5,147456,22630,121152,33284,0.1534695095486111,0.8216145833333334,0.22572157118055555,1.0,0.6799062612666746,0.009191338930623067,0.9908086610693769
polyp,client4,Domain4,block,cju3381d8bz3h07991xtl7ra0.h5,147456,3611,136006,7380,0.024488661024305556,0.9223497178819444,0.050048828125,1.0,0.48929539295392954,0.007477153143173636,0.9925228468568263
polyp,client4,Domain4,block,cju33belnbyhm0878yxl42233.h5,147456,3650,128709,9852,0.024753146701388888,0.87286376953125,0.06681315104166667,1.0,0.37048315062931386,0.0,1.0
polyp,client4,Domain4,block,cju33eqwbcch208012jikwdky.h5,147456,12086,126343,20509,0.08196343315972222,0.8568183051215278,0.13908555772569445,1.0,0.5893022575454678,0.0014893264934635116,0.9985106735065364
polyp,client4,Domain4,block,cju33jon3ygbj0993pu22a4k6.h5,147456,1627,135592,6064,0.011033799913194444,0.9195421006944444,0.04112413194444445,1.0,0.2683047493403694,0.0018438844499078057,0.9981561155500922
polyp,client4,Domain4,block,cju33mirdc8mj0799k33wzoes.h5,147456,16938,125293,25049,0.1148681640625,0.8496975368923612,0.16987440321180555,1.0,0.6761946584694,0.004782146652497344,0.9952178533475027
polyp,client4,Domain4,block,cju33o12x2jm50988944mxq0v.h5,147456,1871,138193,4940,0.012688530815972222,0.9371812608506944,0.033501519097222224,1.0,0.3787449392712551,0.02512025654730091,0.9748797434526991
polyp,client4,Domain4,block,cju33qpdvc9g0087825jhf3s9.h5,147456,1660,137067,5009,0.011257595486111112,0.9295450846354166,0.03396945529513889,1.0,0.33140347374725493,0.05421686746987952,0.9457831325301205
polyp,client4,Domain4,block,cju33w4sdcivk0855x879zht7.h5,147456,6565,132948,11133,0.04452175564236111,0.901611328125,0.07550048828125,1.0,0.5896883140213779,0.027875095201827876,0.9721249047981722
polyp,client4,Domain4,block,cju33x0f22peh0988g0ln7w5v.h5,147456,1059,138954,3929,0.007181803385416667,0.9423421223958334,0.026645236545138888,1.0,0.2695342326291677,0.0,1.0
polyp,client4,Domain4,block,cju33yemn2qb20988wfjxximx.h5,147456,1500,134839,6318,0.010172526041666666,0.9144354926215278,0.0428466796875,1.0,0.23741690408357075,0.0,1.0
polyp,client4,Domain4,block,cju33za6l2qy70988jhrlp2ev.h5,147456,5109,134653,8417,0.034647623697916664,0.9131740993923612,0.05708143446180555,1.0,0.6069858619460615,0.06557056175376787,0.9344294382462321
polyp,client4,Domain4,block,cju34aozyyy830993bn16u32n.h5,147456,19825,98577,39130,0.13444688585069445,0.66851806640625,0.2653672960069444,1.0,0.5066445182724253,0.0047919293820933165,0.9952080706179067
polyp,client4,Domain4,block,cju34c1xfyz920993itxkkfad.h5,147456,18171,102068,37921,0.12322998046875,0.6921929253472222,0.2571682400173611,1.0,0.4791804013607236,0.0002751637224148368,0.9997248362775851
polyp,client4,Domain4,block,cju34ds2531520988qjpqt6e3.h5,147456,18815,124001,26818,0.1275973849826389,0.8409356011284722,0.18187120225694445,1.0,0.7015810276679841,0.018761626361945255,0.9812383736380548
polyp,client4,Domain4,block,cju34eqjpcpm508788b3lhp97.h5,147456,9687,132441,14748,0.06569417317708333,0.8981730143229166,0.10001627604166667,1.0,0.6568348250610252,0.02498193455146072,0.9750180654485393
polyp,client4,Domain4,block,cju34fojcctcf0799ebolbvkn.h5,147456,1589,138880,4050,0.010776095920138888,0.9418402777777778,0.0274658203125,1.0,0.3923456790123457,0.010698552548772814,0.9893014474512272
polyp,client4,Domain4,block,cju34i3qvcyog0855qiejxx5w.h5,147456,29682,115516,42278,0.2012939453125,0.7833930121527778,0.2867160373263889,1.0,0.7020672690288093,0.008085708510208208,0.9919142914897918
polyp,client4,Domain4,block,cju34o6dbd2lo0855aqlcy1hs.h5,147456,4441,139654,6838,0.030117458767361112,0.9470893012152778,0.04637315538194445,1.0,0.6494589061128985,0.07115514523755911,0.9288448547624409
polyp,client4,Domain4,block,cju34ouumcznz07996gg1xq7v.h5,147456,18232,126932,25914,0.12364366319444445,0.8608127170138888,0.17574055989583334,1.0,0.7035579223585706,0.006362439666520404,0.9936375603334796
polyp,client4,Domain4,block,cju34repocy5208780gswillm.h5,147456,15282,108934,33025,0.1036376953125,0.7387559678819444,0.2239651150173611,1.0,0.46274034822104465,0.04161758932076953,0.9583824106792305
polyp,client4,Domain4,block,cju34sh43d8zm08019xbwhc0o.h5,147456,11315,129996,17295,0.07673475477430555,0.881591796875,0.11728922526041667,1.0,0.6542353281295172,0.042156429518338485,0.9578435704816615
polyp,client4,Domain4,block,cju34uhepd3dd0799hs8782ad.h5,147456,1162,139243,3646,0.007880316840277778,0.9443020290798612,0.024726019965277776,1.0,0.31870543060888645,0.0025817555938037868,0.9974182444061962
polyp,client4,Domain4,block,cju34ymm8d6700799uop0cw33.h5,147456,2640,135153,7103,0.017903645833333332,0.91656494140625,0.04817030164930555,1.0,0.37167394058848374,0.0,1.0
polyp,client4,Domain4,block,cju34zivp3fq80988opxbaqyn.h5,147456,5995,134140,10700,0.040656195746527776,0.9096950954861112,0.07256401909722222,1.0,0.5602803738317756,0.006171809841534612,0.9938281901584654
polyp,client4,Domain4,block,cju3518w2d838079939fqztbc.h5,147456,17638,127895,25081,0.11961534288194445,0.8673434787326388,0.17009141710069445,1.0,0.7032414975479446,0.03804286200249461,0.9619571379975054
polyp,client4,Domain4,block,cju3521y5d5mq0878t3ezsu4p.h5,147456,4924,134782,8987,0.033393012152777776,0.9140489366319444,0.06094699435763889,1.0,0.5479025258707021,0.027416734362307068,0.9725832656376929
polyp,client4,Domain4,block,cju353d1eda8c07992afde611.h5,147456,8734,135411,13500,0.05923122829861111,0.9183146158854166,0.091552734375,1.0,0.646962962962963,0.04419509961071674,0.9558049003892832
polyp,client4,Domain4,block,cju35740hzm0g0993zl5ic246.h5,147456,3162,136964,6409,0.021443684895833332,0.9288465711805556,0.043463812934027776,1.0,0.493368700265252,0.13757115749525617,0.8624288425047438
polyp,client4,Domain4,block,cju357rxxdaz30878y2esjpjt.h5,147456,1547,137776,4914,0.010491265190972222,0.9343532986111112,0.0333251953125,1.0,0.3148148148148148,0.001292824822236587,0.9987071751777634
polyp,client4,Domain4,block,cju358pwtdby20878cg7nm0np.h5,147456,3260,136789,6567,0.022108289930555556,0.9276597764756944,0.044535319010416664,1.0,0.49642150144662706,0.014723926380368098,0.9852760736196319
polyp,client4,Domain4,block,cju35a77vdj4n08556jj2lgmc.h5,147456,30681,123441,39939,0.20806884765625,0.8371378580729166,0.2708536783854167,1.0,0.7681964996619846,0.023467292461132296,0.9765327075388677
polyp,client4,Domain4,block,cju35atpxdjot0855q46aqrd0.h5,147456,6269,134409,11676,0.04251437717013889,0.9115193684895834,0.07918294270833333,1.0,0.5369133264816718,0.009092359227947041,0.990907640772053
polyp,client4,Domain4,block,cju35c4wzdhow0799h6eq4sgs.h5,147456,10350,129355,18011,0.0701904296875,0.8772447374131944,0.12214491102430555,1.0,0.574648825717617,0.06096618357487923,0.9390338164251207
polyp,client4,Domain4,block,cju35eg0tdmjt085525sb4bua.h5,147456,6386,133253,11340,0.04330783420138889,0.9036797417534722,0.076904296875,1.0,0.5631393298059965,0.004071406201064829,0.9959285937989352
polyp,client4,Domain4,block,cju35fxqyzt5p0993vusm54qz.h5,147456,16704,126758,23431,0.11328125,0.8596327039930556,0.1589016384548611,1.0,0.7129017114079638,0.035500478927203066,0.9644995210727969
polyp,client4,Domain4,block,cju35i2e63uxr0835h7zgkg9k.h5,147456,19643,126931,25392,0.1332126193576389,0.8608059353298612,0.17220052083333334,1.0,0.7735901071203529,0.03487247365473706,0.965127526345263
polyp,client4,Domain4,block,cju35k2fr3vc50988c85qkrwg.h5,147456,3118,128366,9561,0.021145290798611112,0.8705376519097222,0.06483968098958333,1.0,0.3261165150088903,0.003207184092366902,0.9967928159076331
polyp,client4,Domain4,block,cju35ldepdtlm0801yv79y8vu.h5,147456,3191,135601,7237,0.021640353732638888,0.9196031358506944,0.049079047309027776,1.0,0.4409285615586569,0.01598245064243184,0.9840175493575681
polyp,client4,Domain4,block,cju35mdz73x890835eynq1h9v.h5,147456,13156,128492,20728,0.08921983506944445,0.8713921440972222,0.1405707465277778,1.0,0.6346970281744501,0.00486470051687443,0.9951352994831256
polyp,client4,Domain4,block,cju35oyvd3y850988km12hdz1.h5,147456,6547,131023,13092,0.04439968532986111,0.8885565863715278,0.08878580729166667,1.0,0.5000763825236786,0.0009164502825721705,0.9990835497174279
polyp,client4,Domain4,block,cju3tsh4lfsok0987w6x3a0v1.h5,147456,25329,85713,54904,0.17177327473958334,0.5812784830729166,0.3723415798611111,1.0,0.4613325076497159,0.0037506415571084526,0.9962493584428915
polyp,client4,Domain4,block,cju3ttznuftyf09875t11850w.h5,147456,8230,130747,14955,0.05581325954861111,0.8866848415798612,0.10142008463541667,1.0,0.5503176195252424,0.000850546780072904,0.9991494532199271
polyp,client4,Domain4,block,cju3tvffffx5f0818t5ov22al.h5,147456,25294,125638,33554,0.1715359157986111,0.8520372178819444,0.22755262586805555,1.0,0.7538296477320141,0.011148889064600301,0.9888511109353997
polyp,client4,Domain4,block,cju3tx1qyg0c907552fglumhc.h5,147456,5457,134134,11565,0.037007649739583336,0.9096544053819444,0.07843017578125,1.0,0.47185473411154344,0.0034817665383910573,0.996518233461609
polyp,client4,Domain4,block,cju3u1c8tfyqx08503iedc3mx.h5,147456,10508,122420,22443,0.0712619357638889,0.8302137586805556,0.15220133463541666,1.0,0.46820835004232947,0.0,1.0
polyp,client4,Domain4,block,cju3u39fog1bo0871lxjrabks.h5,147456,9505,137153,12791,0.06445990668402778,0.9301283094618056,0.08674452039930555,1.0,0.7431006176217653,0.049658074697527615,0.9503419253024724
polyp,client4,Domain4,block,cju3u4lxmg59o0755rz42b9en.h5,147456,13919,130403,19712,0.0943942599826389,0.8843519422743056,0.13368055555555555,1.0,0.7061181006493507,0.008908685968819599,0.9910913140311804
polyp,client4,Domain4,block,cju3u815rg4ek0850vvhtcvcm.h5,147456,49441,111956,66107,0.3352932400173611,0.7592502170138888,0.4483167860243056,1.0,0.7478935664906894,0.003175502113630388,0.9968244978863696
polyp,client4,Domain4,block,cju3ua8u0g9rg0801uayhdxhu.h5,147456,13748,128687,20744,0.0932345920138889,0.8727145724826388,0.1406792534722222,1.0,0.6627458542229079,0.0050916496945010185,0.994908350305499
polyp,client4,Domain4,block,cju3ul8dogf1z09872y2ecowp.h5,147456,3939,136819,6987,0.026713053385416668,0.9278632269965278,0.047383626302083336,1.0,0.5637612709317303,0.02284843869002285,0.9771515613099772
polyp,client4,Domain4,block,cju3umoh1geet0817cmpef5am.h5,147456,9844,131614,15800,0.06675889756944445,0.8925645616319444,0.1071506076388889,1.0,0.6230379746835443,0.01574563185696871,0.9842543681430312
polyp,client4,Domain4,block,cju3uwz6ogsp10801h2r3bj5l.h5,147456,3794,131626,10148,0.025729709201388888,0.8926459418402778,0.0688205295138889,1.0,0.3738667717776902,0.0002635740643120717,0.9997364259356879
polyp,client4,Domain4,block,cju3uz4o6gr9z0850lhxyxvsj.h5,147456,22988,126264,30483,0.15589735243055555,0.8562825520833334,0.20672607421875,1.0,0.754125250139422,0.012745780407168958,0.987254219592831
polyp,client4,Domain4,block,cju3v0fl3gwce0755qkjhzmd4.h5,147456,23246,123957,32162,0.1576470269097222,0.84063720703125,0.2181125217013889,1.0,0.7227784341769791,0.006022541512518282,0.9939774584874818
polyp,client4,Domain4,block,cju3v3ac9gyz30755hfqwyp1i.h5,147456,6148,133594,10818,0.041693793402777776,0.9059922960069444,0.0733642578125,1.0,0.5683120724718063,0.003741054001301236,0.9962589459986988
polyp,client4,Domain4,block,cju3v56bwgy8v0871w14pz8fx.h5,147456,12689,117623,23373,0.08605278862847222,0.7976820203993056,0.15850830078125,1.0,0.5428913703846319,0.009457010008668925,0.9905429899913311
polyp,client4,Domain4,block,cju3v664kh0px0818y4y7wolf.h5,147456,4996,135296,9009,0.033881293402777776,0.9175347222222222,0.06109619140625,1.0,0.5545565545565545,0.02522017614091273,0.9747798238590872
polyp,client4,Domain4,block,cju3v72v5h1qz0818fggilwtq.h5,147456,1712,137504,5259,0.011610243055555556,0.9325086805555556,0.035664876302083336,1.0,0.32553717436775054,0.0011682242990654205,0.9988317757009346
polyp,client4,Domain4,block,cju3wstckialg0871xs0vevsj.h5,147456,36658,118299,48698,0.2486029730902778,0.8022664388020834,0.3302544487847222,1.0,0.752761920407409,0.0013639587538872824,0.9986360412461127
polyp,client4,Domain4,block,cju3x2s11ibzi0817kk284k0j.h5,147456,8346,129475,14781,0.056599934895833336,0.8780585394965278,0.10024007161458333,1.0,0.5646437994722955,0.022046489336208962,0.977953510663791
polyp,client4,Domain4,block,cju3x4blzieu30850x10uuvbm.h5,147456,7941,133313,10405,0.053853352864583336,0.9040866427951388,0.07056342230902778,1.0,0.7631907736665065,0.05074927590983503,0.949250724090165
polyp,client4,Domain4,block,cju3x7xsaijq80818f0psavav.h5,147456,11904,130003,18474,0.08072916666666667,0.8816392686631944,0.12528483072916666,1.0,0.6443650535888276,0.006048387096774193,0.9939516129032258
polyp,client4,Domain4,block,cju3x9lttikfb0818a0g104zn.h5,147456,4267,135187,7906,0.028937445746527776,0.9167955186631944,0.05361599392361111,1.0,0.5397166708828738,0.03023201312397469,0.9697679868760253
polyp,client4,Domain4,block,cju3xeexgii1j0817zs68tb4g.h5,147456,36099,112209,49864,0.24481201171875,0.7609659830729166,0.3381618923611111,1.0,0.7239491416653296,0.014460234355522314,0.9855397656444776
polyp,client4,Domain4,block,cju3xhpvvimda0987ygrpzni2.h5,147456,7760,131666,12988,0.05262586805555555,0.8929172092013888,0.08808051215277778,1.0,0.5974745919310133,0.019201030927835053,0.9807989690721649
polyp,client4,Domain4,block,cju3xiic0ilzp0850lusrb42j.h5,147456,2348,139545,4144,0.015923394097222224,0.94635009765625,0.028103298611111112,1.0,0.5666023166023166,0.012350936967632026,0.987649063032368
polyp,client4,Domain4,block,cju3xjqtpikx50817tppy6g84.h5,147456,13738,127590,21633,0.0931667751736111,0.8652750651041666,0.14670817057291666,1.0,0.6350483058290575,0.002547677973504149,0.9974523220264958
polyp,client4,Domain4,block,cju3xl264ingx0850rcf0rshj.h5,147456,9096,131682,14988,0.061686197916666664,0.8930257161458334,0.10164388020833333,1.0,0.6068855084067254,0.006376429199648197,0.9936235708003518
polyp,client4,Domain4,block,cju3xtufwiv9c0818djsc4cqd.h5,147456,4036,135384,8123,0.027370876736111112,0.9181315104166666,0.05508761935763889,1.0,0.49686076572694815,0.024777006937561942,0.9752229930624381
polyp,client4,Domain4,block,cju3xuj20ivgp0818mij8bjrd.h5,147456,1311,138586,4389,0.008890787760416666,0.9398464626736112,0.029764811197916668,1.0,0.2987012987012987,0.002288329519450801,0.9977116704805492
polyp,client4,Domain4,block,cju3xvoo2iqlc0817eku2r3wl.h5,147456,2854,136818,7533,0.019354926215277776,0.9278564453125,0.05108642578125,1.0,0.3788663215186513,0.021373510861948143,0.9786264891380518
polyp,client4,Domain4,block,cju3xwpgviwlx0871rwm15q7v.h5,147456,5463,134099,10337,0.03704833984375,0.9094170464409722,0.0701022677951389,1.0,0.5284898906839508,0.005308438586857038,0.994691561413143
polyp,client4,Domain4,block,cju3xzvnzj0hd0755xprz39nj.h5,147456,42590,123286,52305,0.2888319227430556,0.8360866970486112,0.3547159830729167,1.0,0.8142624988050856,0.010753698051185725,0.9892463019488142
polyp,client4,Domain4,block,cju3y0pjrj1c30755nxekxccj.h5,147456,2085,137044,5607,0.014139811197916666,0.9293891059027778,0.03802490234375,1.0,0.37185660781166396,0.0,1.0
polyp,client4,Domain4,block,cju3y21quj0ir0818kgjagr15.h5,147456,27941,118197,38602,0.1894870334201389,0.80157470703125,0.2617865668402778,1.0,0.723822599865292,0.01095164811567231,0.9890483518843277
polyp,client4,Domain4,block,cju3y54kwj3nr0801biidlb4e.h5,147456,71227,115865,85465,0.4830390082465278,0.7857598198784722,0.5795966254340278,1.0,0.8334054876265138,0.01712833616465666,0.9828716638353433
polyp,client4,Domain4,block,cju3y79ofj3va0871uqfb1mzo.h5,147456,8843,128158,15932,0.05997043185763889,0.8691270616319444,0.10804578993055555,1.0,0.5550464474014561,0.010403709148479023,0.989596290851521
polyp,client4,Domain4,block,cju3y9difj6th0801kd1rqm3w.h5,147456,9376,134298,14669,0.06358506944444445,0.9107666015625,0.09948052300347222,1.0,0.6391710409707546,0.030610068259385666,0.9693899317406144
polyp,client4,Domain4,block,cju3yb47cj1xq0817zfotbni4.h5,147456,12011,129132,19038,0.0814548068576389,0.875732421875,0.12910970052083334,1.0,0.6308961025317785,0.000166514028806927,0.999833485971193
polyp,client4,Domain4,block,cju3yht87j83m08507yk1u1fg.h5,147456,41542,97680,63430,0.2817247178819444,0.6624348958333334,0.4301622178819444,1.0,0.6549266908402964,0.027153242501564683,0.9728467574984353
polyp,client4,Domain4,block,cju40jl7skiuo0817p0smlgg8.h5,147456,34448,116810,46653,0.2336154513888889,0.7921685112847222,0.3163859049479167,1.0,0.7383876706749833,0.0027577798420808175,0.9972422201579192
polyp,client4,Domain4,block,cju40poe4kt9s0755f9cnm3h5.h5,147456,31637,122589,40967,0.21455213758680555,0.83135986328125,0.2778252495659722,1.0,0.7722557180169405,0.008123399816670355,0.9918766001833297
polyp,client4,Domain4,block,cju40r6jrksyk0871wg98zgho.h5,147456,17374,127614,24573,0.1178249782986111,0.8654378255208334,0.16664632161458334,1.0,0.707036177918854,0.01248992747784045,0.9875100725221595
polyp,client4,Domain4,block,cju40sdwukv3k0755y99ug1k8.h5,147456,9557,131369,14955,0.06481255425347222,0.8909030490451388,0.10142008463541667,1.0,0.6390504847876964,0.011300617348540336,0.9886993826514596
polyp,client4,Domain4,block,cju40taxlkrho0987smigg0x0.h5,147456,9539,131708,15002,0.06469048394097222,0.8932020399305556,0.10173882378472222,1.0,0.6358485535261965,0.020756892756054093,0.9792431072439459
polyp,client4,Domain4,block,cju40u30gkuzc0871rq7t666d.h5,147456,4841,133974,9777,0.032830132378472224,0.9085693359375,0.06630452473958333,1.0,0.4951416589956019,0.0002065688907250568,0.999793431109275
polyp,client4,Domain4,block,cju40w3hbkwpn08015rbs3wko.h5,147456,6199,135992,9991,0.04203965928819445,0.9222547743055556,0.06775580512152778,1.0,0.6204584125713142,0.03436038070656557,0.9656396192934344
polyp,client4,Domain4,block,cju40wto5kxwi0755it190f2k.h5,147456,2564,134541,7765,0.017388237847222224,0.91241455078125,0.05265977647569445,1.0,0.3301996136509981,0.001170046801872075,0.998829953198128
polyp,client4,Domain4,block,cju410dnfl0960755y8lu8d79.h5,147456,17192,113894,30882,0.11659071180555555,0.7723931206597222,0.20943196614583334,1.0,0.556699695615569,0.05828292228943695,0.941717077710563
polyp,client4,Domain4,block,cju412uwlkva50850d1ps1ww7.h5,147456,36200,91826,59917,0.24549696180555555,0.6227349175347222,0.4063381618923611,1.0,0.6041691005891483,0.009033149171270719,0.9909668508287293
polyp,client4,Domain4,block,cju414lf2l1lt0801rl3hjllj.h5,147456,7861,110699,21461,0.05331081814236111,0.7507256401909722,0.1455417209201389,1.0,0.36629234425236473,0.009540770894288259,0.9904592291057117
polyp,client4,Domain4,block,cju418rckl3ur08012psrx1r1.h5,147456,13365,129370,20020,0.09063720703125,0.8773464626736112,0.1357693142361111,1.0,0.6675824175824175,0.0047138047138047135,0.9952861952861953
polyp,client4,Domain4,block,cju41kd7yl4nm0850gil5qqwh.h5,147456,7025,134362,11155,0.04764133029513889,0.9112006293402778,0.0756496853298611,1.0,0.6297624383684447,0.018220640569395017,0.981779359430605
polyp,client4,Domain4,block,cju41lojblbs307555jdci937.h5,147456,4697,135598,8779,0.031853569878472224,0.9195827907986112,0.05953640407986111,1.0,0.5350267684246497,0.023632105599318713,0.9763678944006813
polyp,client4,Domain4,block,cju41nz76lcxu0755cya2qefx.h5,147456,16789,123145,27018,0.1138576931423611,0.8351304796006944,0.1832275390625,1.0,0.6214005477829595,0.0,1.0
polyp,client4,Domain4,block,cju41p90plcsx08018cnzpndc.h5,147456,1419,139488,3580,0.009623209635416666,0.9459635416666666,0.024278428819444444,1.0,0.3963687150837989,0.041578576462297394,0.9584214235377027
polyp,client4,Domain4,block,cju41r6v2lcww0871ps8k8pf5.h5,147456,21254,126510,28263,0.1441379123263889,0.8579508463541666,0.19167073567708334,1.0,0.7520079255563812,0.006963395125623412,0.9930366048743766
polyp,client4,Domain4,block,cju41s6nbleqy0755e2mslg0b.h5,147456,7667,132326,13421,0.051995171440972224,0.8973931206597222,0.09101698133680555,1.0,0.5712689069368899,0.0020868657884439805,0.997913134211556
polyp,client4,Domain4,block,cju41z76wlgbz0801qdetlvby.h5,147456,8997,131163,15306,0.061014811197916664,0.8895060221354166,0.10380045572916667,1.0,0.5878087024696198,0.013782371901745026,0.986217628098255
polyp,client4,Domain4,block,cju422cm8lfxn0818ojicxejb.h5,147456,8460,132380,14551,0.057373046875,0.8977593315972222,0.09868028428819445,1.0,0.581403339976634,0.03534278959810875,0.9646572104018912
polyp,client4,Domain4,block,cju424hy5lckr085073fva1ok.h5,147456,9792,130692,16312,0.06640625,0.8863118489583334,0.1106228298611111,1.0,0.6002942618930849,0.003472222222222222,0.9965277777777778
polyp,client4,Domain4,block,cju426tomlhll0818fc0i7nvh.h5,147456,4070,135528,8285,0.027601453993055556,0.9191080729166666,0.05618625217013889,1.0,0.4912492456246228,0.011056511056511056,0.9889434889434889
polyp,client4,Domain4,block,cju428k5fldt108177s6g6f45.h5,147456,23556,126005,31438,0.15974934895833334,0.8545260959201388,0.2132025824652778,1.0,0.7492843056174057,0.01358464934623875,0.9864153506537613
polyp,client4,Domain4,block,cju42dwedlmk60871jbgu4ehi.h5,147456,16395,126499,23864,0.11118570963541667,0.8578762478298612,0.1618381076388889,1.0,0.687018102581294,0.007136322049405307,0.9928636779505947
polyp,client4,Domain4,block,cju42g865lorv07552ytz6xxa.h5,147456,23017,124291,31852,0.1560940212673611,0.8429022894965278,0.2160101996527778,1.0,0.7226233831470551,0.0028674458009297476,0.9971325541990702
polyp,client4,Domain4,block,cju42m60jlpcm08186kqppzqv.h5,147456,7833,134696,11715,0.053120930989583336,0.9134657118055556,0.07944742838541667,1.0,0.668629961587708,0.057959913187795226,0.9420400868122047
polyp,client4,Domain4,block,cju42nm68lpyo0818xvvqmupq.h5,147456,17955,127791,24350,0.12176513671875,0.86663818359375,0.1651340060763889,1.0,0.7373716632443532,0.02333611807296018,0.9766638819270398
polyp,client4,Domain4,block,cju42py9mlqyd0818u3d1d7ga.h5,147456,10406,130747,15434,0.07057020399305555,0.8866848415798612,0.10466851128472222,1.0,0.6742257353894,0.048721891216605806,0.9512781087833942
polyp,client4,Domain4,block,cju42romflni20817etb9a0fl.h5,147456,8337,132073,13672,0.056538899739583336,0.8956773546006944,0.09271918402777778,1.0,0.6097864248098304,0.006717044500419815,0.9932829554995802
polyp,client4,Domain4,block,cju42tauqlo5p08171l3cuo4b.h5,147456,4332,135414,8371,0.029378255208333332,0.9183349609375,0.056769476996527776,1.0,0.5175008959503046,0.0013850415512465374,0.9986149584487535
polyp,client4,Domain4,block,cju42u5bjlvi10801dc13sskp.h5,147456,10095,128478,17909,0.06846110026041667,0.8712972005208334,0.12145317925347222,1.0,0.5636830643810374,0.0010896483407627539,0.9989103516592373
polyp,client4,Domain4,block,cju42xpi8lw4w0871ve317a1p.h5,147456,7623,132645,12907,0.05169677734375,0.8995564778645834,0.08753119574652778,1.0,0.5906097466491051,0.002886002886002886,0.9971139971139971
polyp,client4,Domain4,block,cju430pm2lz0y0755jkhcc3d1.h5,147456,19937,109322,33086,0.13520643446180555,0.7413872612847222,0.22437879774305555,1.0,0.6025811521489451,0.06520539700055174,0.9347946029994483
polyp,client4,Domain4,block,cju439oazm2fu0871ma0vvrft.h5,147456,13124,116128,24770,0.08900282118055555,0.7875434027777778,0.16798231336805555,1.0,0.5298344771901494,0.026668698567509905,0.9733313014324901
polyp,client4,Domain4,block,cju43b8daly4408170e5ev06g.h5,147456,20178,124388,28514,0.1368408203125,0.8435601128472222,0.19337293836805555,1.0,0.7076523812863856,0.007334720983249083,0.992665279016751
polyp,client4,Domain4,block,cju43c92lm5cj0755lorsorfg.h5,147456,1901,132299,6338,0.012891981336805556,0.8972100151909722,0.04298231336805555,1.0,0.2999368886083938,0.009994739610731194,0.9900052603892688
polyp,client4,Domain4,block,cju43eigtm6ev0801mv0m96t1.h5,147456,34880,93722,60630,0.2365451388888889,0.6355929904513888,0.4111735026041667,1.0,0.5752927593600528,0.006880733944954129,0.9931192660550459
polyp,client4,Domain4,block,cju43gfosm63n08714rpih8pe.h5,147456,21977,105257,39275,0.1490410698784722,0.7138197157118056,0.2663506401909722,1.0,0.5595671546785487,0.00013650634754516086,0.9998634936524549
polyp,client4,Domain4,block,cju43h43am1dy08176gwfhmnt.h5,147456,1151,138659,4092,0.007805718315972222,0.9403415256076388,0.027750651041666668,1.0,0.2812805474095797,0.0,1.0
polyp,client4,Domain4,block,cju43in5fm22c08175rxziqrk.h5,147456,27273,114365,42326,0.18495686848958334,0.7755872938368056,0.2870415581597222,1.0,0.6443557151632566,0.02460308730246031,0.9753969126975397
polyp,client4,Domain4,block,cju43kj2pm34f0850l28ahpni.h5,147456,186,141699,1783,0.0012613932291666667,0.9609578450520834,0.012091742621527778,1.0,0.10431856421761077,0.0,1.0
polyp,client4,Domain4,block,cju43lcnum9y10755bjs7z87f.h5,147456,2511,137387,5914,0.01702880859375,0.9317152235243056,0.040106879340277776,1.0,0.42458572877916806,0.023894862604540025,0.97610513739546
polyp,client4,Domain4,block,cju43mkj9m8wb0871qiadahub.h5,147456,9557,132163,14790,0.06481255425347222,0.8962877061631944,0.10030110677083333,1.0,0.6461798512508452,0.012974782881657423,0.9870252171183426
polyp,client4,Domain4,block,cju43o6n7m9nk087191ijwqq9.h5,147456,7392,133301,11684,0.050130208333333336,0.9040052625868056,0.07923719618055555,1.0,0.6326600479287915,0.027597402597402596,0.9724025974025974
polyp,client4,Domain4,block,cju45jpvfn6c809873pv1i34s.h5,147456,12834,130213,18842,0.0870361328125,0.8830634223090278,0.1277804904513889,1.0,0.6811378834518629,0.005610098176718092,0.9943899018232819
polyp,client4,Domain4,block,cju45lbgznahl08180xz1h7u6.h5,147456,8356,132084,14000,0.05666775173611111,0.895751953125,0.0949435763888889,1.0,0.5968571428571429,0.0007180469123982767,0.9992819530876017
polyp,client4,Domain4,block,cju45n0oxn5vu08500yfrt9jn.h5,147456,8973,131471,14205,0.06085205078125,0.8915947808159722,0.09633382161458333,1.0,0.6316789862724392,0.013373453694416584,0.9866265463055834
polyp,client4,Domain4,block,cju45ofd9ne1j0801ri8dup7t.h5,147456,55599,89396,85269,0.3770548502604167,0.6062554253472222,0.5782674153645834,1.0,0.6520423600605144,0.022014784438569038,0.9779852155614309
polyp,client4,Domain4,block,cju45pm27n80u08174kyow1gj.h5,147456,12292,128181,19504,0.08336046006944445,0.8692830403645834,0.1322699652777778,1.0,0.6302296964725185,0.009599739668076798,0.9904002603319232
polyp,client4,Domain4,block,cju45qbf3n9sa0987oonbkly9.h5,147456,6902,132725,12256,0.046807183159722224,0.9000990125868056,0.08311631944444445,1.0,0.5631527415143603,0.00275282526803825,0.9972471747319618
polyp,client4,Domain4,block,cju45t5ddnbio0987qtqzx762.h5,147456,9844,128059,17876,0.06675889756944445,0.8684556749131944,0.12122938368055555,1.0,0.5506824793018572,0.001219016659894352,0.9987809833401057
polyp,client4,Domain4,block,cju5b9oyda4yr0850g9viziyv.h5,147456,5957,134036,10641,0.040398491753472224,0.9089898003472222,0.07216389973958333,1.0,0.5598158067850766,0.008393486654356219,0.9916065133456438
polyp,client4,Domain4,block,cju5bbtwsa8cl0987wgfsqpao.h5,147456,9346,131841,14846,0.0633816189236111,0.89410400390625,0.1006808810763889,1.0,0.6295298396874579,0.0055638775946929165,0.9944361224053071
polyp,client4,Domain4,block,cju5bdwa3aatx0818b79i18zf.h5,147456,5918,134037,10569,0.04013400607638889,0.90899658203125,0.07167561848958333,1.0,0.5599394455483017,0.004562352145995268,0.9954376478540047
polyp,client4,Domain4,block,cju5bf6hxa6m50817rbwettgu.h5,147456,7570,132325,12801,0.051337348090277776,0.8973863389756944,0.08681233723958333,1.0,0.591360049996094,0.010171730515191546,0.9898282694848085
polyp,client4,Domain4,block,cju5bhv81abur0850ean02atv.h5,147456,17092,126544,24191,0.11591254340277778,0.8581814236111112,0.1640557183159722,1.0,0.7065437559422926,0.01778609875965364,0.9822139012403464
polyp,client4,Domain4,block,cju5bj926aiec07559rshy4wa.h5,147456,3209,137662,5924,0.021762424045138888,0.9335801866319444,0.04017469618055555,1.0,0.5416948008102633,0.029604238080398877,0.9703957619196011
polyp,client4,Domain4,block,cju5bmhdcafs909878qfzrqzi.h5,147456,15217,128419,22252,0.10319688585069445,0.8708970811631944,0.1509060329861111,1.0,0.683848642818623,0.021620555957153183,0.9783794440428468
polyp,client4,Domain4,block,cju5boicjagt20871b1fotkh4.h5,147456,37610,124174,46653,0.2550591362847222,0.8421088324652778,0.3163859049479167,1.0,0.806164662508306,0.015580962509970752,0.9844190374900292
polyp,client4,Domain4,block,cju5buy2bal250818ipl6fqwv.h5,147456,15084,125418,23500,0.102294921875,0.8505452473958334,0.1593695746527778,1.0,0.6418723404255319,0.004574383452665076,0.995425616547335
polyp,client4,Domain4,block,cju5bwhapakm90987c1v4z46a.h5,147456,1968,138239,5007,0.013346354166666666,0.9374932183159722,0.033955891927083336,1.0,0.39304973037747154,0.0020325203252032522,0.9979674796747967
polyp,client4,Domain4,block,cju5bycdkalkb09875f7bfrvx.h5,147456,20494,106663,37199,0.1389838324652778,0.7233547634548612,0.2522718641493056,1.0,0.5509287884082905,0.012540255684590612,0.9874597443154094
polyp,client4,Domain4,block,cju5c5xc7algd0817pb1ej5yo.h5,147456,15157,126540,22633,0.10278998480902778,0.858154296875,0.15348985460069445,1.0,0.6696858569345646,0.006069802731411229,0.9939301972685888
polyp,client4,Domain4,block,cju5c7oijaqmq09878qwgqv8n.h5,147456,13583,129651,20088,0.09211561414930555,0.8792521158854166,0.13623046875,1.0,0.6761748307447232,0.021939188691747036,0.978060811308253
polyp,client4,Domain4,block,cju5ca9hcatkc0801jzwe7tfx.h5,147456,14488,123445,23280,0.09825303819444445,0.8371649848090278,0.15787760416666666,1.0,0.6223367697594502,0.014287686361126449,0.9857123136388736
polyp,client4,Domain4,block,cju5ccpvqash50850kb4bs22k.h5,147456,17081,128457,23674,0.11583794487847222,0.87115478515625,0.1605495876736111,1.0,0.7215088282504013,0.010947836777706223,0.9890521632222937
polyp,client4,Domain4,block,cju5cetivauok0987ok3e5bre.h5,147456,14088,129679,20155,0.09554036458333333,0.8794420030381944,0.1366848415798611,1.0,0.6989828826593897,0.01795854628052243,0.9820414537194776
polyp,client4,Domain4,block,cju5chrxxawka0871qcj171yz.h5,147456,16210,129288,22404,0.10993109809027778,0.8767903645833334,0.15193684895833334,1.0,0.7235315122299589,0.020727945712523135,0.9792720542874769
polyp,client4,Domain4,block,cju5cjh3xattc0817j2vbulzi.h5,147456,3749,129147,9525,0.025424533420138888,0.8758341471354166,0.06459554036458333,1.0,0.39359580052493437,0.017071218991731127,0.9829287810082689
polyp,client4,Domain4,block,cju5cu8qkb84x08186jwo8yin.h5,147456,2233,136956,5884,0.015143500434027778,0.9287923177083334,0.03990342881944445,1.0,0.37950373895309314,0.01701746529332736,0.9829825347066726
polyp,client4,Domain4,block,cju5ddda9bkkt0850enzwatb1.h5,147456,632,136196,5060,0.004286024305555556,0.9236382378472222,0.03431532118055555,1.0,0.12490118577075099,0.0,1.0
polyp,client4,Domain4,block,cju5eftctcdbj08712gdp989f.h5,147456,23006,104336,39426,0.15601942274305555,0.7075737847222222,0.2673746744791667,1.0,0.5835235631309288,0.005737633660784143,0.9942623663392158
polyp,client4,Domain4,block,cju5ekty5ckzf07550c9u3ckk.h5,147456,15916,129126,22069,0.1079372829861111,0.8756917317708334,0.1496649848090278,1.0,0.7211926231365263,0.01671274189494848,0.9832872581050516
polyp,client4,Domain4,block,cju5enq1tcn1i0755hnkon787.h5,147456,12608,125674,21322,0.08550347222222222,0.8522813585069444,0.1445990668402778,1.0,0.5913141356345558,0.0077728426395939085,0.9922271573604061
polyp,client4,Domain4,block,cju5eq8c8ck690850vix98hv3.h5,147456,34935,120023,45563,0.23691813151041666,0.8139580620659722,0.3089938693576389,1.0,0.7667405570309243,0.007327894661514241,0.9926721053384857
polyp,client4,Domain4,block,cju5es375cnzy0801nkq35ffs.h5,147456,5553,135087,9538,0.03765869140625,0.9161173502604166,0.06468370225694445,1.0,0.5821975256867268,0.03061408247793985,0.9693859175220602
polyp,client4,Domain4,block,cju5ew4h9cqaf0818rrczkmqh.h5,147456,26479,123149,35735,0.1795722113715278,0.8351576063368056,0.2423434787326389,1.0,0.7409822303064223,0.006873371350881831,0.9931266286491182
polyp,client4,Domain4,block,cju5eyfe9cpk90987laa7tsl3.h5,147456,30847,122301,40149,0.2091946072048611,0.82940673828125,0.27227783203125,1.0,0.7683130339485417,0.0070347197458423836,0.9929652802541576
polyp,client4,Domain4,block,cju5f0dezct4q08183ydw11dx.h5,147456,10200,131683,14918,0.06917317708333333,0.8930324978298612,0.1011691623263889,1.0,0.6837377664566295,0.00823529411764706,0.991764705882353
polyp,client4,Domain4,block,cju5f26ebcuai0818xlwh6116.h5,147456,6222,132810,11556,0.042195638020833336,0.9006754557291666,0.078369140625,1.0,0.5384215991692627,0.0019286403085824494,0.9980713596914176
polyp,client4,Domain4,block,cju5f8hxdcxxn08188obby0ea.h5,147456,13408,129051,19104,0.09092881944444445,0.87518310546875,0.12955729166666666,1.0,0.7018425460636516,0.012455250596658711,0.9875447494033412
polyp,client4,Domain4,block,cju5fb86jd1jp0755b1ukbhq5.h5,147456,28514,111997,43160,0.19337293836805555,0.7595282660590278,0.2926974826388889,1.0,0.6606580166821131,0.025601458932454232,0.9743985410675458
polyp,client4,Domain4,block,cju5fi0yxd3ei0801v7u0yudn.h5,147456,909,140033,3052,0.00616455078125,0.9496595594618056,0.020697699652777776,1.0,0.2978374836173001,0.006600660066006601,0.9933993399339934
polyp,client4,Domain4,block,cju5fs6j6d8350801vglraq4u.h5,147456,24105,123406,33495,0.16347249348958334,0.8369004991319444,0.22715250651041666,1.0,0.7196596506941334,0.014478323999170296,0.9855216760008297
polyp,client4,Domain4,block,cju5ft6mcd5q40987rhjgbrr6.h5,147456,12950,128786,19584,0.08782280815972222,0.8733859592013888,0.1328125,1.0,0.6612540849673203,0.0068725868725868725,0.9931274131274132
polyp,client4,Domain4,block,cju5fu081d8gc0818l3yylujk.h5,147456,3368,134588,8204,0.022840711805555556,0.9127332899305556,0.05563693576388889,1.0,0.4105314480741102,0.0,1.0
polyp,client4,Domain4,block,cju5fw37edaae0801vkwvocn7.h5,147456,7902,131779,13627,0.0535888671875,0.8936835394965278,0.09241400824652778,1.0,0.5798781830190064,0.0007593014426727411,0.9992406985573272
polyp,client4,Domain4,block,cju5fydrud94708507vo6oy21.h5,147456,26830,94681,49978,0.1819525824652778,0.6420966254340278,0.3389350043402778,1.0,0.5368362079314899,0.001528140141632501,0.9984718598583675
polyp,client4,Domain4,block,cju5g163vd6mt0817uccuga6u.h5,147456,2060,135334,6833,0.013970269097222222,0.9177924262152778,0.04633924696180555,1.0,0.30147812088394554,0.0,1.0
polyp,client4,Domain4,block,cju5gucasds9d0801019axylx.h5,147456,1021,140208,3078,0.006924099392361111,0.9508463541666666,0.0208740234375,1.0,0.3317089018843405,0.031341821743388835,0.9686581782566112
polyp,client4,Domain4,block,cju5h57xedz5h0755mjpc8694.h5,147456,33939,100337,56202,0.23016357421875,0.6804538302951388,0.3811442057291667,1.0,0.603875306928579,0.004684875806594184,0.9953151241934058
polyp,client4,Domain4,block,cju5hjxaae3i40850h5z2laf5.h5,147456,15555,125083,24229,0.10548909505208333,0.8482733832465278,0.1643134223090278,1.0,0.6419992570886128,0.013307618129218901,0.9866923818707811
polyp,client4,Domain4,block,cju5hl8nee8a40755fm8qjj0o.h5,147456,3470,136251,7278,0.023532443576388888,0.92401123046875,0.049357096354166664,1.0,0.4767793349821379,0.014697406340057636,0.9853025936599423
polyp,client4,Domain4,block,cju5hqz50e7o90850e0prlpa0.h5,147456,22158,124151,30333,0.1502685546875,0.8419528537326388,0.20570882161458334,1.0,0.7304915438631194,0.016878779673255708,0.9831212203267443
polyp,client4,Domain4,block,cju5ht88gedbu0755xrcuddcx.h5,147456,19430,122251,29258,0.1317681206597222,0.8290676540798612,0.1984185112847222,1.0,0.6640918723084285,0.004065877509006691,0.9959341224909933
polyp,client4,Domain4,block,cju5huurrecm70801y680y13m.h5,147456,9451,130548,15798,0.06409369574652778,0.8853352864583334,0.10713704427083333,1.0,0.5982402835802,0.0037033118188551477,0.9962966881811448
polyp,client4,Domain4,block,cju5hwonqedw10801vsd3w6kk.h5,147456,11881,131708,16607,0.08057318793402778,0.8932020399305556,0.11262342664930555,1.0,0.7154212079243693,0.025418735796650115,0.9745812642033499
polyp,client4,Domain4,block,cju5i39mreass0817au8p22zy.h5,147456,21319,126986,27725,0.14457872178819445,0.8611789279513888,0.1880221896701389,1.0,0.7689449954914337,0.04624982410056757,0.9537501758994325
polyp,client4,Domain4,block,cju5i5oh2efg60987ez6cpf72.h5,147456,34133,120953,43316,0.2314792209201389,0.8202650282118056,0.2937554253472222,1.0,0.7879998153107397,0.006943427181906073,0.9930565728180939
polyp,client4,Domain4,block,cju5jx7jzf7c90871c2i9aiov.h5,147456,18452,126773,25470,0.12513563368055555,0.8597344292534722,0.1727294921875,1.0,0.7244601491951316,0.015879037502709734,0.9841209624972903
polyp,client4,Domain4,block,cju5jz5fff8c50871hbe6108f.h5,147456,12708,127541,20987,0.086181640625,0.8649427625868056,0.1423272026909722,1.0,0.6055177014342212,0.0011803588290840415,0.9988196411709159
polyp,client4,Domain4,block,cju5k503sfa5f0871lx0rpu5y.h5,147456,17044,129744,22978,0.11558702256944445,0.8798828125,0.1558295355902778,1.0,0.7417529811123683,0.02123914574043652,0.9787608542595635
polyp,client4,Domain4,block,cju5k7r0yf98c09878csbxb4d.h5,147456,530,140185,2829,0.003594292534722222,0.9506903754340278,0.019185384114583332,1.0,0.1873453517143867,0.0,1.0
polyp,client4,Domain4,block,cju5klveuff6w0871wbibgh3m.h5,147456,2143,137568,5565,0.014533148871527778,0.9329427083333334,0.037740071614583336,1.0,0.38508535489667567,0.0004666355576294914,0.9995333644423705
polyp,client4,Domain4,block,cju5knbbqfipk080128cggukq.h5,147456,37725,98568,60048,0.2558390299479167,0.66845703125,0.4072265625,1.0,0.6282474020783373,0.004479787939032471,0.9955202120609675
polyp,client4,Domain4,block,cju5kre09fhka0850h7b1898j.h5,147456,4948,135230,8489,0.03355577256944445,0.9170871310763888,0.05756971571180555,1.0,0.5828719519378018,0.00889248181083266,0.9911075181891673
polyp,client4,Domain4,block,cju5ktjwofed70817eg58ef7u.h5,147456,9445,130272,15715,0.0640530056423611,0.8834635416666666,0.10657416449652778,1.0,0.6010181355392936,0.013022763366860772,0.9869772366331392
polyp,client4,Domain4,block,cju5nxkujgscq0817l9gss626.h5,147456,14786,125865,23587,0.10027398003472222,0.85357666015625,0.15995958116319445,1.0,0.6268707338788315,0.04010550520762884,0.9598944947923712
polyp,client4,Domain4,block,cju5nyu31gv8e0871zpk74a2n.h5,147456,3044,136140,7152,0.020643446180555556,0.9232584635416666,0.048502604166666664,1.0,0.4256152125279642,0.0042706964520367935,0.9957293035479632
polyp,client4,Domain4,block,cju5o1vu9gz8a0818eyy92bns.h5,147456,18555,127244,26307,0.12583414713541666,0.8629286024305556,0.17840576171875,1.0,0.7053255787433003,0.00204796550794934,0.9979520344920506
polyp,client4,Domain4,block,cju5tenjojp1j0755ms4949h2.h5,147456,20618,124959,29114,0.1398247612847222,0.8474324544270834,0.1974419487847222,1.0,0.7081816308305283,0.00514113881074789,0.9948588611892522
polyp,client4,Domain4,block,cju5tgbzhjllu08174ca41eus.h5,147456,5393,126950,13939,0.03657362196180555,0.8609347873263888,0.09452989366319445,1.0,0.3869000645670421,0.011310958650101984,0.988689041349898
polyp,client4,Domain4,block,cju5thdbrjp1108715xdfx356.h5,147456,829,139375,3502,0.005622016059027778,0.9451972113715278,0.023749457465277776,1.0,0.23672187321530555,0.0036188178528347406,0.9963811821471653
polyp,client4,Domain4,block,cju5u4pywk81x0817vn9pe14z.h5,147456,2533,137269,6032,0.017178005642361112,0.9309149848090278,0.04090711805555555,1.0,0.4199270557029178,0.0019739439399921043,0.9980260560600079
polyp,client4,Domain4,block,cju5u6wf0kh1t0755bg1ssixv.h5,147456,32454,88170,59231,0.2200927734375,0.5979410807291666,0.4016859266493056,1.0,0.5479225405615302,0.0010476366549577864,0.9989523633450422
polyp,client4,Domain4,block,cju5u8gz4kj5b07552e2wpkwp.h5,147456,17836,101772,38442,0.12095811631944445,0.690185546875,0.2607014973958333,1.0,0.46397169762239215,0.00011213276519398969,0.999887867234806
polyp,client4,Domain4,block,cju5udcufki0s09874ll1dbr5.h5,147456,10204,110871,26731,0.06920030381944445,0.75189208984375,0.1812811957465278,1.0,0.38172907859788263,0.004214033712269698,0.9957859662877303
polyp,client4,Domain4,block,cju5ufn3skquf0818dhapnhba.h5,147456,2371,137892,5567,0.016079372829861112,0.9351399739583334,0.03775363498263889,1.0,0.42590264056044547,0.0063264445381695485,0.9936735554618304
polyp,client4,Domain4,block,cju5uget8krjy0818kvywd0zu.h5,147456,1081,136230,5491,0.007331000434027778,0.9238688151041666,0.037238226996527776,1.0,0.196867601529776,0.0,1.0
polyp,client4,Domain4,block,cju5uhrdwkmsu0817ervv91l8.h5,147456,344,140427,2573,0.0023328993055555555,0.95233154296875,0.017449273003472224,1.0,0.1336960746210649,0.0,1.0
polyp,client4,Domain4,block,cju5ukkg6kv7u08011x2b6zl5.h5,147456,16393,127445,24028,0.1111721462673611,0.8642917209201388,0.16295030381944445,1.0,0.6822457133344432,0.005429146586957848,0.9945708534130422
polyp,client4,Domain4,block,cju5uxjnol2r509871qv2yeia.h5,147456,4560,133378,9053,0.030924479166666668,0.9045274522569444,0.061394585503472224,1.0,0.5037004307964211,0.02280701754385965,0.9771929824561404
polyp,client4,Domain4,block,cju5uzmaol56l0817flxh4w9p.h5,147456,1986,137814,5257,0.013468424479166666,0.9346110026041666,0.035651312934027776,1.0,0.37778200494578656,0.0055387713997985906,0.9944612286002014
polyp,client4,Domain4,block,cju5v8pgplg6k0755rvi2t63h.h5,147456,2514,135989,6394,0.017049153645833332,0.9222344292534722,0.04336208767361111,1.0,0.3931811072880826,0.0003977724741447892,0.9996022275258553
polyp,client4,Domain4,block,cju5vbo6jldrt0871jf6f1700.h5,147456,7172,135584,10755,0.048638237847222224,0.9194878472222222,0.07293701171875,1.0,0.6668526266852627,0.031372002230897936,0.968627997769102
polyp,client4,Domain4,block,cju5vcmrqla7i0817x4sp4pqw.h5,147456,5256,134631,9761,0.03564453125,0.91302490234375,0.0661960177951389,1.0,0.5384694191168937,0.003424657534246575,0.9965753424657534
polyp,client4,Domain4,block,cju5vgawslbe30987ndeepc1b.h5,147456,26272,103131,45619,0.1781684027777778,0.69940185546875,0.3093736436631944,1.0,0.5759003923803678,0.00019031668696711327,0.9998096833130329
polyp,client4,Domain4,block,cju5vi4nxlc530817uoqm2m7a.h5,147456,16825,106015,33464,0.1141018337673611,0.7189602322048612,0.22694227430555555,1.0,0.502779105904853,0.0,1.0
polyp,client4,Domain4,block,cju5von04litr08718j8po40a.h5,147456,5535,134416,8626,0.03753662109375,0.9115668402777778,0.05849880642361111,1.0,0.6416647345235335,0.052213188798554654,0.9477868112014454
polyp,client4,Domain4,block,cju5vutu7ll8w0871dfp92n9p.h5,147456,16306,128146,23454,0.11058213975694445,0.8690456814236112,0.1590576171875,1.0,0.6952332224780421,0.005519440696676071,0.9944805593033239
polyp,client4,Domain4,block,cju5vwbr4lhqn0987a1pji0ux.h5,147456,2877,133992,7610,0.019510904947916668,0.90869140625,0.05160861545138889,1.0,0.3780551905387648,0.18039624608967675,0.8196037539103233
polyp,client4,Domain4,block,cju5vxuc5loxw0818u8xgf45p.h5,147456,10169,131416,15583,0.06896294487847222,0.8912217881944444,0.1056789822048611,1.0,0.6525701084515176,0.0045235519716786314,0.9954764480283214
polyp,client4,Domain4,block,cju5vzjoslpj708186z2fusmz.h5,147456,3954,135955,7677,0.026814778645833332,0.9220038519965278,0.05206298828125,1.0,0.5150449394294646,0.0032878098128477492,0.9967121901871523
polyp,client4,Domain4,block,cju5w7xn0lrkq0801f9k0htgx.h5,147456,8606,132156,13800,0.05836317274305555,0.896240234375,0.09358723958333333,1.0,0.6236231884057971,0.00964443411573321,0.9903555658842668
polyp,client4,Domain4,block,cju5waeduln160817w0agirve.h5,147456,7406,132177,13113,0.050225151909722224,0.8963826497395834,0.08892822265625,1.0,0.5647830397315641,0.0016203078584931137,0.9983796921415069
polyp,client4,Domain4,block,cju5wcc90lu020850mjrxppv6.h5,147456,9936,130849,15473,0.0673828125,0.8873765733506944,0.10493299696180555,1.0,0.6421508434046403,0.006139291465378422,0.9938607085346216
polyp,client4,Domain4,block,cju5wi6bqlxy90755bu227nvb.h5,147456,8384,133051,13121,0.05685763888888889,0.9023098415798612,0.08898247612847222,1.0,0.6389756878286716,0.020634541984732826,0.9793654580152672
polyp,client4,Domain4,block,cju5wj0faly5008187n6530af.h5,147456,7917,132574,12893,0.053690592447916664,0.8990749782986112,0.0874362521701389,1.0,0.6140541379042892,0.015157256536566882,0.9848427434634331
polyp,client4,Domain4,block,cju5wkonqlrl409877y8zvnub.h5,147456,17161,126554,24861,0.11638047960069445,0.8582492404513888,0.16859944661458334,1.0,0.6902779453762922,0.007691859448750073,0.9923081405512499
polyp,client4,Domain4,block,cju5wmvsdlx1j0871npgj8j4b.h5,147456,1491,136084,5638,0.010111490885416666,0.9228786892361112,0.03823513454861111,1.0,0.26445548066690316,0.0,1.0
polyp,client4,Domain4,block,cju5woy82m07m08505dmjg7g1.h5,147456,11435,114776,24460,0.0775485568576389,0.7783745659722222,0.16587999131944445,1.0,0.4674979558462796,0.0,1.0
polyp,client4,Domain4,block,cju5wphwwlu3m0987hh3ltg88.h5,147456,2915,136177,6382,0.019768608940972224,0.9235093858506944,0.043280707465277776,1.0,0.4567533688498903,0.017495711835334476,0.9825042881646655
polyp,client4,Domain4,block,cju5wqonpm0e60801z88ewmy1.h5,147456,2760,136631,6476,0.018717447916666668,0.9265882703993056,0.04391818576388889,1.0,0.42618900555898703,0.0036231884057971015,0.9963768115942029
polyp,client4,Domain4,block,cju5wrapcm2290818jsh26ppb.h5,147456,8960,132115,14413,0.06076388888888889,0.8959621853298612,0.0977444118923611,1.0,0.6216610004856726,0.005245535714285714,0.9947544642857142
polyp,client4,Domain4,block,cju5wtdu4m0im0871mix0yvc0.h5,147456,10009,132077,14688,0.06787787543402778,0.8957044813368056,0.099609375,1.0,0.6814406318082789,0.025976621041063044,0.974023378958937
polyp,client4,Domain4,block,cju5wuhm1lwm40987vugqn3vv.h5,147456,7386,132650,12814,0.050089518229166664,0.8995903862847222,0.08690049913194445,1.0,0.5764008116122991,0.0025724343352288115,0.9974275656647712
polyp,client4,Domain4,block,cju5x15djm7ae0755h8czf6nt.h5,147456,8852,132099,13901,0.06003146701388889,0.8958536783854166,0.0942721896701389,1.0,0.6367887202359542,0.0075689109805693626,0.9924310890194307
polyp,client4,Domain4,block,cju5x28nzm7t907558ocq4bt7.h5,147456,13123,128055,20396,0.08899603949652778,0.8684285481770834,0.13831922743055555,1.0,0.6434104726416945,0.003962508572734893,0.996037491427265
polyp,client4,Domain4,block,cju5x7iskmad90818frchyfwd.h5,147456,17284,126096,25470,0.1172146267361111,0.8551432291666666,0.1727294921875,1.0,0.6786022771888496,0.011802823420504514,0.9881971765794955
polyp,client4,Domain4,block,cju5xneamme2p0801qdf7fdwv.h5,147456,3405,134945,8011,0.023091634114583332,0.9151543511284722,0.054328070746527776,1.0,0.4250405692173262,0.0064610866372980915,0.993538913362702
polyp,client4,Domain4,block,cju5xopi0md7q0871r1sjc1av.h5,147456,10606,133087,16068,0.0719265407986111,0.9025539822048612,0.10896809895833333,1.0,0.6600697037590242,0.01348293418819536,0.9865170658118046
polyp,client4,Domain4,block,cju5y7buemcw80987p0r30g9f.h5,147456,13284,126443,21476,0.090087890625,0.8574964735243056,0.14564344618055555,1.0,0.6185509405848388,0.01610960554049985,0.9838903944595001
polyp,client4,Domain4,block,cju5y84q3mdv50817eyp82xf3.h5,147456,1881,137754,5151,0.01275634765625,0.9342041015625,0.034932454427083336,1.0,0.36517181129877696,0.001063264221158958,0.998936735778841
polyp,client4,Domain4,block,cju5yclrymlgj0818k426ud6z.h5,147456,8069,133360,12370,0.05472140842013889,0.9044053819444444,0.0838894314236111,1.0,0.652303961196443,0.020324699467096294,0.9796753005329037
polyp,client4,Domain4,block,cju5ygh1zmmdi0755uod5e17i.h5,147456,13549,128368,20164,0.0918850368923611,0.8705512152777778,0.1367458767361111,1.0,0.6719400912517358,0.008487711270204442,0.9915122887297956
polyp,client4,Domain4,block,cju5yhgznmkzb0801cji2vi8j.h5,147456,1814,138994,4240,0.012301974826388888,0.9426133897569444,0.028754340277777776,1.0,0.42783018867924527,0.05292171995589857,0.9470782800441014
polyp,client4,Domain4,block,cju5yimthmlv80850zhoc90c2.h5,147456,3101,135411,7645,0.021030002170138888,0.9183146158854166,0.05184597439236111,1.0,0.405624591236102,0.0,1.0
polyp,client4,Domain4,block,cju5yjq1pmlgc0801z0t24bly.h5,147456,11842,128767,18313,0.08030870225694445,0.8732571072048612,0.12419297960069445,1.0,0.6466444602195162,0.011906772504644485,0.9880932274953556
polyp,client4,Domain4,block,cju5ymyd8mmdc0801ry3by1xr.h5,147456,2416,138539,5042,0.016384548611111112,0.9395277235243056,0.03419325086805555,1.0,0.47917493058310195,0.026076158940397352,0.9739238410596026
polyp,client4,Domain4,block,cju6ur9l9v9jq0755paud9uka.h5,147456,1375,138239,4384,0.009324815538194444,0.9374932183159722,0.029730902777777776,1.0,0.3136405109489051,0.002181818181818182,0.9978181818181818
polyp,client4,Domain4,block,cju6ut4l8va6y0755tyw3vfqq.h5,147456,1029,139056,3829,0.006978352864583333,0.9430338541666666,0.025967068142361112,1.0,0.2687385740402194,0.0,1.0
polyp,client4,Domain4,block,cju6uzxk0v83p0801rcwnexdu.h5,147456,25888,103535,43683,0.1755642361111111,0.7021416558159722,0.2962443033854167,1.0,0.5926332898381521,0.04704882571075402,0.952951174289246
polyp,client4,Domain4,block,cju6v3bb2v7xo085090blubyw.h5,147456,7663,122219,17361,0.05196804470486111,0.8288506401909722,0.11773681640625,1.0,0.4413916249063994,0.1402844838835965,0.8597155161164035
polyp,client4,Domain4,block,cju6v4szov55u0871qmqz3v8n.h5,147456,35648,92894,63286,0.2417534722222222,0.6299777560763888,0.4291856553819444,1.0,0.5632841386720602,5.6104129263913826e-05,0.9999438958707361
polyp,client4,Domain4,block,cju6v5ilsv8hk0850rb5sgh6o.h5,147456,1262,138206,4450,0.008558485243055556,0.9372694227430556,0.030178493923611112,1.0,0.28359550561797753,0.0,1.0
polyp,client4,Domain4,block,cju6v6g6kvdw007552x6mb0po.h5,147456,13842,129280,21416,0.0938720703125,0.8767361111111112,0.1452365451388889,1.0,0.6463391856555846,0.009969657563935847,0.9900303424360641
polyp,client4,Domain4,block,cju6vgdmivcvb08018fra5lnv.h5,147456,17284,128032,23845,0.1172146267361111,0.8682725694444444,0.1617092556423611,1.0,0.7248479765149927,0.009546401295996296,0.9904535987040037
polyp,client4,Domain4,block,cju6vqarjv7yo0987q4b1btk1.h5,147456,11310,131196,16762,0.07670084635416667,0.8897298177083334,0.1136745876736111,1.0,0.6747404844290658,0.016799292661361626,0.9832007073386384
polyp,client4,Domain4,block,cju6vta3kvazg0817qbeppjtm.h5,147456,25963,123118,34681,0.17607286241319445,0.8349473741319444,0.2351955837673611,1.0,0.748623165421989,0.01194006855910334,0.9880599314408967
polyp,client4,Domain4,block,cju6vucxvvlda0755j7msqnya.h5,147456,4631,135952,6574,0.03140597873263889,0.9219835069444444,0.04458279079861111,1.0,0.7044417401886218,0.08291945584107105,0.9170805441589289
polyp,client4,Domain4,block,cju6vvb8svhed0801jjcquh5e.h5,147456,1502,141056,2206,0.010186089409722222,0.9565972222222222,0.014960394965277778,1.0,0.6808703535811423,0.27230359520639147,0.7276964047936085
polyp,client4,Domain4,block,cju6vvxsev9y30987kespucdg.h5,147456,6367,133863,11060,0.04317898220486111,0.9078165690104166,0.07500542534722222,1.0,0.5756781193490055,0.002041777917386524,0.9979582220826134
polyp,client4,Domain4,block,cju6w733bveoz0817e600tw72.h5,147456,7850,131819,13918,0.05323621961805555,0.8939548068576388,0.0943874782986111,1.0,0.5640178186521052,0.03694267515923567,0.9630573248407643
polyp,client4,Domain4,block,cju6wi3akvn8r0801px8eligc.h5,147456,65467,97743,90413,0.4439765082465278,0.6628621419270834,0.6131523980034722,1.0,0.7240883501266411,0.01901721477996548,0.9809827852200346
polyp,client4,Domain4,block,cju6wjm81vgsc0987enk9n3pr.h5,147456,26363,115713,38648,0.17878553602430555,0.78472900390625,0.2620985243055556,1.0,0.6821310287725109,0.037249174980085724,0.9627508250199143
polyp,client4,Domain4,block,cju6wll7wvo3y08502pagos8m.h5,147456,13599,102418,32831,0.09222412109375,0.6945665147569444,0.2226494683159722,1.0,0.4142121775151534,0.0,1.0
polyp,client4,Domain4,block,cju6wn57mvooj0850rp78hhy7.h5,147456,27358,100976,47377,0.18553331163194445,0.6847873263888888,0.3212958441840278,1.0,0.5774531945880913,0.005994590247825134,0.9940054097521749
polyp,client4,Domain4,block,cju6wt9jvvn500871hjn3t3g0.h5,147456,13145,111349,27102,0.0891452365451389,0.7551337348090278,0.18379720052083334,1.0,0.485019555752343,0.00045644731837200456,0.999543552681628
polyp,client4,Domain4,block,cju6wuojavt740818b5qcv3iw.h5,147456,21322,102973,39758,0.1445990668402778,0.6983303493923612,0.2696261935763889,1.0,0.5362945822224457,0.004033392739893068,0.9959666072601069
polyp,client4,Domain4,block,cju6x35ervu2808015c7eoqe4.h5,147456,11596,103845,29614,0.0786404079861111,0.7042439778645834,0.2008327907986111,1.0,0.3915715539947322,0.008106243532252502,0.9918937564677475
polyp,client4,Domain4,block,cju6x4t13vyw60755gtcf9ndu.h5,147456,18200,111712,31171,0.12342664930555555,0.7575954861111112,0.2113918728298611,1.0,0.5838760386256456,0.003021978021978022,0.996978021978022
polyp,client4,Domain4,block,cju6x97w4vwua0850x0997r0a.h5,147456,4139,123742,11602,0.028069390190972224,0.8391791449652778,0.07868109809027778,1.0,0.3567488364075159,0.004107272287992268,0.9958927277120078
polyp,client4,Domain4,block,cju6xa0qmvzun0818xjukgncj.h5,147456,5258,118588,16776,0.03565809461805555,0.8042263454861112,0.11376953125,1.0,0.31342393896041965,0.0,1.0
polyp,client4,Domain4,block,cju6xifswvwbo0987nibtdr50.h5,147456,34296,106901,49817,0.23258463541666666,0.7249688042534722,0.3378431532118056,1.0,0.6884396892627015,0.015482855143456964,0.9845171448565431
polyp,client4,Domain4,block,cju6xlygpw7bs0818n691jsq4.h5,147456,21979,96253,45836,0.1490546332465278,0.6527574327256944,0.3108452690972222,1.0,0.47951391919015623,0.005095773238090905,0.9949042267619091
polyp,client4,Domain4,block,cju6xmqd9w0250817l5kxfnsk.h5,147456,5354,122697,16198,0.036309136284722224,0.83209228515625,0.10984971788194445,1.0,0.3305346339054204,0.0016809861785580874,0.998319013821442
polyp,client4,Domain4,block,cju6ywm40wdbo0987pbftsvtg.h5,147456,7983,114039,21646,0.05413818359375,0.77337646484375,0.1467963324652778,1.0,0.3687979303335489,0.0,1.0
polyp,client4,Domain4,block,cju6yxyt0wh080871sqpepu47.h5,147456,3381,124666,10498,0.022928873697916668,0.8454454210069444,0.0711941189236111,1.0,0.3220613450180987,0.0,1.0
polyp,client4,Domain4,block,cju6yywx1whbb0871ksgfgf9f.h5,147456,6894,132727,12349,0.0467529296875,0.9001125759548612,0.08374701605902778,1.0,0.5582638270305288,0.0026109660574412533,0.9973890339425587
polyp,client4,Domain4,block,cju6z1bzbwfq50817b2alatvr.h5,147456,44748,110038,62659,0.303466796875,0.7462429470486112,0.4249335394965278,1.0,0.7141511993488565,0.034571377491731475,0.9654286225082686
polyp,client4,Domain4,block,cju6z2616wqbk07555bvnuyr1.h5,147456,8796,132663,13826,0.059651692708333336,0.8996785481770834,0.09376356336805555,1.0,0.6361926804571097,0.017280582082764895,0.9827194179172352
polyp,client4,Domain4,block,cju6z600qwh4z081700qimgl9.h5,147456,3344,136509,7016,0.022677951388888888,0.9257609049479166,0.04758029513888889,1.0,0.4766248574686431,0.006578947368421052,0.993421052631579
polyp,client4,Domain4,block,cju6z7e4bwgdd0987ogkzq9kt.h5,147456,7970,112699,21698,0.05405002170138889,0.7642890082465278,0.1471489800347222,1.0,0.36731495990413865,0.0,1.0
polyp,client4,Domain4,block,cju6z9a9kwsl007552s49rx6i.h5,147456,9197,113337,22966,0.062371148003472224,0.76861572265625,0.15574815538194445,1.0,0.40046155185927024,0.03968685440904643,0.9603131455909536
polyp,client4,Domain4,block,cju76erapykj30871x5eaxh4q.h5,147456,16319,111947,30926,0.11067030164930555,0.7591891818576388,0.20973036024305555,1.0,0.5276789756192201,0.00036766958759727926,0.9996323304124027
polyp,client4,Domain4,block,cju76l27oyrw907551ri2a7fl.h5,147456,19907,102771,38375,0.1350029839409722,0.69696044921875,0.2602471245659722,1.0,0.5187491856677524,0.003214949515245893,0.9967850504847541
polyp,client4,Domain4,block,cju76lsehyia10987u54vn8rb.h5,147456,4246,135440,8165,0.028795030381944444,0.9185112847222222,0.05537245008680555,1.0,0.5200244947948561,0.024258125294394726,0.9757418747056052
polyp,client4,Domain4,block,cju76o55nymqd0871h31sph9w.h5,147456,496,143677,947,0.003363715277777778,0.9743720160590278,0.006422254774305556,1.0,0.5237592397043295,0.2923387096774194,0.7076612903225806
polyp,client4,Domain4,block,cju77196iyshb0850ycbto50a.h5,147456,29908,122483,39586,0.2028266059027778,0.8306410047743056,0.2684597439236111,1.0,0.7555196281513666,0.0025745619901029826,0.997425438009897
polyp,client4,Domain4,block,cju772304yw5t0818vbw8kkjf.h5,147456,4717,135494,8650,0.031989203559027776,0.9188774956597222,0.058661566840277776,1.0,0.5453179190751445,0.026075895696417214,0.9739241043035828
polyp,client4,Domain4,block,cju773hsyyosz0817pk1e7sjq.h5,147456,10781,131487,15960,0.07311333550347222,0.8917032877604166,0.10823567708333333,1.0,0.675501253132832,0.020035247194137833,0.9799647528058621
polyp,client4,Domain4,block,cju774fmayxif0818u2g79usw.h5,147456,3974,135252,8585,0.026950412326388888,0.917236328125,0.058220757378472224,1.0,0.4629004076878276,0.0,1.0
polyp,client4,Domain4,block,cju7787c5yy3l080159mwqsnj.h5,147456,4277,135095,8316,0.029005262586805556,0.9161716037326388,0.056396484375,1.0,0.5143097643097643,0.0028057049333645077,0.9971942950666355
polyp,client4,Domain4,block,cju77afzlz3kp07550x5nafzs.h5,147456,59770,103063,81044,0.4053412543402778,0.6989407009548612,0.5496148003472222,1.0,0.737500616948818,0.008950978751882215,0.9910490212481178
polyp,client4,Domain4,block,cju77b3wyz4160755qis4ljsb.h5,147456,2842,136996,6221,0.019273546006944444,0.9290635850694444,0.04218885633680555,1.0,0.4568397363767883,0.04574243490499648,0.9542575650950035
polyp,client4,Domain4,block,cju77bvg0yv4r0987yh60xmjo.h5,147456,5829,133232,11345,0.039530436197916664,0.9035373263888888,0.0769382052951389,1.0,0.5137946231820185,0.00034311202607651396,0.9996568879739235
polyp,client4,Domain4,block,cju77g99iyxc00817zqi2ppor.h5,147456,17553,100392,39794,0.11903889973958333,0.6808268229166666,0.2698703342013889,1.0,0.44109664773583956,0.001595168916994246,0.9984048310830057
polyp,client4,Domain4,block,cju77idwfz36d0871tzfzz51i.h5,147456,18738,124033,28009,0.1270751953125,0.8411526150173612,0.1899481879340278,1.0,0.6689992502409939,0.002081332052513609,0.9979186679474864
polyp,client4,Domain4,block,cju77j66ez52p08019xygi0co.h5,147456,684,137144,4596,0.004638671875,0.9300672743055556,0.031168619791666668,1.0,0.14882506527415143,0.0,1.0
polyp,client4,Domain4,block,cju77k828z46w0871r0avuoo9.h5,147456,8194,131603,14223,0.05556911892361111,0.8924899631076388,0.09645589192708333,1.0,0.5761091190325529,0.02135709055406395,0.978642909445936
polyp,client4,Domain4,block,cju77q10sz9ug0801449wu1nu.h5,147456,8136,129763,15016,0.05517578125,0.8800116644965278,0.1018337673611111,1.0,0.5418220564730953,0.045722713864306784,0.9542772861356932
polyp,client4,Domain4,block,cju77re6fz5bb0817vp9redjg.h5,147456,7471,131654,13304,0.050665961371527776,0.8928358289930556,0.09022352430555555,1.0,0.5615604329524955,0.01539285236246821,0.9846071476375318
polyp,client4,Domain4,block,cju77t0razbvm080106o56289.h5,147456,66684,104006,82501,0.4522298177083333,0.7053358289930556,0.5594957139756944,1.0,0.8082811117441001,0.015595945054285886,0.9844040549457141
polyp,client4,Domain4,block,cju77u1sjz77b0817ft44r3fk.h5,147456,11766,131233,17227,0.07979329427083333,0.8899807400173612,0.11682807074652778,1.0,0.6829976200150926,0.03535611082780894,0.964643889172191
polyp,client4,Domain4,block,cju77vvcwzcm50850lzoykuva.h5,147456,4827,131204,11517,0.032735188802083336,0.8897840711805556,0.07810465494791667,1.0,0.41911956238603804,0.00435052827843381,0.9956494717215661
polyp,client4,Domain4,block,cju783tmkzkqu081803g7q5vk.h5,147456,9983,129796,16836,0.06770155164930555,0.8802354600694444,0.11417643229166667,1.0,0.5929555713946305,0.00020034057898427325,0.9997996594210157
polyp,client4,Domain4,block,cju784jpdzeae0987q5ypq883.h5,147456,10357,133150,16076,0.07023790147569445,0.9029812282986112,0.10902235243055555,1.0,0.6442523015675541,0.028193492324032055,0.971806507675968
polyp,client4,Domain4,block,cju785htizjzo08017tvlhtg4.h5,147456,9544,131917,15098,0.0647243923611111,0.8946194118923612,0.1023898654513889,1.0,0.6321367068485892,0.0072296730930427495,0.9927703269069572
polyp,client4,Domain4,block,cju787jnjzjuj0871p94nck9g.h5,147456,12942,131349,18568,0.0877685546875,0.8907674153645834,0.1259223090277778,1.0,0.6970056010340371,0.01978055941894607,0.9802194405810539
polyp,client4,Domain4,block,cju7adqyj1jcx08712r1ro5gx.h5,147456,22161,102224,41088,0.15028889973958334,0.6932508680555556,0.2786458333333333,1.0,0.5393545560747663,0.0,1.0
polyp,client4,Domain4,block,cju7ae7bq1f820987toc8si1d.h5,147456,1904,137350,5386,0.012912326388888888,0.9314643012152778,0.03652615017361111,1.0,0.35350909766060157,0.0015756302521008404,0.9984243697478992
polyp,client4,Domain4,block,cju7aez2x1jtj0871ztezs3oi.h5,147456,1277,138438,4247,0.008660210503472222,0.9388427734375,0.028801812065972224,1.0,0.30068283494231224,0.0,1.0
polyp,client4,Domain4,block,cju7afqon1ip40850ue2308b6.h5,147456,3320,135738,6973,0.022515190972222224,0.9205322265625,0.04728868272569445,1.0,0.47612218557292413,0.007530120481927711,0.9924698795180723
polyp,client4,Domain4,block,cju7agj961l2r0818z29iq8yn.h5,147456,5456,135076,9568,0.03700086805555555,0.9160427517361112,0.06488715277777778,1.0,0.5702341137123745,0.021994134897360705,0.9780058651026393
polyp,client4,Domain4,block,cju7ahtkb1jr90801jck4kbds.h5,147456,13485,131082,19251,0.09145100911458333,0.8889567057291666,0.13055419921875,1.0,0.7004830917874396,0.024100852799406748,0.9758991472005932
polyp,client4,Domain4,block,cju7aifyo1p3n07552nxjx51f.h5,147456,4669,135520,8627,0.03166368272569445,0.9190538194444444,0.05850558810763889,1.0,0.5412078358641474,0.012208181623473978,0.9877918183765261
polyp,client4,Domain4,block,cju7aklv31h4309871m29l4e7.h5,147456,9915,131760,15019,0.06724039713541667,0.8935546875,0.10185411241319445,1.0,0.6601637925294627,0.008472012102874432,0.9915279878971256
polyp,client4,Domain4,block,cju7alcgr1lsr0871riqk84z7.h5,147456,8515,131740,14391,0.057746039496527776,0.8934190538194444,0.09759521484375,1.0,0.5916892502258356,0.0037580739870816207,0.9962419260129184
polyp,client4,Domain4,block,cju7amjna1ly40871ugiokehb.h5,147456,8890,115710,20870,0.06028917100694445,0.7847086588541666,0.1415337456597222,1.0,0.42597029228557737,0.005736782902137233,0.9942632170978628
polyp,client4,Domain4,block,cju7ap09p1kz10850ldccjebj.h5,147456,3762,136172,7237,0.0255126953125,0.9234754774305556,0.049079047309027776,1.0,0.5198286582838193,0.01621477937267411,0.9837852206273259
polyp,client4,Domain4,block,cju7apr0c1qqm0755s7msqot4.h5,147456,8818,117778,19484,0.05980088975694445,0.7987331814236112,0.1321343315972222,1.0,0.45257647300349,0.0052166024041732815,0.9947833975958267
polyp,client4,Domain4,block,cju7aqkue1i2k09879uzcpt8r.h5,147456,5489,136399,8859,0.037224663628472224,0.9250149197048612,0.060078938802083336,1.0,0.6195958911841065,0.009837857533248315,0.9901621424667517
polyp,client4,Domain4,block,cju7arvfe1ldu0850erdmphgj.h5,147456,14490,126716,22395,0.0982666015625,0.8593478732638888,0.15187581380208334,1.0,0.6470194239785666,0.0055900621118012426,0.9944099378881988
polyp,client4,Domain4,block,cju7atnm31if40817pqclnjer.h5,147456,15076,124817,23913,0.10224066840277778,0.8464694552951388,0.16217041015625,1.0,0.6304520553673734,0.06009551605200318,0.9399044839479969
polyp,client4,Domain4,block,cju7avvi51iox0817ym55y6tt.h5,147456,45624,81995,76254,0.3094075520833333,0.5560641818576388,0.5171305338541666,1.0,0.5983161539066804,0.0035507627564439767,0.996449237243556
polyp,client4,Domain4,block,cju7azuu31mia0801pf9ib5ed.h5,147456,5696,133883,10294,0.038628472222222224,0.9079522026909722,0.06981065538194445,1.0,0.5533320380804352,0.01035814606741573,0.9896418539325843
polyp,client4,Domain4,block,cju7b10ce1mnm08011c5bwyr4.h5,147456,17529,126169,25081,0.11887613932291667,0.8556382921006944,0.17009141710069445,1.0,0.6988955783262231,0.0031947059159107764,0.9968052940840892
polyp,client4,Domain4,block,cju7b1ygu1msd0801hywhy0mc.h5,147456,15867,127587,22153,0.10760498046875,0.8652547200520834,0.1502346462673611,1.0,0.716246106622128,0.018150879183210438,0.9818491208167895
polyp,client4,Domain4,block,cju7b2l561oas0871decgslaf.h5,147456,7141,132116,12912,0.04842800564236111,0.8959689670138888,0.08756510416666667,1.0,0.5530514250309789,0.0005601456378658452,0.9994398543621341
polyp,client4,Domain4,block,cju7b3f5h1sm40755i572jden.h5,147456,13986,129365,21648,0.0948486328125,0.8773125542534722,0.14680989583333334,1.0,0.6460643015521065,0.0341055341055341,0.9658944658944659
polyp,client4,Domain4,block,cju7b4mtw1n9n080186209f3d.h5,147456,2412,136499,6263,0.016357421875,0.9256930881076388,0.042473687065972224,1.0,0.38511895257863643,0.007877280265339967,0.99212271973466
polyp,client4,Domain4,block,cju7b5afm1nfw0801xqm8bf8q.h5,147456,4192,135377,8335,0.028428819444444444,0.9180840386284722,0.056525336371527776,1.0,0.5029394121175765,0.01741412213740458,0.9825858778625954
polyp,client4,Domain4,block,cju7b9vcs1luz0987ta60j1dy.h5,147456,13358,130373,19271,0.09058973524305555,0.8841484917534722,0.13068983289930555,1.0,0.693165896943594,0.010405749363677197,0.9895942506363228
polyp,client4,Domain4,block,cju7bb3ss1uoo0755pmhyco7t.h5,147456,16157,126008,24950,0.10957166883680555,0.8545464409722222,0.16920301649305555,1.0,0.6475751503006012,0.007860370118215014,0.992139629881785
polyp,client4,Domain4,block,cju7bc95p1mdm0817yqj5jc6j.h5,147456,7890,132466,12856,0.053507486979166664,0.8983425564236112,0.0871853298611111,1.0,0.6137212196639701,0.019518377693282636,0.9804816223067173
polyp,client4,Domain4,block,cju7bduyq1rjf08719giru9ho.h5,147456,11714,130807,17657,0.0794406467013889,0.8870917426215278,0.11974419487847222,1.0,0.6634196069547488,0.011951511012463719,0.9880484889875363
polyp,client4,Domain4,block,cju7bf1lp1shi081835vs84lc.h5,147456,34344,102299,53488,0.23291015625,0.6937594943576388,0.3627387152777778,1.0,0.6420879449596171,0.02215816445376194,0.977841835546238
polyp,client4,Domain4,block,cju7bfx651qr80801cs7epotb.h5,147456,11310,111473,27079,0.07670084635416667,0.7559746636284722,0.18364122178819445,1.0,0.4176668266922708,0.003006189213085765,0.9969938107869142
polyp,client4,Domain4,block,cju7bmi1v1pnj0987pa52jjok.h5,147456,5955,115051,19857,0.040384928385416664,0.7802395290798612,0.13466389973958334,1.0,0.2998942438434809,0.0,1.0
polyp,client4,Domain4,block,cju7cl8zm1xcu0817ado0jpas.h5,147456,25733,93704,49545,0.17451307508680555,0.6354709201388888,0.33599853515625,1.0,0.5193864163891412,3.886060700268138e-05,0.9999611393929974
polyp,client4,Domain4,block,cju7cp6dw244p0818gncdol4m.h5,147456,2540,138202,5294,0.017225477430555556,0.9372422960069444,0.03590223524305555,1.0,0.4797884397431054,0.02874015748031496,0.971259842519685
polyp,client4,Domain4,block,cju7cq6su27qv075574dir0r3.h5,147456,10757,126527,19254,0.07295057508680555,0.8580661349826388,0.13057454427083334,1.0,0.558689103562896,0.007065166868085898,0.9929348331319141
polyp,client4,Domain4,block,cju7csvlb22fr0850lvm45n3x.h5,147456,28212,109981,43329,0.19132486979166666,0.7458563910590278,0.2938435872395833,1.0,0.6511112649726511,0.022614490287820786,0.9773855097121792
polyp,client4,Domain4,block,cju7ctvqn25dy08186g442m1r.h5,147456,11897,124273,20373,0.08068169487847222,0.8427802191840278,0.13816324869791666,1.0,0.583959161635498,0.008237370765739263,0.9917626292342607
polyp,client4,Domain4,block,cju7cue9b232j0801qdzk1ykj.h5,147456,7232,132772,12764,0.04904513888888889,0.9004177517361112,0.08656141493055555,1.0,0.566593544343466,0.017146017699115043,0.9828539823008849
polyp,client4,Domain4,block,cju7cufm7298k0755j09uf3of.h5,147456,10993,130312,17410,0.0745510525173611,0.8837348090277778,0.1180691189236111,1.0,0.6314187248707639,0.004093514054398254,0.9959064859456017
polyp,client4,Domain4,block,cju7d1tvt25bu08019dvw3uff.h5,147456,24761,109530,40984,0.16792127821180555,0.7427978515625,0.2779405381944444,1.0,0.6041626000390397,0.036307095836194014,0.9636929041638059
polyp,client4,Domain4,block,cju7d2q1k27nf08715zshsckt.h5,147456,12567,103557,32247,0.08522542317708333,0.7022908528645834,0.21868896484375,1.0,0.3897106707600707,0.0,1.0
polyp,client4,Domain4,block,cju7d3oc82cho0755dajlwldz.h5,147456,11893,112161,25364,0.0806545681423611,0.7606404622395834,0.17201063368055555,1.0,0.46889291909793407,0.0010930799630034474,0.9989069200369965
polyp,client4,Domain4,block,cju7d4jk723eu0817bqz2n39m.h5,147456,7664,117514,18503,0.05197482638888889,0.7969428168402778,0.1254814995659722,1.0,0.4142031021996433,0.004958246346555324,0.9950417536534447
polyp,client4,Domain4,block,cju7d5m0p23kn09871rk7pu3v.h5,147456,32173,94581,56036,0.21818712022569445,0.64141845703125,0.3800184461805556,1.0,0.5741487615104576,0.007863736673608306,0.9921362633263917
polyp,client4,Domain4,block,cju7d6ux323ze0987xos3srkx.h5,147456,30099,94373,55084,0.20412190755208334,0.6400078667534722,0.3735622829861111,1.0,0.5464200130709462,0.001993421708362404,0.9980065782916376
polyp,client4,Domain4,block,cju7d7aut2a2p0818z4uxc6cd.h5,147456,553,140533,2483,0.003750271267361111,0.9530504014756944,0.016838921440972224,1.0,0.22271445831655257,0.0,1.0
polyp,client4,Domain4,block,cju7d7tly27h408016fyp5nr7.h5,147456,9779,112979,23001,0.0663180881076389,0.7661878797743056,0.15598551432291666,1.0,0.4251554280248685,0.0,1.0
polyp,client4,Domain4,block,cju7d8m3b2e210755l8fj1yph.h5,147456,17238,101850,39863,0.11690266927083333,0.6907145182291666,0.2703382703993056,1.0,0.432431076436796,0.005511080171713656,0.9944889198282864
polyp,client4,Domain4,block,cju7d9seq29zd0871nzl2uu5m.h5,147456,14795,103672,33244,0.10033501519097222,0.7030707465277778,0.22545030381944445,1.0,0.44504271447479243,0.002500844880027036,0.997499155119973
polyp,client4,Domain4,block,cju7db7lp2f400755tntd1ohf.h5,147456,20105,108303,38897,0.1363457573784722,0.7344767252604166,0.2637871636284722,1.0,0.5168779083219786,0.02586421288236757,0.9741357871176324
polyp,client4,Domain4,block,cju7dbppn28nx085097654msi.h5,147456,24092,100839,43552,0.1633843315972222,0.6838582356770834,0.2953559027777778,1.0,0.5531778104335048,0.0,1.0
polyp,client4,Domain4,block,cju7dda8w2br20818zhsuz8s7.h5,147456,32313,98306,54111,0.21913655598958334,0.6666802300347222,0.3669637044270833,1.0,0.5971613904751344,0.011110079534552657,0.9888899204654473
polyp,client4,Domain4,block,cju7deifq2fzn0755lc8idyh8.h5,147456,6276,132565,11519,0.042561848958333336,0.8990139431423612,0.07811821831597222,1.0,0.5448389617154267,0.008922880815806247,0.9910771191841937
polyp,client4,Domain4,block,cju7dff9529h208503w60lbil.h5,147456,50089,91791,75435,0.3396877712673611,0.62249755859375,0.5115763346354166,1.0,0.6640021210313515,0.012996865579268902,0.9870031344207311
polyp,client4,Domain4,block,cju7dglf226g50987ohbthl19.h5,147456,12513,121268,24880,0.08485921223958333,0.8224012586805556,0.1687282986111111,1.0,0.5029340836012862,0.00255734036601934,0.9974426596339807
polyp,client4,Domain4,block,cju7dhpsc2dnn0818025m6857.h5,147456,50981,101933,72475,0.3457370334201389,0.6912773980034722,0.4915025499131944,1.0,0.7034287685408762,0.021870893077813303,0.9781291069221867
polyp,client4,Domain4,block,cju7dizi82h2i0755doucgnt3.h5,147456,5803,132805,11110,0.03935411241319445,0.9006415473090278,0.0753445095486111,1.0,0.5223222322232223,0.01395829743236257,0.9860417025676375
polyp,client4,Domain4,block,cju7dlk532dsh0871zvr6qz0r.h5,147456,14659,112674,27286,0.09941270616319445,0.7641194661458334,0.18504503038194445,1.0,0.5372352121967309,0.0,1.0
polyp,client4,Domain4,block,cju7dmlgf2ebw0871ieqas5fh.h5,147456,5132,123617,12819,0.03480360243055555,0.8383314344618056,0.08693440755208333,1.0,0.4003432405023793,0.018706157443491817,0.9812938425565082
polyp,client4,Domain4,block,cju7dn24o296i09871qfxb8s2.h5,147456,8019,115510,21848,0.05438232421875,0.7833523220486112,0.1481662326388889,1.0,0.36703588429146833,0.0,1.0
polyp,client4,Domain4,block,cju7dp3dw2k4n0755zhe003ad.h5,147456,4806,133808,9608,0.0325927734375,0.9074435763888888,0.0651584201388889,1.0,0.5002081598667777,0.0070744902205576365,0.9929255097794424
polyp,client4,Domain4,block,cju7dqcwi2dz00850gcmr2ert.h5,147456,4023,135763,8034,0.02728271484375,0.9207017686631944,0.054484049479166664,1.0,0.5007468259895445,0.00571712652249565,0.9942828734775043
polyp,client4,Domain4,block,cju7druhp2gp308715i6km7be.h5,147456,19578,87470,47445,0.13277180989583334,0.5931939019097222,0.3217569986979167,1.0,0.41264622194119505,0.0064868730207375625,0.9935131269792624
polyp,client4,Domain4,block,cju7dsrtb2f8i085064kwugfk.h5,147456,7065,132229,12316,0.04791259765625,0.8967352973090278,0.0835232204861111,1.0,0.5736440402728159,0.036376503892427456,0.9636234961075726
polyp,client4,Domain4,block,cju7dtb1e2j0t0818deq51ib3.h5,147456,12231,118979,23774,0.08294677734375,0.8068779839409722,0.1612277560763889,1.0,0.5144695886262304,0.0020439865914479603,0.997956013408552
polyp,client4,Domain4,block,cju7dubap2g0w0801fgl42mg9.h5,147456,16666,99339,37271,0.11302354600694445,0.6736857096354166,0.2527601453993056,1.0,0.44715730728985004,0.0016200648025921037,0.9983799351974079
polyp,client4,Domain4,block,cju7dvl5m2n4t0755hlnnjjet.h5,147456,1169,138730,4069,0.007927788628472222,0.9408230251736112,0.027594672309027776,1.0,0.2872941754730892,0.0,1.0
polyp,client4,Domain4,block,cju7dwe282dc309876rco45ts.h5,147456,24662,96822,46896,0.16724989149305555,0.6566162109375,0.3180338541666667,1.0,0.5258870692596384,0.006203876409050361,0.9937961235909496
polyp,client4,Domain4,block,cju7dxffn2eam0817qxosfwch.h5,147456,11681,111020,25658,0.07921685112847222,0.7529025607638888,0.1740044487847222,1.0,0.4552576194559202,0.021059840767057615,0.9789401592329424
polyp,client4,Domain4,block,cju7dz5yy2i7z0801ausi7rna.h5,147456,1505,138868,4247,0.010206434461805556,0.9417588975694444,0.028801812065972224,1.0,0.35436778902754884,0.0,1.0
polyp,client4,Domain4,block,cju7ea4om2l910801bohqjccy.h5,147456,4562,135188,8280,0.030938042534722224,0.9168023003472222,0.05615234375,1.0,0.5509661835748793,0.004164839982463832,0.9958351600175361
polyp,client4,Domain4,block,cju7ebe962hr409872ovibahw.h5,147456,32449,93037,64395,0.2200588650173611,0.6309475368923612,0.43670654296875,1.0,0.5039055827315786,0.006101882954790594,0.9938981170452094
polyp,client4,Domain4,block,cju7eea9b2m0z0801ynqv1fqu.h5,147456,4190,111264,16718,0.028415256076388888,0.7545572916666666,0.1133761935763889,1.0,0.2506280655580811,0.06348448687350836,0.9365155131264916
polyp,client4,Domain4,block,cju7efffp2ivf0817etg3jehl.h5,147456,41990,96369,64177,0.2847629123263889,0.6535441080729166,0.4352281358506944,1.0,0.6542842451345497,0.004000952607763753,0.9959990473922362
polyp,client4,Domain4,block,cju7ehljc2or70871261br8ai.h5,147456,57357,101871,80308,0.38897705078125,0.69085693359375,0.5446234809027778,1.0,0.7142127807939433,0.02310092926756978,0.9768990707324302
polyp,client4,Domain4,block,cju7ejm2l2ncl0801wq6y84nw.h5,147456,3856,134144,10027,0.026150173611111112,0.9097222222222222,0.06799994574652778,1.0,0.3845616834546724,0.01737551867219917,0.9826244813278008
polyp,client4,Domain4,block,cju7ekbo32pft0871fv7kzwb9.h5,147456,1238,138251,4485,0.008395724826388888,0.9375745985243056,0.030415852864583332,1.0,0.27603121516164997,0.004038772213247173,0.9959612277867528
polyp,client4,Domain4,block,cju7el6xv2k520817qxx9wdr5.h5,147456,17394,102558,37139,0.11796061197916667,0.6955159505208334,0.2518649631076389,1.0,0.46834863620452893,0.0,1.0
polyp,client4,Domain4,block,cju7emdni2py40871ivhxjtut.h5,147456,34012,100927,52187,0.2306586371527778,0.6844550238715278,0.3539157443576389,1.0,0.6517331902581103,0.012260378689874162,0.9877396213101258
polyp,client4,Domain4,block,cju7eotqi2qea0871y8yc7tqh.h5,147456,69788,87199,96032,0.4732801649305556,0.5913560655381944,0.6512586805555556,1.0,0.7267160946351217,0.025004298733306587,0.9749957012666934
polyp,client4,Domain4,block,cju7epwj82koz098713apjnzo.h5,147456,5450,133726,10476,0.03696017795138889,0.9068874782986112,0.071044921875,1.0,0.5202367315769377,0.0022018348623853213,0.9977981651376147
polyp,client4,Domain4,block,cju7er4kc2opa0801anuxc0eb.h5,147456,9188,109800,25515,0.062310112847222224,0.74462890625,0.17303466796875,1.0,0.3601019008426416,0.0,1.0
polyp,client4,Domain4,block,cju7es23b2vcp0755gpbm9s7v.h5,147456,39191,107423,55019,0.2657809787326389,0.7285088433159722,0.3731214735243056,1.0,0.7123175630236828,0.022403102753183128,0.9775968972468169
polyp,client4,Domain4,block,cju7et17a2vjk0755e743npl1.h5,147456,1855,132699,5939,0.012580023871527778,0.8999226888020834,0.040276421440972224,1.0,0.31234214514227987,0.14878706199460917,0.8512129380053909
polyp,client4,Domain4,block,cju7etr3y2p4t0801cdzjj8ab.h5,147456,7009,132962,11869,0.04753282335069445,0.9017062717013888,0.08049180772569445,1.0,0.5905299519757351,0.007704380082750749,0.9922956199172492
polyp,client4,Domain4,block,cju7eueum2oqn0850rodmx8zo.h5,147456,6751,132492,12444,0.045783148871527776,0.8985188802083334,0.08439127604166667,1.0,0.5425104468016715,0.010368834246778254,0.9896311657532217
polyp,client4,Domain4,block,cju7ev2b12owa08500bpfpwyw.h5,147456,12645,111140,28241,0.08575439453125,0.7537163628472222,0.1915215386284722,1.0,0.4477532665273893,0.016844602609727165,0.9831553973902728
polyp,client4,Domain4,block,cju7evxt12m730987rxivne3x.h5,147456,38587,102869,55827,0.2616848415798611,0.6976250542534722,0.37860107421875,1.0,0.6911888512726817,0.014072096820172597,0.9859279031798274
polyp,client4,Domain4,block,cju7ey10f2rvf0871bwbi9x82.h5,147456,4849,135435,8703,0.03288438585069445,0.9184773763020834,0.05902099609375,1.0,0.5571641962541652,0.012992369560734173,0.9870076304392659
polyp,client4,Domain4,block,cju7ez7r22qbc08015xfoz2wb.h5,147456,29172,104425,48542,0.19783528645833334,0.7081773546006944,0.3291965060763889,1.0,0.6009641135511515,0.015939942410530646,0.9840600575894694
polyp,client4,Domain4,block,cju7ezs7g2mxm098787atbran.h5,147456,3382,136674,6928,0.022935655381944444,0.9268798828125,0.04698350694444445,1.0,0.48816397228637415,0.013010053222945003,0.986989946777055
polyp,client4,Domain4,block,cju7f0ec32txj08184asb8w5f.h5,147456,5759,135158,9831,0.039055718315972224,0.9165988498263888,0.06667073567708333,1.0,0.5858000203438104,0.01944782080222261,0.9805521791977774
polyp,client4,Domain4,block,cju7f4sc62xqj075597xpmuoy.h5,147456,8543,116241,20602,0.05793592664930555,0.7883097330729166,0.1397162543402778,1.0,0.41466847878846713,0.0005852744937375629,0.9994147255062624
polyp,client4,Domain4,block,cju7f5ghb2r5s0801chwkxxh9.h5,147456,24643,100725,43919,0.1671210394965278,0.6830851236979166,0.2978447808159722,1.0,0.5611011179671669,0.0,1.0
polyp,client4,Domain4,block,cju7f6cqy2ur20818t1saazbm.h5,147456,12146,128870,18718,0.0823703342013889,0.8739556206597222,0.12693956163194445,1.0,0.6488941126188695,0.014078709040013173,0.9859212909599868
polyp,client4,Domain4,block,cju7f900s2o0k08175gl1giid.h5,147456,12628,113508,27138,0.08563910590277778,0.769775390625,0.18404134114583334,1.0,0.4653253740142973,0.008077288565093443,0.9919227114349065
polyp,client4,Domain4,block,cju7f9umg2olj0987fj5y285w.h5,147456,7769,113021,21554,0.05268690321180555,0.7664727105034722,0.1461724175347222,1.0,0.3604435371624756,0.0,1.0
polyp,client4,Domain4,block,cju7fazv92ywx0755xov2erga.h5,147456,30858,105571,49264,0.20926920572916666,0.7159491644965278,0.3340928819444444,1.0,0.6263803182851575,0.016818977250631927,0.983181022749368
polyp,client4,Domain4,block,cju7fd6yt2p740987wkr8exo1.h5,147456,1609,138470,4543,0.010911729600694444,0.9390597873263888,0.030809190538194444,1.0,0.35417125247633724,0.0037290242386575512,0.9962709757613425
polyp,client4,Domain4,block,cju7fen322ou10817ziqkob4k.h5,147456,8585,119953,17452,0.058220757378472224,0.8134833441840278,0.11835394965277778,1.0,0.4919206967682787,0.016307513104251603,0.9836924868957484
polyp,client4,Domain4,block,cju7ff97z2ow40817u2r83my5.h5,147456,1043,138334,4211,0.007073296440972222,0.9381374782986112,0.028557671440972224,1.0,0.24768463547850866,0.0,1.0
polyp,client4,Domain4,block,cju7flevb2wii08188otgs9p2.h5,147456,70922,90671,97283,0.4809705946180556,0.6149020724826388,0.6597425672743056,1.0,0.7290276821232898,0.01051859789628042,0.9894814021037196
polyp,client4,Domain4,block,cju7fmvpk2q170987v6i3ola8.h5,147456,13600,111581,27087,0.09223090277777778,0.7567070855034722,0.18369547526041666,1.0,0.5020858714512497,0.005294117647058823,0.9947058823529412
polyp,client4,Domain4,block,cju7fnfv02tt90801djnix9m8.h5,147456,704,140336,2798,0.004774305555555556,0.9517144097222222,0.018975151909722224,1.0,0.2516082916368835,0.008522727272727272,0.9914772727272727
polyp,client4,Domain4,block,cju7fob3x301u0755x985pmmq.h5,147456,4664,115420,17424,0.03162977430555555,0.7827419704861112,0.1181640625,1.0,0.2676767676767677,0.0,1.0
polyp,client4,Domain4,block,cju7fq7mm2pw508176uk5ugtx.h5,147456,24904,106022,44425,0.1688910590277778,0.7190077039930556,0.3012763129340278,1.0,0.5605852560495217,0.0,1.0
polyp,client4,Domain4,block,cju7frtqu2xa20818wq8r9fzf.h5,147456,16217,120292,26220,0.10997856987847222,0.8157823350694444,0.17781575520833334,1.0,0.6184973302822273,0.07337978664364556,0.9266202133563545
polyp,client4,Domain4,block,cju7g7ba42z310987bqzbi2bq.h5,147456,33923,104662,54219,0.23005506727430555,0.7097846137152778,0.3676961263020833,1.0,0.6256662793485679,0.02464404681189753,0.9753559531881024
polyp,client4,Domain4,block,cju83h9ysjwe808716nt35oah.h5,147456,2550,135670,6874,0.017293294270833332,0.9200710720486112,0.04661729600694445,1.0,0.3709630491707885,0.014509803921568627,0.9854901960784314
polyp,client4,Domain4,block,cju83ipu3jwpx0801z5pvguf8.h5,147456,462,136978,4476,0.0031331380208333335,0.9289415147569444,0.030354817708333332,1.0,0.1032171581769437,0.0,1.0
polyp,client4,Domain4,block,cju83k8fyjsxr0817d6nxs6r4.h5,147456,8387,127954,16319,0.056877983940972224,0.8677435980902778,0.11067030164930555,1.0,0.5139408051963968,0.0033385000596160724,0.9966614999403839
polyp,client4,Domain4,block,cju83kxitjv340987z09m0ezy.h5,147456,1841,136355,5934,0.012485080295138888,0.9247165256076388,0.040242513020833336,1.0,0.3102460397708123,0.0,1.0
polyp,client4,Domain4,block,cju83mki1jv5w0817kubxm31r.h5,147456,22572,113645,39154,0.153076171875,0.7707044813368056,0.2655300564236111,1.0,0.5764928232109108,0.044391281233386495,0.9556087187666135
polyp,client4,Domain4,block,cju83nwu1jxte0987h1krpfmv.h5,147456,8030,131632,13881,0.05445692274305555,0.8926866319444444,0.09413655598958333,1.0,0.5784885815143002,0.0,1.0
polyp,client4,Domain4,block,cju83qd0yjyht0817ktkfl268.h5,147456,35939,94467,61912,0.24372694227430555,0.6406453450520834,0.4198676215277778,1.0,0.5804852048068226,0.013912462784162052,0.986087537215838
polyp,client4,Domain4,block,cju83rcnzkbsj0755x5anfrcg.h5,147456,7817,132062,13540,0.05301242404513889,0.8956027560763888,0.0918240017361111,1.0,0.5773264401772525,0.0061404630932582836,0.9938595369067417
polyp,client4,Domain4,block,cju83syhdk6gs0801rf1rekdl.h5,147456,8257,132324,13564,0.05599636501736111,0.8973795572916666,0.09198676215277778,1.0,0.6087437334119729,0.00956763957853942,0.9904323604214605
polyp,client4,Domain4,block,cju83u9ftk3ni0987qnhlcinv.h5,147456,36582,125909,44879,0.24808756510416666,0.8538750542534722,0.3043551974826389,1.0,0.8151251141959491,0.032830353725876116,0.9671696462741239
polyp,client4,Domain4,block,cju83vvmik9wa08710yeh7cuk.h5,147456,5997,133933,10588,0.040669759114583336,0.9082912868923612,0.0718044704861111,1.0,0.5663959199093314,0.0033350008337502085,0.9966649991662498
polyp,client4,Domain4,block,cju83wwn1k55e0850kw6i2d81.h5,147456,5623,133785,10334,0.03813340928819445,0.90728759765625,0.07008192274305555,1.0,0.5441261854073931,0.0,1.0
polyp,client4,Domain4,block,cju83yddek68q0850d2x7zfkm.h5,147456,18853,126552,26174,0.12785508897569445,0.8582356770833334,0.17750379774305555,1.0,0.7202949491862153,0.0047207341006736325,0.9952792658993264
polyp,client4,Domain4,block,cju8402x1kcy70801t6kz6bdi.h5,147456,17391,126982,24976,0.11794026692708333,0.8611518012152778,0.1693793402777778,1.0,0.6963084561178732,0.009947674084296474,0.9900523259157036
polyp,client4,Domain4,block,cju8418jhkf7d0818ga2v0xq0.h5,147456,40113,98802,60936,0.27203369140625,0.6700439453125,0.4132486979166667,1.0,0.6582808192201655,0.0039638022586194,0.9960361977413806
polyp,client4,Domain4,block,cju8432cmkgq90871cxe4iptl.h5,147456,21514,96679,44309,0.1459011501736111,0.6556464301215278,0.3004896375868056,1.0,0.4855446974655262,0.00023240680487124663,0.9997675931951288
polyp,client4,Domain4,block,cju843yjskhq30818qre4rwm2.h5,147456,5231,135524,8038,0.03547498914930555,0.9190809461805556,0.054511176215277776,1.0,0.65078377705897,0.08392276811317148,0.9160772318868285
polyp,client4,Domain4,block,cju846ec0kj7z08012o10klrb.h5,147456,9501,133009,14529,0.06443277994791667,0.9020250108506944,0.09853108723958333,1.0,0.6539335122857732,0.022102936532996525,0.9778970634670034
polyp,client4,Domain4,block,cju847pxykriq0755268ktrk2.h5,147456,19842,118283,31338,0.13456217447916666,0.8021579318576388,0.2125244140625,1.0,0.633161018571702,0.004888620098780365,0.9951113799012197
polyp,client4,Domain4,block,cju849c23kgnk0817cgv2hw1e.h5,147456,6636,132569,11857,0.045003255208333336,0.8990410698784722,0.0804104275173611,1.0,0.5596693936071518,0.0006027727546714888,0.9993972272453285
polyp,client4,Domain4,block,cju84aoa3ktwn0755pfl4gfwd.h5,147456,27261,104610,50575,0.18487548828125,0.7094319661458334,0.3429836697048611,1.0,0.539021255561048,0.018267855177726423,0.9817321448222736
polyp,client4,Domain4,block,cju84dsvaklpx098750hp83x4.h5,147456,31647,90518,56308,0.21461995442708334,0.6138644748263888,0.3818630642361111,1.0,0.5620338140228742,0.011027901538850443,0.9889720984611495
polyp,client4,Domain4,block,cju84ffdzkrjn08183jh1fxmb.h5,147456,6599,133664,11330,0.04475233289930555,0.9064670138888888,0.07683648003472222,1.0,0.5824360105913504,0.01091074405212911,0.9890892559478709
polyp,client4,Domain4,block,cju84gpefknwm098714oq8q61.h5,147456,12324,128253,19424,0.08357747395833333,0.8697713216145834,0.13172743055555555,1.0,0.6344728171334432,0.0016228497241155468,0.9983771502758845
polyp,client4,Domain4,block,cju84ih17kp5l09876bkooocl.h5,147456,11295,131336,16233,0.07659912109375,0.8906792534722222,0.11008707682291667,1.0,0.6958048419885419,0.020274457724656927,0.979725542275343
polyp,client4,Domain4,block,cju84jdl9kv0i0871eog9b3i9.h5,147456,21734,122509,31769,0.1473931206597222,0.8308173285590278,0.2154473198784722,1.0,0.6841260348138122,0.0005981411613140701,0.9994018588386859
polyp,client4,Domain4,block,cju84kplnl1y30755ropua1b0.h5,147456,48156,95008,72015,0.3265787760416667,0.6443142361111112,0.4883829752604167,1.0,0.6686940220787336,0.006416645900822328,0.9935833540991776
polyp,client4,Domain4,block,cju8567gdlcbq0801dwwyo2jt.h5,147456,26932,108652,44334,0.1826443142361111,0.7368435329861112,0.3006591796875,1.0,0.6074795867731312,0.02992722412000594,0.9700727758799941
polyp,client4,Domain4,block,cju857ad0l88m0817qx4cwxnf.h5,147456,12554,129545,18688,0.08513726128472222,0.8785332573784722,0.1267361111111111,1.0,0.6717679794520548,0.018241198024534014,0.981758801975466
polyp,client4,Domain4,block,cju858eswlepn0871pzvdrhj1.h5,147456,25529,128985,33328,0.1731296115451389,0.8747355143229166,0.2260199652777778,1.0,0.7659925588094095,0.02655803204199146,0.9734419679580085
polyp,client4,Domain4,block,cju85a8h8llwm07559wxg4t5w.h5,147456,4763,135373,8644,0.03230116102430555,0.9180569118923612,0.05862087673611111,1.0,0.5510180472003702,0.052487927776611376,0.9475120722233886
polyp,client4,Domain4,block,cju85bf1algsq0871y9gtlq97.h5,147456,6226,130736,12494,0.04222276475694445,0.8866102430555556,0.08473036024305555,1.0,0.4983191932127421,0.032444587214905236,0.9675554127850947
polyp,client4,Domain4,block,cju85c2d4ln1b0755zz1z3onx.h5,147456,1108,142277,1961,0.007514105902777778,0.9648776584201388,0.013298882378472222,1.0,0.565017848036716,0.07942238267148015,0.9205776173285198
polyp,client4,Domain4,block,cju85citjlnfm0755i4rk5tqj.h5,147456,973,139510,3447,0.006598578559027778,0.9461127387152778,0.02337646484375,1.0,0.28227444154337106,0.006166495375128468,0.9938335046248715
polyp,client4,Domain4,block,cju85dx63lic408017f0l0400.h5,147456,1049,138021,4532,0.007113986545138889,0.9360148111979166,0.030734592013888888,1.0,0.23146513680494263,0.0,1.0
polyp,client4,Domain4,block,cju85fc11ljr40818edpb0inh.h5,147456,26269,104062,46961,0.17814805772569445,0.7057156032986112,0.3184746636284722,1.0,0.5593790592193523,0.009631124138718642,0.9903688758612813
polyp,client4,Domain4,block,cju85hguellg50818kwu3s8d1.h5,147456,40649,110721,58909,0.2756686740451389,0.7508748372395834,0.3995022243923611,1.0,0.6900303858493608,0.019557676695613667,0.9804423233043863
polyp,client4,Domain4,block,cju85ia1slh220987y7c20sm2.h5,147456,5854,133960,10805,0.03969997829861111,0.9084743923611112,0.0732760959201389,1.0,0.5417862100879223,0.007857874957294158,0.9921421250427058
polyp,client4,Domain4,block,cju85je7vlht70817c9jcjwi4.h5,147456,32119,102416,52809,0.21782090928819445,0.6945529513888888,0.3581339518229167,1.0,0.6082107216572933,0.015629378249634174,0.9843706217503658
polyp,client4,Domain4,block,cju85l4yjlops0801fvmnwptf.h5,147456,29368,98188,51578,0.1991644965277778,0.6658799913194444,0.3497856987847222,1.0,0.5693900500213269,0.010419504222282756,0.9895804957777172
polyp,client4,Domain4,block,cju85mpuglq8k0818d2it6hzb.h5,147456,13725,113824,26539,0.09307861328125,0.7719184027777778,0.17997911241319445,1.0,0.5171634198726403,0.007577413479052823,0.9924225865209472
polyp,client4,Domain4,block,cju85nr8elly209872w9n5m0s.h5,147456,4672,135087,8977,0.031684027777777776,0.9161173502604166,0.06087917751736111,1.0,0.520441127325387,0.0014982876712328766,0.9985017123287672
polyp,client4,Domain4,block,cju85omszllp30850b6rm9mi3.h5,147456,12216,132975,18064,0.08284505208333333,0.90179443359375,0.12250434027777778,1.0,0.6762621789193977,0.03077930582842174,0.9692206941715783
polyp,client4,Domain4,block,cju85plp7lmkw0850rx42jdpf.h5,147456,28706,109241,45188,0.1946750217013889,0.7408379448784722,0.3064507378472222,1.0,0.6352571479153758,0.014108548735456002,0.985891451264544
polyp,client4,Domain4,block,cju85qefyln6v0850szeb9byi.h5,147456,38560,109593,56597,0.2615017361111111,0.74322509765625,0.3838229709201389,1.0,0.6813081965475202,0.02933091286307054,0.9706690871369295
polyp,client4,Domain4,block,cju85rkbnlo1c08503uxcpax1.h5,147456,18348,128787,25212,0.12443033854166667,0.8733927408854166,0.17097981770833334,1.0,0.7277486910994765,0.02343579681709178,0.9765642031829083
polyp,client4,Domain4,block,cju87kbcen2av0987usezo8kn.h5,147456,6618,133168,8955,0.044881184895833336,0.9031032986111112,0.06072998046875,1.0,0.7390284757118928,0.05998791175581747,0.9400120882441826
polyp,client4,Domain4,block,cju87li0zn3yb0817kbwgjiz8.h5,147456,68777,101061,93187,0.4664238823784722,0.68536376953125,0.6319647894965278,1.0,0.7380535911661498,0.025211916774503105,0.9747880832254969
polyp,client4,Domain4,block,cju87mrypnb1e0818scv1mxxg.h5,147456,2738,136966,6013,0.018568250868055556,0.9288601345486112,0.040778266059027776,1.0,0.4553467487111259,0.013513513513513514,0.9864864864864865
polyp,client4,Domain4,block,cju87nkyrnb970801q84m47yt.h5,147456,8708,132239,13491,0.05905490451388889,0.8968031141493056,0.09149169921875,1.0,0.6454673486027722,0.013780431786862656,0.9862195682131374
polyp,client4,Domain4,block,cju87ox0kncom0801b98hqnd2.h5,147456,5238,134565,9583,0.0355224609375,0.9125773111979166,0.06498887803819445,1.0,0.5465929249713033,0.009354715540282551,0.9906452844597174
polyp,client4,Domain4,block,cju87q6yoneim0871dl4phvkd.h5,147456,18835,99282,38074,0.12773301866319445,0.6732991536458334,0.2582058376736111,1.0,0.49469454220728054,0.011096363153703211,0.9889036368462968
polyp,client4,Domain4,block,cju87r56lnkyp0755hz30leew.h5,147456,27594,102105,45376,0.1871337890625,0.69244384765625,0.3077256944444444,1.0,0.6081188293370945,0.002210625498296731,0.9977893745017032
polyp,client4,Domain4,block,cju87tyddnnad0755bj0wxahe.h5,147456,38842,90480,66533,0.2634141710069444,0.6136067708333334,0.4512057834201389,1.0,0.5838005200426856,0.0007723598166932702,0.9992276401833067
polyp,client4,Domain4,block,cju87vqa0ndwg0850onjdz7ol.h5,147456,71665,94597,99245,0.4860093858506944,0.6415269639756944,0.6730482313368056,1.0,0.7221018691117941,0.01564222423777297,0.984357775762227
polyp,client4,Domain4,block,cju87xn2snfmv0987sc3d9xnq.h5,147456,14868,124245,24273,0.100830078125,0.84259033203125,0.16461181640625,1.0,0.6125324434556915,0.05273069679849341,0.9472693032015066
polyp,client4,Domain4,block,cju87z6o6nh73085045bzsx6o.h5,147456,10972,130481,17252,0.07440863715277778,0.8848809136284722,0.11699761284722222,1.0,0.6359842337120334,0.0063798760481224934,0.9936201239518775
polyp,client4,Domain4,block,cju87zv8lni0o0850hbbecbq6.h5,147456,1127,141987,2079,0.007642957899305556,0.9629109700520834,0.01409912109375,1.0,0.5420875420875421,0.07897071872227152,0.9210292812777284
polyp,client4,Domain4,block,cju8828oxnool0801qno9luhr.h5,147456,13611,110341,28083,0.09230550130208333,0.7482977973090278,0.19045003255208334,1.0,0.48467044119218033,0.011461318051575931,0.9885386819484241
polyp,client4,Domain4,block,cju884985nlmx0817vzpax3y4.h5,147456,1288,138563,2699,0.008734809027777778,0.9396904839409722,0.018303765190972224,1.0,0.47721378288254906,0.09239130434782608,0.907608695652174
polyp,client4,Domain4,block,cju885ikhnmkn09878s2lqtuh.h5,147456,9135,131887,14618,0.06195068359375,0.8944159613715278,0.09913465711805555,1.0,0.6249144889861814,0.020142309797482213,0.9798576902025178
polyp,client4,Domain4,block,cju886ryxnsl50801r93jai7q.h5,147456,13153,130102,18857,0.0891994900173611,0.8823106553819444,0.12788221571180555,1.0,0.6975128599459087,0.0026609898882384245,0.9973390101117616
polyp,client4,Domain4,block,cju887ftknop008177nnjt46y.h5,147456,2771,138156,5319,0.018792046440972224,0.9369303385416666,0.03607177734375,1.0,0.5209625869524347,0.07109346806207145,0.9289065319379285
polyp,client4,Domain4,block,cju888fr7nveu0818r9uwtiit.h5,147456,13584,129503,19364,0.09212239583333333,0.8782484266493056,0.1313205295138889,1.0,0.701507952902293,0.021275029446407537,0.9787249705535924
polyp,client4,Domain4,block,cju88aq6vo1ij0755c2ey7z7n.h5,147456,18139,106244,35303,0.1230129665798611,0.7205132378472222,0.2394137912326389,1.0,0.5138090247287765,0.0007166877997684547,0.9992833122002316
polyp,client4,Domain4,block,cju88evxanv9r08176zkeovec.h5,147456,11170,122489,21029,0.07575141059027778,0.8306816948784722,0.1426120334201389,1.0,0.5311712397165819,0.024888093106535364,0.9751119068934646
polyp,client4,Domain4,block,cju88fpm4o0tl0871w1i6a4ds.h5,147456,969,139370,3420,0.006571451822916667,0.9451633029513888,0.023193359375,1.0,0.2833333333333333,0.008255933952528379,0.9917440660474717
polyp,client4,Domain4,block,cju88gx09o2vk0818610zody3.h5,147456,5336,133450,10254,0.036187065972222224,0.9050157335069444,0.06953938802083333,1.0,0.520382289838112,0.005059970014992503,0.9949400299850075
polyp,client4,Domain4,block,cju88itqbny720987hxizbj5y.h5,147456,21376,121154,31384,0.1449652777777778,0.8216281467013888,0.2128363715277778,1.0,0.6811113943410655,0.011321107784431138,0.9886788922155688
polyp,client4,Domain4,block,cju88k75inzyb0850ccv5x3vk.h5,147456,27766,127326,35753,0.1883002387152778,0.8634847005208334,0.2424655490451389,1.0,0.7766061589237266,0.02074479579341641,0.9792552042065836
polyp,client4,Domain4,block,cju88l66no10s0850rsda7ej1.h5,147456,91886,100251,119754,0.6231418185763888,0.67987060546875,0.8121337890625,1.0,0.7672896103679209,0.01807674727379579,0.9819232527262042
polyp,client4,Domain4,block,cju88msmoo3470817m441j4sg.h5,147456,15590,127821,22516,0.10572645399305555,0.8668416341145834,0.15269639756944445,1.0,0.6923965180316219,0.01565105837075048,0.9843489416292496
polyp,client4,Domain4,block,cju88nroho44508500129f1nh.h5,147456,1258,139254,3786,0.008531358506944444,0.9443766276041666,0.025675455729166668,1.0,0.3322768092974115,0.003179650238473768,0.9968203497615262
polyp,client4,Domain4,block,cju88oh0po9gq0801nge4tgr1.h5,147456,2148,137390,5620,0.014567057291666666,0.9317355685763888,0.03811306423611111,1.0,0.3822064056939502,0.0004655493482309125,0.999534450651769
polyp,client4,Domain4,block,cju88q6h6obpd0871ckmiabbo.h5,147456,11246,127749,15340,0.0762668185763889,0.8663533528645834,0.1040310329861111,1.0,0.733116036505867,0.08696425395696247,0.9130357460430375
polyp,client4,Domain4,block,cju88rl5eo94l0850kf5wtrm1.h5,147456,23931,99286,44050,0.16229248046875,0.6733262803819444,0.2987331814236111,1.0,0.5432690124858116,0.007312690652292006,0.992687309347708
polyp,client4,Domain4,block,cju88trl3ogi208716qvti51b.h5,147456,3604,136563,7117,0.024441189236111112,0.9261271158854166,0.04826524522569445,1.0,0.5063931431783054,0.02025527192008879,0.9797447280799112
polyp,client4,Domain4,block,cju88v2f9oi8w0871hx9auh01.h5,147456,908,139710,3278,0.006157769097222222,0.9474690755208334,0.022230360243055556,1.0,0.2769981696156193,0.0022026431718061676,0.9977973568281938
polyp,client4,Domain4,block,cju88y1mwoln50871emyfny1g.h5,147456,31202,98510,52208,0.2116021050347222,0.6680636935763888,0.3540581597222222,1.0,0.5976478700582286,0.032722261393500415,0.9672777386064996
polyp,client4,Domain4,block,cju88z8bson4h0871nnd7fdxo.h5,147456,7409,131318,13403,0.05024549696180555,0.8905571831597222,0.09089491102430555,1.0,0.5527866895471163,0.0028343906060197058,0.9971656093939802
polyp,client4,Domain4,block,cju890guyoiti098753yg6cdu.h5,147456,10837,130404,16789,0.07349310980902778,0.8843587239583334,0.1138576931423611,1.0,0.6454821609387099,0.014026021961797546,0.9859739780382024
polyp,client4,Domain4,block,cju8914beokbf0850isxpocrk.h5,147456,1926,141043,3027,0.0130615234375,0.9565090603298612,0.020528157552083332,1.0,0.6362735381565907,0.06490134994807892,0.935098650051921
polyp,client4,Domain4,block,cju892fesoq2g0801n0e0jyia.h5,147456,20986,121998,31658,0.14232042100694445,0.8273518880208334,0.2146945529513889,1.0,0.6628972139743509,0.005050986371866959,0.994949013628133
polyp,client4,Domain4,block,cju893jmdompz0817xn3g1w4h.h5,147456,16737,127930,23760,0.11350504557291667,0.8675808376736112,0.1611328125,1.0,0.7044191919191919,0.007289239409691103,0.9927107605903089
polyp,client4,Domain4,block,cju89y9h0puti0818i5yw29e6.h5,147456,32288,121910,42337,0.2189670138888889,0.8267550998263888,0.2871161566840278,1.0,0.7626426057585564,0.012822101090188305,0.9871778989098117
polyp,client4,Domain4,block,cju89z6pqpqfx0817mfv8ixjc.h5,147456,1054,141546,2189,0.007147894965277778,0.9599202473958334,0.014845106336805556,1.0,0.481498401096391,0.0683111954459203,0.9316888045540797
polyp,client4,Domain4,block,cju8a1jtvpt9m081712iwkca7.h5,147456,16162,120445,27539,0.10960557725694445,0.8168199327256944,0.1867607964409722,1.0,0.5868767929118704,0.04250711545600792,0.9574928845439921
polyp,client4,Domain4,block,cju8a2itsq4dv0755ntlovpxe.h5,147456,2286,137182,5648,0.0155029296875,0.9303249782986112,0.03830295138888889,1.0,0.4047450424929179,0.010061242344706912,0.989938757655293
polyp,client4,Domain4,block,cju8a3nhbpwnb0850d37fo2na.h5,147456,3941,134454,8734,0.026726616753472224,0.9118245442708334,0.05923122829861111,1.0,0.4512250973208152,0.0010149708195889369,0.9989850291804111
polyp,client4,Domain4,block,cju8a56vxpy780850r45yu4wk.h5,147456,11563,128683,18450,0.07841661241319445,0.8726874457465278,0.1251220703125,1.0,0.626720867208672,0.006399723255210586,0.9936002767447895
polyp,client4,Domain4,block,cju8a84g0q76m0818hwiggkod.h5,147456,39869,87748,67998,0.2703789605034722,0.5950792100694444,0.4611409505208333,1.0,0.5863260684137769,0.004088389475532368,0.9959116105244676
polyp,client4,Domain4,block,cju8abobpqbir08189u01huru.h5,147456,10720,135061,15845,0.07269965277777778,0.9159410264756944,0.1074557834201389,1.0,0.6765541180183023,0.0830223880597015,0.9169776119402985
polyp,client4,Domain4,block,cju8adb60qbiu080188mxpf8d.h5,147456,6907,133703,11794,0.04684109157986111,0.9067314995659722,0.0799831814236111,1.0,0.5856367644565033,0.020993195309106705,0.9790068046908933
polyp,client4,Domain4,block,cju8aeei7q8k308173n9y4klv.h5,147456,5377,134883,9741,0.03646511501736111,0.91473388671875,0.06606038411458333,1.0,0.5519967149163331,0.005393342012274502,0.9946066579877255
polyp,client4,Domain4,block,cju8aj01yqeqm0850lhdz3xdw.h5,147456,22458,125405,31024,0.15230305989583334,0.8504570855034722,0.2103949652777778,1.0,0.7238911810211449,0.004808976756612343,0.9951910232433877
polyp,client4,Domain4,block,cju8amfdtqi4x09871tygrgqe.h5,147456,13701,129645,19669,0.09291585286458333,0.87921142578125,0.1333889431423611,1.0,0.6965783720575525,0.004963141376541858,0.9950368586234581
polyp,client4,Domain4,block,cju8ando2qqdo0818ck7i1be1.h5,147456,7856,133271,12336,0.053276909722222224,0.9038018120659722,0.08365885416666667,1.0,0.6368352788586251,0.011838085539714868,0.9881619144602851
polyp,client4,Domain4,block,cju8apjewqrk00801k5d71gky.h5,147456,14808,129024,21520,0.10042317708333333,0.875,0.1459418402777778,1.0,0.6881040892193309,0.012088060507833603,0.9879119394921664
polyp,client4,Domain4,block,cju8arof2qpf20850ifr1bnqj.h5,147456,10101,112315,22400,0.06850179036458333,0.7616848415798612,0.1519097222222222,1.0,0.4509375,0.015345015345015344,0.9846549846549847
polyp,client4,Domain4,block,cju8ashhnquqr0801rwduzt7d.h5,147456,6060,133498,10642,0.041097005208333336,0.9053412543402778,0.0721706814236111,1.0,0.5694418342416839,0.021122112211221122,0.9788778877887789
polyp,client4,Domain4,block,cju8at3s1qqqx0850hcq8nmnq.h5,147456,983,138130,3908,0.006666395399305556,0.9367540147569444,0.026502821180555556,1.0,0.2515353121801433,0.0,1.0
polyp,client4,Domain4,block,cju8auylgqx0z0871u4o4db7o.h5,147456,1163,139676,4169,0.007887098524305556,0.9472384982638888,0.028272840711805556,1.0,0.2789637802830415,0.010318142734307825,0.9896818572656921
polyp,client4,Domain4,block,cju8aw9n1qyg10801jkjlmors.h5,147456,21332,104110,38201,0.14466688368055555,0.7060411241319444,0.2590671115451389,1.0,0.5584147011858328,0.007172323270204388,0.9928276767297957
polyp,client4,Domain4,block,cju8axq24r4an0755yhv9d4ly.h5,147456,1677,137628,5199,0.011372884114583334,0.933349609375,0.035257975260416664,1.0,0.32256203115983845,0.0,1.0
polyp,client4,Domain4,block,cju8ayeq7r1fb0818z1junacy.h5,147456,2774,137137,6139,0.018812391493055556,0.9300198025173612,0.041632758246527776,1.0,0.45186512461312917,0.0010814708002883922,0.9989185291997116
polyp,client4,Domain4,block,cju8azmhcr66e0755t61atz72.h5,147456,19418,127457,26174,0.1316867404513889,0.8643731011284722,0.17750379774305555,1.0,0.7418812562084511,0.018539499433515294,0.9814605005664847
polyp,client4,Domain4,block,cju8b0jr0r2oi0801jiquetd5.h5,147456,4520,135528,8441,0.030653211805555556,0.9191080729166666,0.057244194878472224,1.0,0.5354815780120838,0.009513274336283186,0.9904867256637168
polyp,client4,Domain4,block,cju8b1v3br45u087189kku66u.h5,147456,23117,113314,36095,0.1567721896701389,0.7684597439236112,0.2447848849826389,1.0,0.6404488156254329,0.023965047367738027,0.9760349526322619
polyp,client4,Domain4,block,cju8b2rmgr52s0801p54eyflx.h5,147456,16060,125593,24524,0.1089138454861111,0.8517320421006944,0.1663140190972222,1.0,0.6548687000489316,0.009713574097135741,0.9902864259028643
polyp,client4,Domain4,block,cju8b3ka8r64u0801fh18hk7l.h5,147456,2266,138076,5188,0.015367296006944444,0.9363878038194444,0.03518337673611111,1.0,0.43677717810331534,0.03089143865842895,0.9691085613415711
polyp,client4,Domain4,block,cju8b4ja9r2s808509d45ma86.h5,147456,17837,110229,32460,0.12096489800347222,0.7475382486979166,0.22013346354166666,1.0,0.5495070856438694,0.006671525480742277,0.9933284745192578
polyp,client4,Domain4,block,cju8b542nr81x0871uxnkm9ih.h5,147456,1738,141347,2855,0.011786566840277778,0.9585706922743056,0.019361707899305556,1.0,0.6087565674255692,0.0333716915995397,0.9666283084004603
polyp,client4,Domain4,block,cju8b5p40r2c60987ofa0mu03.h5,147456,2645,136131,6769,0.017937554253472224,0.9231974283854166,0.045905219184027776,1.0,0.390751957453095,0.0,1.0
polyp,client4,Domain4,block,cju8b6rp0r5st0850184f79xt.h5,147456,23797,107639,40487,0.1613837348090278,0.7299736870659722,0.2745700412326389,1.0,0.5877689134784004,0.007479934445518342,0.9925200655544817
polyp,client4,Domain4,block,cju8b7aqtr4a00987coba14b7.h5,147456,3580,139211,5154,0.024278428819444444,0.9440850151909722,0.034952799479166664,1.0,0.6946061311602638,0.03826815642458101,0.961731843575419
polyp,client4,Domain4,block,cju8b8yair65w09878pyqtr96.h5,147456,11274,126980,18511,0.07645670572916667,0.8611382378472222,0.12553575303819445,1.0,0.6090432715682567,0.036721660457690264,0.9632783395423098
polyp,client4,Domain4,block,cju8bafgqrf4x0818twisk3ea.h5,147456,8686,108170,25771,0.058905707465277776,0.7335747612847222,0.1747707790798611,1.0,0.3370455162779869,0.0,1.0
polyp,client4,Domain4,block,cju8bbznkrf5g0871jncffynk.h5,147456,16710,107384,33549,0.11332194010416667,0.7282443576388888,0.22751871744791666,1.0,0.49807743896986495,0.005565529622980251,0.9944344703770197
polyp,client4,Domain4,block,cju8bff9nrfi10850fmfzbf8v.h5,147456,9575,130329,16206,0.06493462456597222,0.88385009765625,0.10990397135416667,1.0,0.5908305565839812,0.004490861618798955,0.995509138381201
polyp,client4,Domain4,block,cju8bgdmqrksy0801tozdmraa.h5,147456,2401,136848,6275,0.016282823350694444,0.9280598958333334,0.04255506727430555,1.0,0.38262948207171316,0.00041649312786339027,0.9995835068721366
polyp,client4,Domain4,block,cju8bh8surexp0987o5pzklk1.h5,147456,16721,107018,33556,0.11339653862847222,0.7257622612847222,0.2275661892361111,1.0,0.49830134700202644,0.0002392201423359847,0.999760779857664
polyp,client4,Domain4,block,cju8bi8q7rlmn0871abc5ch8k.h5,147456,4764,134691,9464,0.032307942708333336,0.9134318033854166,0.0641818576388889,1.0,0.5033812341504649,0.010705289672544081,0.989294710327456
polyp,client4,Domain4,block,cju8bj2ssrmlm0871gc2ug2rs.h5,147456,217,143996,701,0.0014716254340277778,0.9765353732638888,0.004753960503472222,1.0,0.3095577746077033,0.2073732718894009,0.7926267281105991
polyp,client4,Domain4,block,cju8bljw9rqk20801kr54akrl.h5,147456,22514,102178,40861,0.1526828342013889,0.6929389105902778,0.2771063910590278,1.0,0.5509899415090184,0.00026650084391933906,0.9997334991560807
polyp,client4,Domain4,block,cju8bm24yrrdp081829mbo8ic.h5,147456,6890,133824,11273,0.04672580295138889,0.9075520833333334,0.0764499240451389,1.0,0.6111948904461989,0.01756168359941945,0.9824383164005805
polyp,client4,Domain4,block,cju8bn7m2rmm70817hgxpb1uq.h5,147456,22744,121159,33015,0.1542426215277778,0.8216620551215278,0.22389729817708334,1.0,0.6888989853097077,0.008134013366162504,0.9918659866338375
polyp,client4,Domain4,block,cju8bop5jrsid08716i24fqda.h5,147456,5838,133774,10812,0.039591471354166664,0.9072129991319444,0.07332356770833333,1.0,0.5399556048834628,0.009592326139088728,0.9904076738609112
polyp,client4,Domain4,block,cju8bpctzrqkr0850zeldv9kt.h5,147456,5927,132956,11433,0.04019504123263889,0.9016655815972222,0.07753499348958333,1.0,0.5184116154989942,0.0,1.0
polyp,client4,Domain4,block,cju8bqxxurs6i0850mu7mtef9.h5,147456,12590,130256,18994,0.08538140190972222,0.8833550347222222,0.1288113064236111,1.0,0.6628408971254081,0.0011119936457505957,0.9988880063542495
polyp,client4,Domain4,block,cju8brv16rx7f0818uf5n89pv.h5,147456,1020,139040,3836,0.006917317708333333,0.9429253472222222,0.026014539930555556,1.0,0.2659019812304484,0.0,1.0
polyp,client4,Domain4,block,cju8bssulrrcy0987h1vq5060.h5,147456,19793,129978,27059,0.13422987196180555,0.8814697265625,0.1835055881076389,1.0,0.7314756642891459,0.03395139695852069,0.9660486030414793
polyp,client4,Domain4,block,cju8buos5rz9b08715lfr0f4f.h5,147456,19726,121212,31763,0.13377549913194445,0.822021484375,0.21540662977430555,1.0,0.6210370556937317,0.007249315624049478,0.9927506843759505
polyp,client4,Domain4,block,cju8bw697rwg308177tg8huas.h5,147456,33154,81710,64361,0.22483995225694445,0.5541314019097222,0.4364759657118056,1.0,0.5151256195522133,0.003106714121976232,0.9968932858780237
polyp,client4,Domain4,block,cju8bysfgrzkl081786jwac09.h5,147456,17876,127227,25619,0.12122938368055555,0.8628133138020834,0.1737399631076389,1.0,0.6977633787423396,0.008950548221078542,0.9910494517789215
polyp,client4,Domain4,block,cju8bzzy2s66m08016z6mouqt.h5,147456,5559,134635,10024,0.037699381510416664,0.9130520290798612,0.06797960069444445,1.0,0.5545690343176377,0.018888289260658393,0.9811117107393416
polyp,client4,Domain4,block,cju8c1a0ws7o208181c6lbsom.h5,147456,24665,99400,50401,0.1672702365451389,0.6740993923611112,0.3418036566840278,1.0,0.48937521080930935,0.0,1.0
polyp,client4,Domain4,block,cju8c3xs7sauj0801ieyzezr5.h5,147456,25298,124764,33412,0.1715630425347222,0.8461100260416666,0.2265896267361111,1.0,0.7571531186400096,0.020001581152660288,0.9799984188473397
polyp,client4,Domain4,block,cju8c5223s8j80850b4kealt4.h5,147456,5252,130617,10476,0.03561740451388889,0.88580322265625,0.071044921875,1.0,0.5013363879343261,0.04036557501904037,0.9596344249809596
polyp,client4,Domain4,block,cju8c5mxls96t0850wvkvsity.h5,147456,12740,130276,19146,0.0863986545138889,0.8834906684027778,0.12984212239583334,1.0,0.6654131411260837,0.004474097331240189,0.9955259026687598
polyp,client4,Domain4,block,cju8c5zcbsdfz0801o5t6jag1.h5,147456,872,138683,3853,0.005913628472222222,0.9405042860243056,0.026129828559027776,1.0,0.22631715546327538,0.0,1.0
polyp,client4,Domain4,block,cju8c6hnxsdvr0801wn0vrsa6.h5,147456,709,142410,1626,0.004808213975694444,0.9657796223958334,0.011027018229166666,1.0,0.4360393603936039,0.02679830747531735,0.9732016925246827
polyp,client4,Domain4,block,cju8c82iosagu0817l74s4m5g.h5,147456,31402,94625,53549,0.2129584418402778,0.6417168511284722,0.3631523980034722,1.0,0.5864161795738483,0.004203553913763454,0.9957964460862365
polyp,client4,Domain4,block,cju8c9akjsdjj0850s67uzlxq.h5,147456,12051,130812,17831,0.08172607421875,0.8871256510416666,0.12092420789930555,1.0,0.6758454377208233,0.014521616463364036,0.985478383536636
polyp,client4,Domain4,block,cju8ca4geseia0850i2ru11hw.h5,147456,7511,132035,13456,0.05093722873263889,0.8954196506076388,0.09125434027777778,1.0,0.5581896551724138,0.015444015444015444,0.9845559845559846
polyp,client4,Domain4,block,cju8cattbsivm0818p446wgel.h5,147456,34073,92934,57848,0.2310723198784722,0.6302490234375,0.3923068576388889,1.0,0.5890091273682755,0.005253426466703842,0.9947465735332962
polyp,client4,Domain4,block,cju8cbsyssiqj0871gr4jedjp.h5,147456,14322,129556,21086,0.09712727864583333,0.8786078559027778,0.1429985894097222,1.0,0.6792184387745424,0.00991481636642927,0.9900851836335707
polyp,client4,Domain4,block,cju8cdeazsm8h0801jxifmzur.h5,147456,12536,130207,18733,0.08501519097222222,0.8830227322048612,0.1270412868923611,1.0,0.6691934020178295,0.008296107211231652,0.9917038927887684
polyp,client4,Domain4,block,cju8ceacrsqkr0755hdz145es.h5,147456,1813,136694,5762,0.012295193142361112,0.9270155164930556,0.03907606336805555,1.0,0.3146476917736897,0.022614451185879757,0.9773855488141202
polyp,client4,Domain4,block,cju8cgi2kspp308011nxdtjp6.h5,147456,1389,138640,4317,0.009419759114583334,0.9402126736111112,0.029276529947916668,1.0,0.32175121612230717,0.007919366450683946,0.9920806335493161
polyp,client4,Domain4,block,cju8chdlqsu620755azjty1tj.h5,147456,10520,132379,15520,0.07134331597222222,0.8977525499131944,0.1052517361111111,1.0,0.6778350515463918,0.03583650190114068,0.9641634980988593
polyp,client4,Domain4,block,cju8chxndsre008015uisl4si.h5,147456,1946,137566,5308,0.013197157118055556,0.9329291449652778,0.03599717881944445,1.0,0.36661642803315747,0.0,1.0
polyp,client4,Domain4,block,cju8cj10qsrau0871o2dr6ai1.h5,147456,5667,133990,10426,0.038431803385416664,0.9086778428819444,0.0707058376736111,1.0,0.5435449836946097,0.0,1.0
polyp,client4,Domain4,block,cju8clorgsuwn08714toqb7v6.h5,147456,12256,129879,18322,0.08311631944444445,0.88079833984375,0.12425401475694445,1.0,0.6689226067023251,0.00873041775456919,0.9912695822454308
polyp,client4,Domain4,block,cju8cwy02t9eq08185qn12c02.h5,147456,13017,132242,19046,0.08827718098958333,0.8968234592013888,0.12916395399305555,1.0,0.6834505933004306,0.02243220404086963,0.9775677959591303
polyp,client4,Domain4,block,cju8czvnztbf40871b4m7t78w.h5,147456,12130,127419,19654,0.08226182725694445,0.8641153971354166,0.13328721788194445,1.0,0.617177164953699,0.0031327287716405605,0.9968672712283594
polyp,client4,Domain4,block,cju8d2q30tfhs0801n7lx77xl.h5,147456,10787,113979,24983,0.0731540256076389,0.7729695638020834,0.1694268120659722,1.0,0.43177360605211546,9.270418095856123e-05,0.9999072958190415
polyp,client4,Domain4,block,cju8dic9mtppa0987swn23wbc.h5,147456,17450,108194,36134,0.11834038628472222,0.7337375217013888,0.2450493706597222,1.0,0.48292466928654454,0.04045845272206304,0.959541547277937
polyp,client4,Domain4,block,cju8djdqztu6408506pzhlo18.h5,147456,8543,133067,13169,0.05793592664930555,0.9024183485243056,0.08930799696180555,1.0,0.6487204799149517,0.026922626711927893,0.9730773732880721
polyp,client4,Domain4,block,cju8dk7eztzup08182yxko5zh.h5,147456,3421,135066,8067,0.023200141059027776,0.9159749348958334,0.054707845052083336,1.0,0.4240733853972976,0.0,1.0
polyp,client4,Domain4,block,cju8dm2cau2km0818jsv9eeq2.h5,147456,11804,133315,17315,0.0800509982638889,0.9041002061631944,0.11742485894097222,1.0,0.6817210511117529,0.10631989156218231,0.8936801084378176
polyp,client4,Domain4,block,cju8dn0c3u2v50801k8rvq02f.h5,147456,26836,102902,46288,0.18199327256944445,0.6978488498263888,0.3139105902777778,1.0,0.5797614932595921,0.00022358026531524818,0.9997764197346848
polyp,client4,Domain4,block,cju8doa16u5gh0818w1ywda3q.h5,147456,78493,97320,105884,0.5323147243923612,0.6599934895833334,0.7180718315972222,1.0,0.7413112462695025,0.019237384225344937,0.9807626157746551
polyp,client4,Domain4,block,cju8dpa89u6l80818dj6lldh9.h5,147456,9776,126482,17582,0.06629774305555555,0.8577609592013888,0.1192355685763889,1.0,0.5560232055511318,0.02025368248772504,0.9797463175122749
polyp,client4,Domain4,block,cjyzjzssvd8pq0838f4nolj5l.h5,147456,2528,136660,5054,0.017144097222222224,0.9267849392361112,0.03427463107638889,1.0,0.5001978630787495,0.07950949367088607,0.9204905063291139
polyp,client4,Domain4,block,cjyzk8qieoboa0848ogj51wwm.h5,147456,43198,87394,69814,0.2929551866319444,0.5926784939236112,0.4734564887152778,1.0,0.6187584152175781,0.003356636881337099,0.9966433631186629
polyp,client4,Domain4,block,cjyzkmjy8evns070165gf9dmq.h5,147456,9396,132543,14325,0.063720703125,0.89886474609375,0.09714762369791667,1.0,0.6559162303664922,0.020008514261387826,0.9799914857386122
polyp,client4,Domain4,block,cjyzkpsbjdsjq07211dfi4sru.h5,147456,1979,139979,3632,0.013420952690972222,0.9492933485243056,0.024631076388888888,1.0,0.5448788546255506,0.014653865588681153,0.9853461344113188
polyp,client4,Domain4,block,cjyzl833ndne80838pzuq6ila.h5,147456,14188,129581,19957,0.0962185329861111,0.8787773980034722,0.1353420681423611,1.0,0.710928496266974,0.020298844093600225,0.9797011559063997
polyp,client4,Domain4,block,cjyzlw7f9faqr070129au64sq.h5,147456,8695,132325,13869,0.058966742621527776,0.8973863389756944,0.09405517578125,1.0,0.6269377748936477,0.010580793559516964,0.9894192064404831
polyp,client4,Domain4,block,cjyztzaqtrv430848l8xgcerw.h5,147456,19392,123132,28926,0.13151041666666666,0.8350423177083334,0.1961669921875,1.0,0.6704003318813524,0.016140676567656765,0.9838593234323433
polyp,client4,Domain4,block,cjyzu3reghjya0794w7pwoi50.h5,147456,11467,128862,17779,0.07776557074652778,0.8739013671875,0.1205715603298611,1.0,0.6449744080094494,0.008371849655533269,0.9916281503444667
polyp,client4,Domain4,block,cjyzu9th0qt4r0a46pyl4zik0.h5,147456,5160,133570,9727,0.034993489583333336,0.9058295355902778,0.06596544053819445,1.0,0.5304821630513005,0.008333333333333333,0.9916666666666667
polyp,client4,Domain4,block,cjyzufihqquiw0a46jatrbwln.h5,147456,37092,98519,58343,0.2515462239583333,0.6681247287326388,0.3956637912326389,1.0,0.635757503042353,0.025719831769653832,0.9742801682303461
polyp,client4,Domain4,block,cjyzuio1qgh040763k56deohv.h5,147456,1120,142382,1842,0.007595486111111111,0.9655897352430556,0.012491861979166666,1.0,0.6080347448425625,0.13392857142857142,0.8660714285714286
polyp,client4,Domain4,block,cjyzul1qggwwj07216mhiv5sy.h5,147456,3736,137310,6713,0.025336371527777776,0.9311930338541666,0.045525444878472224,1.0,0.5565321018918516,0.04898286937901499,0.951017130620985
polyp,client4,Domain4,block,cjyzurzvohqnr0794es1itzek.h5,147456,16396,129922,21724,0.11119249131944445,0.8810899522569444,0.14732530381944445,1.0,0.7547412999447616,0.025616003903391072,0.974383996096609
polyp,client4,Domain4,block,cjz14qsk2wci60794un9ozwmw.h5,147456,10839,131219,16100,0.07350667317708333,0.8898857964409722,0.10918511284722222,1.0,0.6732298136645962,0.03718055171141249,0.9628194482885875
polyp,client4,Domain4,block,ck2395w2mb4vu07480otsu6tw.h5,147456,12632,130531,18321,0.0856662326388889,0.8852199978298612,0.12424723307291667,1.0,0.6894820151738442,0.031665611146295125,0.9683343888537049
polyp,client4,Domain4,block,ck2bxiswtxuw80838qkisqjwz.h5,147456,46027,103452,65123,0.3121405707465278,0.7015787760416666,0.4416436089409722,1.0,0.7067702654975968,0.023920742173072326,0.9760792578269277
polyp,client4,Domain4,block,ck2bxknhjvs1x0794iogrq49k.h5,147456,11580,129278,17636,0.07853190104166667,0.8767225477430556,0.1196017795138889,1.0,0.6566114765252892,0.022452504317789293,0.9775474956822107
polyp,client4,Domain4,block,ck2bxlujamu330725szlc2jdu.h5,147456,2397,137352,5599,0.016255696614583332,0.9314778645833334,0.037970648871527776,1.0,0.42811216288622966,0.05006257822277847,0.9499374217772215
polyp,client4,Domain4,block,ck2bxpfgxu2mk0748gsh7xelu.h5,147456,4142,131195,9818,0.028089735243055556,0.8897230360243056,0.06658257378472222,1.0,0.4218781829293135,0.0226943505552873,0.9773056494447127
polyp,client4,Domain4,block,ck2bxqz3evvg20794iiyv5v2m.h5,147456,7422,131913,12862,0.050333658854166664,0.89459228515625,0.08722601996527778,1.0,0.5770486705022547,0.011452438695769335,0.9885475613042307
polyp,client4,Domain4,block,ck2bxskgxxzfv08386xkqtqdy.h5,147456,8158,133194,10438,0.05532497829861111,0.9032796223958334,0.07078721788194445,1.0,0.7815673500670627,0.07955381220887472,0.9204461877911253
polyp,client4,Domain4,block,ck2bxw18mmz1k0725litqq2mc.h5,147456,22141,95673,45027,0.1501532660590278,0.6488240559895834,0.30535888671875,1.0,0.4917271859106758,0.0094846664558963,0.9905153335441037
polyp,client4,Domain4,block,ck2da7fwcjfis07218r1rvm95.h5,147456,1811,137034,5513,0.012281629774305556,0.9293212890625,0.03738742404513889,1.0,0.32849628151641574,0.0005521811154058532,0.9994478188845941
