dataset,client,domain,assigned_key,file,total_px,ann_fg_px,ann_labeled_px,gt_fg_px,ann_fg_ratio,ann_labeled_ratio,gt_fg_ratio,ann_fg_inside_gt_ratio,gt_fg_covered_by_ann_ratio,ann_fg_boundary_ratio,ann_fg_core_ratio
prostate,client1,Domain1,block,Case00_0.h5,147456,164,144777,827,0.0011121961805555555,0.9818318684895834,0.005608452690972222,1.0,0.19830713422007254,0.17073170731707318,0.8292682926829268
prostate,client1,Domain1,block,Case00_1.h5,147456,259,144098,1145,0.0017564561631944445,0.9772271050347222,0.007765028211805556,1.0,0.2262008733624454,0.011583011583011582,0.9884169884169884
prostate,client1,Domain1,block,Case00_10.h5,147456,3008,141967,4417,0.020399305555555556,0.9627753363715278,0.029954698350694444,1.0,0.681005207154177,0.09773936170212766,0.9022606382978723
prostate,client1,Domain1,block,Case00_11.h5,147456,1932,142264,3327,0.013102213541666666,0.9647894965277778,0.022562662760416668,1.0,0.5807033363390441,0.10196687370600414,0.8980331262939959
prostate,client1,Domain1,block,Case00_12.h5,147456,781,143302,1700,0.005296495225694444,0.9718288845486112,0.011528862847222222,1.0,0.45941176470588235,0.2330345710627401,0.7669654289372599
prostate,client1,Domain1,block,Case00_13.h5,147456,380,144638,851,0.0025770399305555555,0.9808892144097222,0.005771213107638889,1.0,0.44653349001175086,0.45263157894736844,0.5473684210526316
prostate,client1,Domain1,block,Case00_2.h5,147456,1299,142684,2606,0.008809407552083334,0.9676378038194444,0.017673068576388888,1.0,0.4984650805832694,0.09853733641262509,0.9014626635873749
prostate,client1,Domain1,block,Case00_3.h5,147456,1920,141972,3500,0.013020833333333334,0.9628092447916666,0.023735894097222224,1.0,0.5485714285714286,0.0671875,0.9328125
prostate,client1,Domain1,block,Case00_4.h5,147456,2538,141992,4006,0.0172119140625,0.9629448784722222,0.027167426215277776,1.0,0.6335496754867699,0.10559495665878645,0.8944050433412135
prostate,client1,Domain1,block,Case00_5.h5,147456,2954,141692,4460,0.020033094618055556,0.9609103732638888,0.030246310763888888,1.0,0.6623318385650224,0.07616790792146243,0.9238320920785376
prostate,client1,Domain1,block,Case00_6.h5,147456,3405,141522,4923,0.023091634114583332,0.9597574869791666,0.03338623046875,1.0,0.6916514320536259,0.08223201174743025,0.9177679882525698
prostate,client1,Domain1,block,Case00_7.h5,147456,3710,141472,5230,0.025160047743055556,0.9594184027777778,0.035468207465277776,1.0,0.7093690248565966,0.09029649595687332,0.9097035040431267
prostate,client1,Domain1,block,Case00_8.h5,147456,3534,141599,5004,0.023966471354166668,0.9602796766493056,0.033935546875,1.0,0.7062350119904077,0.11318619128466327,0.8868138087153368
prostate,client1,Domain1,block,Case00_9.h5,147456,3138,141872,4570,0.021280924479166668,0.9621310763888888,0.030992296006944444,1.0,0.6866520787746171,0.10516252390057361,0.8948374760994264
prostate,client1,Domain1,block,Case03_10.h5,147456,5895,139627,8204,0.03997802734375,0.9469061957465278,0.05563693576388889,1.0,0.7185519258898099,0.04037319762510602,0.959626802374894
prostate,client1,Domain1,block,Case03_11.h5,147456,6583,139313,8942,0.04464382595486111,0.9447767469618056,0.06064181857638889,1.0,0.7361887720867815,0.037065167856600335,0.9629348321433997
prostate,client1,Domain1,block,Case03_12.h5,147456,6615,139130,9061,0.04486083984375,0.9435356987847222,0.06144883897569445,1.0,0.7300518706544532,0.029327286470143613,0.9706727135298564
prostate,client1,Domain1,block,Case03_13.h5,147456,6346,139218,8800,0.043036566840277776,0.9441324869791666,0.05967881944444445,1.0,0.7211363636363637,0.02820674440592499,0.971793255594075
prostate,client1,Domain1,block,Case03_14.h5,147456,5918,139417,8341,0.04013400607638889,0.9454820421006944,0.05656602647569445,1.0,0.7095072533269392,0.030753632984116257,0.9692463670158837
prostate,client1,Domain1,block,Case03_15.h5,147456,4164,139725,6642,0.028238932291666668,0.94757080078125,0.0450439453125,1.0,0.6269196025293586,0.021613832853025938,0.978386167146974
prostate,client1,Domain1,block,Case03_16.h5,147456,1505,141960,3233,0.010206434461805556,0.9627278645833334,0.021925184461805556,1.0,0.4655119084441695,0.017940199335548173,0.9820598006644519
prostate,client1,Domain1,block,Case03_17.h5,147456,254,144081,1109,0.0017225477430555555,0.97711181640625,0.007520887586805556,1.0,0.2290351668169522,0.2283464566929134,0.7716535433070866
prostate,client1,Domain1,block,Case03_4.h5,147456,473,143802,1415,0.003207736545138889,0.9752197265625,0.009596082899305556,1.0,0.3342756183745583,0.06765327695560254,0.9323467230443975
prostate,client1,Domain1,block,Case03_5.h5,147456,1469,142374,2999,0.009962293836805556,0.9655354817708334,0.020338270399305556,1.0,0.48982994331443813,0.04901293396868618,0.9509870660313138
prostate,client1,Domain1,block,Case03_6.h5,147456,2681,141644,4409,0.018181694878472224,0.9605848524305556,0.029900444878472224,1.0,0.6080743932864595,0.06378217083177919,0.9362178291682208
prostate,client1,Domain1,block,Case03_7.h5,147456,3529,141078,5394,0.023932562934027776,0.9567464192708334,0.036580403645833336,1.0,0.6542454579162031,0.05610654576367243,0.9438934542363275
prostate,client1,Domain1,block,Case03_8.h5,147456,4559,140453,6594,0.030917697482638888,0.9525078667534722,0.044718424479166664,1.0,0.6913861085835609,0.04364992322877824,0.9563500767712217
prostate,client1,Domain1,block,Case03_9.h5,147456,5465,139987,7678,0.03706190321180555,0.9493476019965278,0.052069769965277776,1.0,0.7117738994529825,0.047758462946020125,0.9522415370539798
prostate,client1,Domain1,block,Case04_10.h5,147456,3656,141001,5470,0.024793836805555556,0.9562242296006944,0.03709581163194445,1.0,0.6683729433272395,0.05306345733041575,0.9469365426695843
prostate,client1,Domain1,block,Case04_11.h5,147456,4134,140651,6045,0.028035481770833332,0.9538506401909722,0.040995279947916664,1.0,0.6838709677419355,0.038703434929850025,0.9612965650701499
prostate,client1,Domain1,block,Case04_12.h5,147456,4360,140265,6413,0.029568142361111112,0.95123291015625,0.04349093967013889,1.0,0.6798690160611258,0.02981651376146789,0.9701834862385321
prostate,client1,Domain1,block,Case04_13.h5,147456,4411,140600,6347,0.029914008246527776,0.9535047743055556,0.04304334852430555,1.0,0.6949740034662045,0.05486284289276808,0.9451371571072319
prostate,client1,Domain1,block,Case04_14.h5,147456,2776,141855,4297,0.018825954861111112,0.9620157877604166,0.029140896267361112,1.0,0.6460321154293693,0.05655619596541787,0.9434438040345822
prostate,client1,Domain1,block,Case04_15.h5,147456,1804,142605,3055,0.012234157986111112,0.96710205078125,0.020718044704861112,1.0,0.5905073649754501,0.0582039911308204,0.9417960088691796
prostate,client1,Domain1,block,Case04_16.h5,147456,1160,143249,2223,0.007866753472222222,0.9714694552951388,0.01507568359375,1.0,0.5218173639226271,0.08275862068965517,0.9172413793103448
prostate,client1,Domain1,block,Case04_17.h5,147456,373,144456,991,0.002529568142361111,0.9796549479166666,0.006720648871527778,1.0,0.3763874873864783,0.24664879356568364,0.7533512064343163
prostate,client1,Domain1,block,Case04_18.h5,147456,43,145068,559,0.00029161241319444444,0.9838053385416666,0.003790961371527778,1.0,0.07692307692307693,0.09302325581395349,0.9069767441860465
prostate,client1,Domain1,block,Case04_6.h5,147456,177,144321,984,0.0012003580729166667,0.9787394205729166,0.006673177083333333,1.0,0.1798780487804878,0.03954802259887006,0.96045197740113
prostate,client1,Domain1,block,Case04_7.h5,147456,842,143318,1956,0.005710177951388889,0.9719373914930556,0.013264973958333334,1.0,0.43047034764826175,0.07482185273159145,0.9251781472684085
prostate,client1,Domain1,block,Case04_8.h5,147456,1748,142420,3160,0.011854383680555556,0.9658474392361112,0.021430121527777776,1.0,0.5531645569620253,0.07093821510297482,0.9290617848970252
prostate,client1,Domain1,block,Case04_9.h5,147456,2821,141598,4469,0.019131130642361112,0.9602728949652778,0.030307345920138888,1.0,0.6312374132915641,0.05742644452321872,0.9425735554767812
prostate,client1,Domain1,block,Case05_10.h5,147456,4281,140688,6177,0.029032389322916668,0.9541015625,0.041890462239583336,1.0,0.6930548810101991,0.0583975706610605,0.9416024293389395
prostate,client1,Domain1,block,Case05_11.h5,147456,2815,141598,4449,0.019090440538194444,0.9602728949652778,0.030171712239583332,1.0,0.6327264553832321,0.02984014209591474,0.9701598579040852
prostate,client1,Domain1,block,Case05_12.h5,147456,2153,142027,3694,0.014600965711805556,0.9631822374131944,0.025051540798611112,1.0,0.5828370330265296,0.02740362285183465,0.9725963771481654
prostate,client1,Domain1,block,Case05_13.h5,147456,2000,142018,3506,0.013563368055555556,0.9631212022569444,0.023776584201388888,1.0,0.5704506560182544,0.048,0.952
prostate,client1,Domain1,block,Case05_14.h5,147456,2401,141825,3994,0.016282823350694444,0.9618123372395834,0.027086046006944444,1.0,0.6011517275913871,0.04956268221574344,0.9504373177842566
prostate,client1,Domain1,block,Case05_15.h5,147456,1546,142707,2839,0.010484483506944444,0.9677937825520834,0.019253200954861112,1.0,0.5445579429376541,0.050452781371280724,0.9495472186287193
prostate,client1,Domain1,block,Case05_16.h5,147456,599,143696,1623,0.004062228732638889,0.9745008680555556,0.011006673177083334,1.0,0.3690696241528035,0.04674457429048414,0.9532554257095158
prostate,client1,Domain1,block,Case05_17.h5,147456,248,144257,1095,0.001681857638888889,0.9783053927951388,0.007425944010416667,1.0,0.2264840182648402,0.016129032258064516,0.9838709677419355
prostate,client1,Domain1,block,Case05_3.h5,147456,513,144050,1347,0.00347900390625,0.9769015842013888,0.009134928385416666,1.0,0.38084632516703787,0.08382066276803118,0.9161793372319688
prostate,client1,Domain1,block,Case05_4.h5,147456,1670,142587,2965,0.011325412326388888,0.96697998046875,0.020107693142361112,1.0,0.5632377740303541,0.10059880239520957,0.8994011976047904
prostate,client1,Domain1,block,Case05_5.h5,147456,2309,141897,3840,0.015658908420138888,0.9623006184895834,0.026041666666666668,1.0,0.6013020833333333,0.0671286271113036,0.9328713728886964
prostate,client1,Domain1,block,Case05_6.h5,147456,3464,141279,5156,0.023491753472222224,0.9581095377604166,0.034966362847222224,1.0,0.6718386346004654,0.05831408775981524,0.9416859122401847
prostate,client1,Domain1,block,Case05_7.h5,147456,3985,141142,5679,0.027025010850694444,0.9571804470486112,0.03851318359375,1.0,0.7017080471914069,0.08030112923462986,0.9196988707653702
prostate,client1,Domain1,block,Case05_8.h5,147456,4206,141010,5890,0.028523763020833332,0.9562852647569444,0.03994411892361111,1.0,0.7140916808149406,0.06894912030432715,0.9310508796956728
prostate,client1,Domain1,block,Case05_9.h5,147456,4526,140572,6394,0.030693901909722224,0.9533148871527778,0.04336208767361111,1.0,0.707851110416015,0.053468846663720725,0.9465311533362792
prostate,client1,Domain1,block,Case06_10.h5,147456,84,144819,729,0.0005696614583333334,0.98211669921875,0.00494384765625,1.0,0.11522633744855967,0.023809523809523808,0.9761904761904762
prostate,client1,Domain1,block,Case06_11.h5,147456,269,144241,1084,0.0018242730034722222,0.9781968858506944,0.007351345486111111,1.0,0.2481549815498155,0.13382899628252787,0.8661710037174721
prostate,client1,Domain1,block,Case06_12.h5,147456,1152,143256,2208,0.0078125,0.9715169270833334,0.014973958333333334,1.0,0.5217391304347826,0.1154513888888889,0.8845486111111112
prostate,client1,Domain1,block,Case06_13.h5,147456,2102,142432,3430,0.014255099826388888,0.9659288194444444,0.023261176215277776,1.0,0.6128279883381924,0.08705994291151284,0.9129400570884871
prostate,client1,Domain1,block,Case06_14.h5,147456,2225,142260,3637,0.015089246961805556,0.9647623697916666,0.024664984809027776,1.0,0.6117679406103932,0.10382022471910113,0.8961797752808989
prostate,client1,Domain1,block,Case06_15.h5,147456,1455,142666,2741,0.009867350260416666,0.9675157335069444,0.018588595920138888,1.0,0.53082816490332,0.044673539518900345,0.9553264604810997
prostate,client1,Domain1,block,Case06_16.h5,147456,999,143436,1971,0.00677490234375,0.9727376302083334,0.01336669921875,1.0,0.5068493150684932,0.08808808808808809,0.9119119119119119
prostate,client1,Domain1,block,Case06_17.h5,147456,224,144535,840,0.0015190972222222222,0.9801907009548612,0.005696614583333333,1.0,0.26666666666666666,0.3125,0.6875
prostate,client1,Domain1,block,Case06_9.h5,147456,37,145042,579,0.00025092230902777775,0.9836290147569444,0.003926595052083333,1.0,0.06390328151986183,0.05405405405405406,0.9459459459459459
prostate,client1,Domain1,block,Case07_10.h5,147456,3746,140376,5978,0.025404188368055556,0.9519856770833334,0.04054090711805555,1.0,0.6266309802609569,0.036305392418579815,0.9636946075814202
prostate,client1,Domain1,block,Case07_11.h5,147456,2485,141208,4413,0.016852484809027776,0.9576280381944444,0.029927571614583332,1.0,0.5631089961477453,0.016901408450704224,0.9830985915492958
prostate,client1,Domain1,block,Case07_12.h5,147456,1642,142585,2961,0.011135525173611112,0.9669664171006944,0.02008056640625,1.0,0.5545423843296183,0.06029232643118149,0.9397076735688186
prostate,client1,Domain1,block,Case07_2.h5,147456,231,144237,1074,0.0015665690104166667,0.9781697591145834,0.007283528645833333,1.0,0.21508379888268156,0.047619047619047616,0.9523809523809523
prostate,client1,Domain1,block,Case07_3.h5,147456,687,143054,2017,0.004659016927083333,0.9701470269097222,0.013678656684027778,1.0,0.3406048587010411,0.033478893740902474,0.9665211062590975
prostate,client1,Domain1,block,Case07_4.h5,147456,1259,142059,3008,0.008538140190972222,0.9633992513020834,0.020399305555555556,1.0,0.4185505319148936,0.008737092930897538,0.9912629070691025
prostate,client1,Domain1,block,Case07_5.h5,147456,2156,141464,3996,0.014621310763888888,0.9593641493055556,0.027099609375,1.0,0.5395395395395396,0.05009276437847866,0.9499072356215214
prostate,client1,Domain1,block,Case07_6.h5,147456,3567,140898,5493,0.024190266927083332,0.9555257161458334,0.037251790364583336,1.0,0.6493719279082468,0.06896551724137931,0.9310344827586207
prostate,client1,Domain1,block,Case07_7.h5,147456,3833,140826,5808,0.025994194878472224,0.9550374348958334,0.039388020833333336,1.0,0.6599517906336089,0.05635272632402818,0.9436472736759718
prostate,client1,Domain1,block,Case07_8.h5,147456,4704,140067,6909,0.031901041666666664,0.94989013671875,0.046854654947916664,1.0,0.6808510638297872,0.03826530612244898,0.9617346938775511
prostate,client1,Domain1,block,Case07_9.h5,147456,4875,139889,7138,0.033060709635416664,0.9486829969618056,0.048407660590277776,1.0,0.6829644158027459,0.0361025641025641,0.9638974358974359
prostate,client1,Domain1,block,Case08_0.h5,147456,61,144169,721,0.00041368272569444444,0.9777086046006944,0.004889594184027778,1.0,0.08460471567267684,0.5409836065573771,0.45901639344262296
prostate,client1,Domain1,block,Case08_1.h5,147456,1520,142353,2831,0.010308159722222222,0.96539306640625,0.019198947482638888,1.0,0.5369127516778524,0.13815789473684212,0.8618421052631579
prostate,client1,Domain1,block,Case08_10.h5,147456,8901,138330,11619,0.06036376953125,0.9381103515625,0.07879638671875,1.0,0.7660728117738187,0.034939894393888324,0.9650601056061117
prostate,client1,Domain1,block,Case08_11.h5,147456,8414,138773,10953,0.057061089409722224,0.9411146375868056,0.07427978515625,1.0,0.7681913630968684,0.04658901830282862,0.9534109816971714
prostate,client1,Domain1,block,Case08_12.h5,147456,6407,139488,8831,0.043450249565972224,0.9459635416666666,0.05988905164930555,1.0,0.7255123995017552,0.034805681286093335,0.9651943187139067
prostate,client1,Domain1,block,Case08_13.h5,147456,3805,140293,6024,0.025804307725694444,0.9514227973090278,0.040852864583333336,1.0,0.6316401062416999,0.02076215505913272,0.9792378449408673
prostate,client1,Domain1,block,Case08_14.h5,147456,2679,141172,4571,0.018168131510416668,0.9573838975694444,0.030999077690972224,1.0,0.5860861955808357,0.01269130272489735,0.9873086972751026
prostate,client1,Domain1,block,Case08_15.h5,147456,1530,142327,3011,0.0103759765625,0.9652167426215278,0.020419650607638888,1.0,0.5081368316174029,0.026143790849673203,0.9738562091503268
prostate,client1,Domain1,block,Case08_16.h5,147456,910,143064,2134,0.006171332465277778,0.97021484375,0.014472113715277778,1.0,0.42642924086223055,0.016483516483516484,0.9835164835164835
prostate,client1,Domain1,block,Case08_2.h5,147456,3315,140468,5302,0.022481282552083332,0.9526095920138888,0.035956488715277776,1.0,0.6252357600905318,0.045852187028657614,0.9541478129713424
prostate,client1,Domain1,block,Case08_3.h5,147456,5571,139586,7921,0.03778076171875,0.9466281467013888,0.053717719184027776,1.0,0.7033202878424442,0.03733620534912942,0.9626637946508706
prostate,client1,Domain1,block,Case08_4.h5,147456,6801,139235,9214,0.046122233072916664,0.9442477756076388,0.06248643663194445,1.0,0.7381159105708704,0.043670048522276135,0.9563299514777238
prostate,client1,Domain1,block,Case08_5.h5,147456,7937,138796,10477,0.053826226128472224,0.9412706163194444,0.07105170355902778,1.0,0.7575641882218193,0.04371928940405695,0.9562807105959431
prostate,client1,Domain1,block,Case08_6.h5,147456,8675,138544,11323,0.058831108940972224,0.9395616319444444,0.07678900824652778,1.0,0.766139715623068,0.03642651296829971,0.9635734870317003
prostate,client1,Domain1,block,Case08_7.h5,147456,9246,138324,11970,0.06270345052083333,0.9380696614583334,0.0811767578125,1.0,0.7724310776942356,0.033311702357776335,0.9666882976422236
prostate,client1,Domain1,block,Case08_8.h5,147456,9593,138033,12464,0.06505669487847222,0.93609619140625,0.08452690972222222,1.0,0.7696566110397947,0.033253413947670174,0.9667465860523298
prostate,client1,Domain1,block,Case08_9.h5,147456,9334,138135,12127,0.06330023871527778,0.9367879231770834,0.0822414822048611,1.0,0.7696874742310547,0.03321191343475466,0.9667880865652453
prostate,client1,Domain1,block,Case09_10.h5,147456,4808,140524,6514,0.03260633680555555,0.9529893663194444,0.04417588975694445,1.0,0.7381025483573841,0.08257071547420965,0.9174292845257903
prostate,client1,Domain1,block,Case09_11.h5,147456,4502,140398,6238,0.030531141493055556,0.9521348741319444,0.042304144965277776,1.0,0.7217056748958,0.08240781874722346,0.9175921812527765
prostate,client1,Domain1,block,Case09_12.h5,147456,3294,141344,4882,0.0223388671875,0.9585503472222222,0.03310818142361111,1.0,0.6747234739860712,0.10139647844565877,0.8986035215543412
prostate,client1,Domain1,block,Case09_13.h5,147456,2658,141907,4231,0.018025716145833332,0.9623684353298612,0.028693305121527776,1.0,0.6282202788938785,0.0692249811888638,0.9307750188111362
prostate,client1,Domain1,block,Case09_14.h5,147456,355,144175,1188,0.002407497829861111,0.9777492947048612,0.008056640625,1.0,0.2988215488215488,0.04788732394366197,0.952112676056338
prostate,client1,Domain1,block,Case09_15.h5,147456,9,145181,484,6.103515625e-05,0.9845716688368056,0.0032823350694444445,1.0,0.01859504132231405,0.0,1.0
prostate,client1,Domain1,block,Case09_4.h5,147456,903,143567,1882,0.006123860677083333,0.9736260308159722,0.012763129340277778,1.0,0.4798087141339001,0.08637873754152824,0.9136212624584718
prostate,client1,Domain1,block,Case09_5.h5,147456,1447,142910,2657,0.009813096788194444,0.9691704644097222,0.018018934461805556,1.0,0.5445991719984945,0.0912232204561161,0.9087767795438839
prostate,client1,Domain1,block,Case09_6.h5,147456,2311,142240,3669,0.015672471788194444,0.9646267361111112,0.024881998697916668,1.0,0.6298718997001908,0.10601471224578105,0.8939852877542189
prostate,client1,Domain1,block,Case09_7.h5,147456,2953,141377,4565,0.020026312934027776,0.9587741427951388,0.030958387586805556,1.0,0.6468784227820372,0.11242803928208601,0.887571960717914
prostate,client1,Domain1,block,Case09_8.h5,147456,4075,140871,5680,0.027635362413194444,0.9553426106770834,0.038519965277777776,1.0,0.7174295774647887,0.10895705521472393,0.8910429447852761
prostate,client1,Domain1,block,Case09_9.h5,147456,4787,140406,6480,0.032463921440972224,0.9521891276041666,0.0439453125,1.0,0.7387345679012346,0.07791936494673073,0.9220806350532693
prostate,client1,Domain1,block,Case10_10.h5,147456,4132,140811,5990,0.028021918402777776,0.9549357096354166,0.04062228732638889,1.0,0.6898163606010017,0.07042594385285576,0.9295740561471443
prostate,client1,Domain1,block,Case10_11.h5,147456,4392,140787,6261,0.02978515625,0.95477294921875,0.042460123697916664,1.0,0.7014853857211308,0.0662568306010929,0.9337431693989071
prostate,client1,Domain1,block,Case10_12.h5,147456,4127,141126,5897,0.027988009982638888,0.9570719401041666,0.03999159071180555,1.0,0.6998473800237409,0.07075357402471529,0.9292464259752847
prostate,client1,Domain1,block,Case10_13.h5,147456,3311,141349,4954,0.022454155815972224,0.9585842556423612,0.03359646267361111,1.0,0.6683488090431974,0.0613107822410148,0.9386892177589852
prostate,client1,Domain1,block,Case10_14.h5,147456,1739,142414,3158,0.011793348524305556,0.9658067491319444,0.021416558159722224,1.0,0.5506649778340722,0.06440483036227718,0.9355951696377228
prostate,client1,Domain1,block,Case10_15.h5,147456,1100,143245,2167,0.007459852430555556,0.9714423285590278,0.014695909288194444,1.0,0.5076142131979695,0.06181818181818182,0.9381818181818182
prostate,client1,Domain1,block,Case10_16.h5,147456,86,145260,458,0.0005832248263888889,0.985107421875,0.003106011284722222,1.0,0.18777292576419213,0.4186046511627907,0.5813953488372093
prostate,client1,Domain1,block,Case10_5.h5,147456,152,144443,957,0.0010308159722222222,0.9795667860243056,0.006490071614583333,1.0,0.1588296760710554,0.039473684210526314,0.9605263157894737
prostate,client1,Domain1,block,Case10_6.h5,147456,932,143156,2082,0.006320529513888889,0.9708387586805556,0.014119466145833334,1.0,0.44764649375600385,0.07832618025751073,0.9216738197424893
prostate,client1,Domain1,block,Case10_7.h5,147456,2199,142092,3699,0.014912923177083334,0.963623046875,0.02508544921875,1.0,0.5944849959448499,0.08913142337426103,0.910868576625739
prostate,client1,Domain1,block,Case10_8.h5,147456,3161,141417,4760,0.021436903211805556,0.95904541015625,0.032280815972222224,1.0,0.6640756302521008,0.05536222714330908,0.9446377728566909
prostate,client1,Domain1,block,Case10_9.h5,147456,3650,141137,5331,0.024753146701388888,0.9571465386284722,0.036153157552083336,1.0,0.6846745451134871,0.06986301369863014,0.9301369863013699
prostate,client1,Domain1,block,Case11_10.h5,147456,5261,140142,7345,0.03567843967013889,0.9503987630208334,0.049811469184027776,1.0,0.7162695711368278,0.03497433947918647,0.9650256605208135
prostate,client1,Domain1,block,Case11_11.h5,147456,6123,139770,8342,0.041524251302083336,0.9478759765625,0.056572808159722224,1.0,0.7339966434907697,0.03870651641352278,0.9612934835864773
prostate,client1,Domain1,block,Case11_12.h5,147456,6070,139664,8300,0.04116482204861111,0.9471571180555556,0.05628797743055555,1.0,0.7313253012048193,0.03937397034596376,0.9606260296540362
prostate,client1,Domain1,block,Case11_13.h5,147456,5825,139587,8066,0.03950330946180555,0.9466349283854166,0.05470106336805555,1.0,0.7221671212496901,0.031072961373390558,0.9689270386266094
prostate,client1,Domain1,block,Case11_14.h5,147456,3356,141076,5152,0.022759331597222224,0.9567328559027778,0.03493923611111111,1.0,0.6513975155279503,0.04439809296781883,0.9556019070321812
prostate,client1,Domain1,block,Case11_15.h5,147456,2042,141846,3596,0.013848198784722222,0.9619547526041666,0.024386935763888888,1.0,0.567853170189099,0.03281096963761019,0.9671890303623898
prostate,client1,Domain1,block,Case11_16.h5,147456,910,144038,1532,0.006171332465277778,0.9768202039930556,0.010389539930555556,1.0,0.5939947780678851,0.3274725274725275,0.6725274725274726
prostate,client1,Domain1,block,Case11_3.h5,147456,275,144191,1188,0.001864963107638889,0.9778578016493056,0.008056640625,1.0,0.23148148148148148,0.03636363636363636,0.9636363636363636
prostate,client1,Domain1,block,Case11_4.h5,147456,519,143279,1816,0.0035196940104166665,0.9716729058159722,0.012315538194444444,1.0,0.2857929515418502,0.01348747591522158,0.9865125240847784
prostate,client1,Domain1,block,Case11_5.h5,147456,1496,142408,2992,0.010145399305555556,0.9657660590277778,0.020290798611111112,1.0,0.5,0.05080213903743316,0.9491978609625669
prostate,client1,Domain1,block,Case11_6.h5,147456,2247,141959,3808,0.015238444010416666,0.9627210828993056,0.025824652777777776,1.0,0.5900735294117647,0.04717400979083222,0.9528259902091678
prostate,client1,Domain1,block,Case11_7.h5,147456,3332,141262,5093,0.022596571180555556,0.9579942491319444,0.034539116753472224,1.0,0.6542312978598076,0.05552220888355342,0.9444777911164466
prostate,client1,Domain1,block,Case11_8.h5,147456,3921,140896,5766,0.026590983072916668,0.9555121527777778,0.039103190104166664,1.0,0.6800208116545265,0.046671767406273906,0.9533282325937261
prostate,client1,Domain1,block,Case11_9.h5,147456,4806,140447,6839,0.0325927734375,0.9524671766493056,0.046379937065972224,1.0,0.7027343178827314,0.04057428214731586,0.9594257178526842
prostate,client1,Domain1,block,Case12_1.h5,147456,461,143833,1420,0.0031263563368055555,0.9754299587673612,0.009629991319444444,1.0,0.3246478873239437,0.07809110629067245,0.9219088937093276
prostate,client1,Domain1,block,Case12_10.h5,147456,8369,138888,10889,0.056755913628472224,0.94189453125,0.07384575737847222,1.0,0.7685737900633667,0.049707252957342574,0.9502927470426574
prostate,client1,Domain1,block,Case12_11.h5,147456,8633,138582,11241,0.05854627821180555,0.9398193359375,0.07623291015625,1.0,0.7679921715149898,0.04563882775396733,0.9543611722460327
prostate,client1,Domain1,block,Case12_12.h5,147456,5404,139981,7503,0.03664822048611111,0.9493069118923612,0.050882975260416664,1.0,0.7202452352392377,0.037194670614359736,0.9628053293856402
prostate,client1,Domain1,block,Case12_13.h5,147456,3453,140819,5458,0.023417154947916668,0.9549899631076388,0.03701443142361111,1.0,0.6326493220960059,0.019403417318273965,0.980596582681726
prostate,client1,Domain1,block,Case12_14.h5,147456,1757,141917,3228,0.011915418836805556,0.9624362521701388,0.021891276041666668,1.0,0.5442998760842627,0.08764940239043825,0.9123505976095617
prostate,client1,Domain1,block,Case12_2.h5,147456,1137,143188,2316,0.007710774739583333,0.9710557725694444,0.015706380208333332,1.0,0.49093264248704666,0.11433597185576078,0.8856640281442393
prostate,client1,Domain1,block,Case12_3.h5,147456,2798,141129,4673,0.018975151909722224,0.95709228515625,0.03169080946180555,1.0,0.5987588273057993,0.054324517512508934,0.9456754824874911
prostate,client1,Domain1,block,Case12_4.h5,147456,5582,139718,7848,0.03785536024305555,0.9475233289930556,0.05322265625,1.0,0.7112640163098879,0.05356503045503404,0.946434969544966
prostate,client1,Domain1,block,Case12_5.h5,147456,6994,138953,9554,0.047431098090277776,0.9423353407118056,0.0647922092013889,1.0,0.7320494033912497,0.030883614526737203,0.9691163854732628
prostate,client1,Domain1,block,Case12_6.h5,147456,8217,138581,10841,0.05572509765625,0.9398125542534722,0.0735202365451389,1.0,0.7579559081265566,0.04089083607155896,0.959109163928441
prostate,client1,Domain1,block,Case12_7.h5,147456,9039,138033,11820,0.061299641927083336,0.93609619140625,0.08015950520833333,1.0,0.7647208121827411,0.039052992587675625,0.9609470074123244
prostate,client1,Domain1,block,Case12_8.h5,147456,9946,137913,12773,0.06745062934027778,0.9352823893229166,0.08662245008680555,1.0,0.7786737649729899,0.04232857430122662,0.9576714256987734
prostate,client1,Domain1,block,Case12_9.h5,147456,9483,138044,12244,0.06431070963541667,0.9361707899305556,0.0830349392361111,1.0,0.7745017967984319,0.045660655910576824,0.9543393440894232
prostate,client1,Domain1,block,Case13_10.h5,147456,3178,141648,4762,0.021552191840277776,0.9606119791666666,0.032294379340277776,1.0,0.6673666526669466,0.07960981749528005,0.9203901825047199
prostate,client1,Domain1,block,Case13_11.h5,147456,3618,141367,5268,0.0245361328125,0.9587063259548612,0.035725911458333336,1.0,0.6867881548974943,0.08512990602542841,0.9148700939745716
prostate,client1,Domain1,block,Case13_12.h5,147456,2298,142041,3729,0.015584309895833334,0.9632771809895834,0.025288899739583332,1.0,0.6162510056315366,0.0783289817232376,0.9216710182767625
prostate,client1,Domain1,block,Case13_13.h5,147456,2322,141970,3797,0.0157470703125,0.9627956814236112,0.025750054253472224,1.0,0.6115354227021332,0.07536606373815675,0.9246339362618432
prostate,client1,Domain1,block,Case13_14.h5,147456,840,143692,1700,0.005696614583333333,0.9744737413194444,0.011528862847222222,1.0,0.49411764705882355,0.10595238095238095,0.8940476190476191
prostate,client1,Domain1,block,Case13_5.h5,147456,81,144023,1102,0.00054931640625,0.9767184787326388,0.007473415798611111,1.0,0.073502722323049,0.0,1.0
prostate,client1,Domain1,block,Case13_6.h5,147456,330,143572,1463,0.0022379557291666665,0.9736599392361112,0.009921603732638888,1.0,0.22556390977443608,0.06060606060606061,0.9393939393939394
prostate,client1,Domain1,block,Case13_7.h5,147456,738,143104,1994,0.0050048828125,0.9704861111111112,0.013522677951388888,1.0,0.37011033099297896,0.051490514905149054,0.948509485094851
prostate,client1,Domain1,block,Case13_8.h5,147456,1427,142643,2777,0.009677463107638888,0.9673597547743056,0.018832736545138888,1.0,0.5138638818869283,0.09250175192711983,0.9074982480728802
prostate,client1,Domain1,block,Case13_9.h5,147456,2103,142119,3632,0.014261881510416666,0.96380615234375,0.024631076388888888,1.0,0.5790198237885462,0.07893485496909178,0.9210651450309082
prostate,client1,Domain1,block,Case14_10.h5,147456,4156,140959,5946,0.028184678819444444,0.9559393988715278,0.040323893229166664,1.0,0.6989572822065254,0.07218479307025986,0.9278152069297402
prostate,client1,Domain1,block,Case14_11.h5,147456,4348,140883,6145,0.029486762152777776,0.9554239908854166,0.04167344835069445,1.0,0.7075671277461351,0.059337626494940204,0.9406623735050598
prostate,client1,Domain1,block,Case14_12.h5,147456,4109,140863,5950,0.027865939670138888,0.9552883572048612,0.040351019965277776,1.0,0.6905882352941176,0.049160379654417136,0.9508396203455829
prostate,client1,Domain1,block,Case14_13.h5,147456,3706,140997,5509,0.025132921006944444,0.9561971028645834,0.037360297309027776,1.0,0.6727173715737883,0.05126821370750135,0.9487317862924987
prostate,client1,Domain1,block,Case14_14.h5,147456,3246,141744,4734,0.022013346354166668,0.9612630208333334,0.0321044921875,1.0,0.6856780735107731,0.08194701170671596,0.9180529882932841
prostate,client1,Domain1,block,Case14_15.h5,147456,2154,142331,3499,0.014607747395833334,0.9652438693576388,0.023729112413194444,1.0,0.6156044584166905,0.09192200557103064,0.9080779944289693
prostate,client1,Domain1,block,Case14_4.h5,147456,471,143701,1538,0.0031941731770833335,0.9745347764756944,0.010430230034722222,1.0,0.30624187256176855,0.059447983014861996,0.940552016985138
prostate,client1,Domain1,block,Case14_5.h5,147456,602,143677,1684,0.004082573784722222,0.9743720160590278,0.011420355902777778,1.0,0.35748218527315917,0.11129568106312292,0.8887043189368771
prostate,client1,Domain1,block,Case14_6.h5,147456,1009,143245,2086,0.006842719184027778,0.9714423285590278,0.014146592881944444,1.0,0.48370086289549374,0.14073339940535184,0.8592666005946482
prostate,client1,Domain1,block,Case14_7.h5,147456,1925,142241,3334,0.013054741753472222,0.9646335177951388,0.022610134548611112,1.0,0.5773845230953809,0.09298701298701299,0.907012987012987
prostate,client1,Domain1,block,Case14_8.h5,147456,2941,141639,4534,0.019944932725694444,0.9605509440104166,0.030748155381944444,1.0,0.6486546096162329,0.07718463107786468,0.9228153689221353
prostate,client1,Domain1,block,Case14_9.h5,147456,3562,141263,5267,0.024156358506944444,0.9580010308159722,0.03571912977430555,1.0,0.6762863109929751,0.07271195957327344,0.9272880404267265
prostate,client1,Domain1,block,Case15_10.h5,147456,5707,139814,7961,0.038703070746527776,0.9481743706597222,0.05398898654513889,1.0,0.7168697399824143,0.04923777816716313,0.9507622218328369
prostate,client1,Domain1,block,Case15_11.h5,147456,5708,139618,7978,0.03870985243055555,0.9468451605902778,0.05410427517361111,1.0,0.715467535723239,0.043973370707778556,0.9560266292922215
prostate,client1,Domain1,block,Case15_12.h5,147456,5576,140096,7656,0.03781467013888889,0.9500868055555556,0.051920572916666664,1.0,0.7283176593521421,0.05434002869440459,0.9456599713055954
prostate,client1,Domain1,block,Case15_13.h5,147456,3597,140982,5391,0.024393717447916668,0.9560953776041666,0.03656005859375,1.0,0.6672231496939344,0.04837364470391994,0.9516263552960801
prostate,client1,Domain1,block,Case15_14.h5,147456,2102,141777,3628,0.014255099826388888,0.96148681640625,0.024603949652777776,1.0,0.5793825799338479,0.11179828734538534,0.8882017126546147
prostate,client1,Domain1,block,Case15_15.h5,147456,115,145479,412,0.0007798936631944445,0.9865926106770834,0.0027940538194444445,1.0,0.279126213592233,0.25217391304347825,0.7478260869565218
prostate,client1,Domain1,block,Case15_3.h5,147456,163,144548,887,0.0011054144965277778,0.9802788628472222,0.006015353732638889,1.0,0.18376550169109357,0.012269938650306749,0.9877300613496932
prostate,client1,Domain1,block,Case15_4.h5,147456,657,143855,1522,0.00445556640625,0.9755791558159722,0.010321723090277778,1.0,0.4316688567674113,0.1856925418569254,0.8143074581430746
prostate,client1,Domain1,block,Case15_5.h5,147456,1487,142651,2728,0.010084364149305556,0.9674140082465278,0.018500434027777776,1.0,0.5450879765395894,0.10558170813718896,0.8944182918628111
prostate,client1,Domain1,block,Case15_6.h5,147456,2520,141489,4175,0.01708984375,0.95953369140625,0.028313530815972224,1.0,0.6035928143712574,0.05952380952380952,0.9404761904761905
prostate,client1,Domain1,block,Case15_7.h5,147456,3210,140843,5058,0.021769205729166668,0.9551527235243056,0.0343017578125,1.0,0.6346381969157769,0.049221183800623056,0.950778816199377
prostate,client1,Domain1,block,Case15_8.h5,147456,4199,140516,6183,0.028476291232638888,0.9529351128472222,0.04193115234375,1.0,0.6791201682031376,0.05477494641581329,0.9452250535841867
prostate,client1,Domain1,block,Case15_9.h5,147456,4982,140014,7130,0.03378634982638889,0.9495307074652778,0.04835340711805555,1.0,0.6987377279102385,0.04716981132075472,0.9528301886792453
prostate,client1,Domain1,block,Case16_0.h5,147456,4652,140521,6619,0.031548394097222224,0.9529690212673612,0.04488796657986111,1.0,0.7028252001812962,0.07287188306104901,0.927128116938951
prostate,client1,Domain1,block,Case16_1.h5,147456,6975,138791,9488,0.04730224609375,0.9412367078993056,0.06434461805555555,1.0,0.7351391231028668,0.04229390681003584,0.9577060931899641
prostate,client1,Domain1,block,Case16_10.h5,147456,16334,135322,20105,0.11077202690972222,0.9177110460069444,0.1363457573784722,1.0,0.8124347177319075,0.030672217460511814,0.9693277825394881
prostate,client1,Domain1,block,Case16_11.h5,147456,17156,134791,21190,0.11634657118055555,0.9141099717881944,0.1437038845486111,1.0,0.8096271826333176,0.027861972487759384,0.9721380275122407
prostate,client1,Domain1,block,Case16_12.h5,147456,17249,134820,21254,0.1169772677951389,0.914306640625,0.1441379123263889,1.0,0.8115648819045826,0.0336831120644675,0.9663168879355325
prostate,client1,Domain1,block,Case16_13.h5,147456,15065,135410,18829,0.10216606987847222,0.9183078342013888,0.1276923285590278,1.0,0.8000955972170588,0.02880849651510123,0.9711915034848988
prostate,client1,Domain1,block,Case16_14.h5,147456,14800,135490,18514,0.1003689236111111,0.9188503689236112,0.1255560980902778,1.0,0.7993950523927839,0.02304054054054054,0.9769594594594595
prostate,client1,Domain1,block,Case16_15.h5,147456,14121,135677,17821,0.09576416015625,0.9201185438368056,0.12085639105902778,1.0,0.792379776667976,0.01989944054953615,0.9801005594504638
prostate,client1,Domain1,block,Case16_16.h5,147456,13603,135712,17363,0.0922512478298611,0.9203559027777778,0.11775037977430555,1.0,0.7834475609053735,0.02139233992501654,0.9786076600749835
prostate,client1,Domain1,block,Case16_17.h5,147456,12440,136068,16165,0.08436414930555555,0.9227701822916666,0.10962592230902778,1.0,0.7695638725641819,0.020980707395498392,0.9790192926045016
prostate,client1,Domain1,block,Case16_18.h5,147456,9400,137197,12840,0.0637478298611111,0.9304267035590278,0.08707682291666667,1.0,0.7320872274143302,0.016595744680851062,0.983404255319149
prostate,client1,Domain1,block,Case16_19.h5,147456,5823,138319,8927,0.03948974609375,0.9380357530381944,0.060540093315972224,1.0,0.6522908031813599,0.004808517946075906,0.995191482053924
prostate,client1,Domain1,block,Case16_2.h5,147456,9698,137966,12432,0.0657687717013889,0.9356418185763888,0.08430989583333333,1.0,0.7800836550836551,0.040420705300061865,0.9595792946999381
prostate,client1,Domain1,block,Case16_3.h5,147456,10237,138006,12898,0.0694240993923611,0.9359130859375,0.08747016059027778,1.0,0.793688944022329,0.04952622838722282,0.9504737716127771
prostate,client1,Domain1,block,Case16_4.h5,147456,11740,137112,14684,0.0796169704861111,0.9298502604166666,0.0995822482638889,1.0,0.7995096703895397,0.03313458262350937,0.9668654173764907
prostate,client1,Domain1,block,Case16_5.h5,147456,12906,136774,16016,0.0875244140625,0.9275580512152778,0.1086154513888889,1.0,0.8058191808191808,0.03417015341701534,0.9658298465829847
prostate,client1,Domain1,block,Case16_6.h5,147456,14244,136250,17546,0.09659830729166667,0.9240044487847222,0.1189914279513889,1.0,0.8118089593069645,0.03517270429654591,0.964827295703454
prostate,client1,Domain1,block,Case16_7.h5,147456,15094,135935,18522,0.10236273871527778,0.9218682183159722,0.1256103515625,1.0,0.8149227945146312,0.02954816483370876,0.9704518351662912
prostate,client1,Domain1,block,Case16_8.h5,147456,15874,135597,19441,0.10765245225694445,0.9195760091145834,0.1318427191840278,1.0,0.816521783858855,0.03181302759228928,0.9681869724077107
prostate,client1,Domain1,block,Case16_9.h5,147456,16134,135465,19802,0.10941569010416667,0.9186808268229166,0.13429090711805555,1.0,0.8147661852338147,0.02838725672492872,0.9716127432750713
prostate,client1,Domain1,block,Case18_1.h5,147456,1481,143087,2466,0.010043674045138888,0.9703708224826388,0.0167236328125,1.0,0.6005677210056772,0.13166779203241052,0.8683322079675895
prostate,client1,Domain1,block,Case18_10.h5,147456,6672,139440,8976,0.045247395833333336,0.9456380208333334,0.060872395833333336,1.0,0.7433155080213903,0.03327338129496403,0.966726618705036
prostate,client1,Domain1,block,Case18_11.h5,147456,6252,139710,8454,0.042399088541666664,0.9474690755208334,0.057332356770833336,1.0,0.7395315826827538,0.0399872040946897,0.9600127959053103
prostate,client1,Domain1,block,Case18_12.h5,147456,5389,140118,7471,0.03654649522569445,0.9502360026041666,0.050665961371527776,1.0,0.7213224467942712,0.04472072740768231,0.9552792725923177
prostate,client1,Domain1,block,Case18_13.h5,147456,4752,140482,6686,0.0322265625,0.9527045355902778,0.045342339409722224,1.0,0.71073885731379,0.0382996632996633,0.9617003367003367
prostate,client1,Domain1,block,Case18_14.h5,147456,3678,140994,5412,0.024943033854166668,0.9561767578125,0.036702473958333336,1.0,0.6796008869179601,0.029907558455682437,0.9700924415443176
prostate,client1,Domain1,block,Case18_15.h5,147456,3026,141582,4532,0.020521375868055556,0.9601643880208334,0.030734592013888888,1.0,0.6676963812886143,0.055188367481824194,0.9448116325181758
prostate,client1,Domain1,block,Case18_16.h5,147456,2254,142416,3502,0.015285915798611112,0.9658203125,0.023749457465277776,1.0,0.6436322101656197,0.0878438331854481,0.9121561668145519
prostate,client1,Domain1,block,Case18_17.h5,147456,366,143041,1440,0.0024820963541666665,0.9700588650173612,0.009765625,1.0,0.25416666666666665,0.46994535519125685,0.5300546448087432
prostate,client1,Domain1,block,Case18_2.h5,147456,2302,141933,3710,0.015611436631944444,0.9625447591145834,0.025160047743055556,1.0,0.6204851752021563,0.07298001737619461,0.9270199826238054
prostate,client1,Domain1,block,Case18_3.h5,147456,3403,140998,5097,0.023078070746527776,0.9562038845486112,0.034566243489583336,1.0,0.6676476358642338,0.06494269761974727,0.9350573023802528
prostate,client1,Domain1,block,Case18_4.h5,147456,4518,140676,6282,0.0306396484375,0.9540201822916666,0.0426025390625,1.0,0.7191977077363897,0.06131031429836211,0.9386896857016379
prostate,client1,Domain1,block,Case18_5.h5,147456,4914,140676,6654,0.0333251953125,0.9540201822916666,0.045125325520833336,1.0,0.7385031559963932,0.07142857142857142,0.9285714285714286
prostate,client1,Domain1,block,Case18_6.h5,147456,5916,139769,8059,0.040120442708333336,0.9478691948784722,0.05465359157986111,1.0,0.7340861149025933,0.03296146044624747,0.9670385395537525
prostate,client1,Domain1,block,Case18_7.h5,147456,6631,139407,8920,0.04496934678819445,0.9454142252604166,0.060492621527777776,1.0,0.7433856502242152,0.029859749660684665,0.9701402503393154
prostate,client1,Domain1,block,Case18_8.h5,147456,6684,139339,9041,0.045328776041666664,0.9449530707465278,0.06131320529513889,1.0,0.7392987501382591,0.02767803710353082,0.9723219628964692
prostate,client1,Domain1,block,Case18_9.h5,147456,6935,139284,9299,0.04703097873263889,0.944580078125,0.06306287977430555,1.0,0.7457791160339822,0.029848594087959625,0.9701514059120404
prostate,client1,Domain1,block,Case19_10.h5,147456,2174,142512,3398,0.014743381076388888,0.9664713541666666,0.023044162326388888,1.0,0.6397881106533255,0.10809567617295308,0.8919043238270469
prostate,client1,Domain1,block,Case19_11.h5,147456,2100,142323,3427,0.014241536458333334,0.9651896158854166,0.023240831163194444,1.0,0.612780857893201,0.08714285714285715,0.9128571428571428
prostate,client1,Domain1,block,Case19_12.h5,147456,1421,142762,2683,0.009636773003472222,0.9681667751736112,0.018195258246527776,1.0,0.5296310100633619,0.05277973258268825,0.9472202674173118
prostate,client1,Domain1,block,Case19_13.h5,147456,132,144190,721,0.0008951822916666666,0.9778510199652778,0.004889594184027778,1.0,0.18307905686546463,0.6893939393939394,0.3106060606060606
prostate,client1,Domain1,block,Case19_4.h5,147456,80,144944,648,0.0005425347222222222,0.9829644097222222,0.00439453125,1.0,0.12345679012345678,0.15,0.85
prostate,client1,Domain1,block,Case19_5.h5,147456,429,144436,1121,0.0029093424479166665,0.9795193142361112,0.007602267795138889,1.0,0.38269402319357715,0.20512820512820512,0.7948717948717948
prostate,client1,Domain1,block,Case19_6.h5,147456,1061,143500,1993,0.007195366753472222,0.9731716579861112,0.013515896267361112,1.0,0.5323632714500752,0.14043355325164938,0.8595664467483506
prostate,client1,Domain1,block,Case19_7.h5,147456,2011,142534,3213,0.013637966579861112,0.9666205512152778,0.02178955078125,1.0,0.6258948023653906,0.13625062158130283,0.8637493784186971
prostate,client1,Domain1,block,Case19_8.h5,147456,2431,142221,3732,0.016486273871527776,0.9644978841145834,0.025309244791666668,1.0,0.6513933547695605,0.11188811188811189,0.8881118881118881
prostate,client1,Domain1,block,Case19_9.h5,147456,2366,142492,3586,0.016045464409722224,0.9663357204861112,0.024319118923611112,1.0,0.6597880646960401,0.12299239222316145,0.8770076077768385
prostate,client1,Domain1,block,Case20_10.h5,147456,7421,139285,9748,0.05032687717013889,0.9445868598090278,0.06610785590277778,1.0,0.7612843660237998,0.04837622961864978,0.9516237703813503
prostate,client1,Domain1,block,Case20_11.h5,147456,7317,139353,9588,0.04962158203125,0.9450480143229166,0.06502278645833333,1.0,0.7631414267834794,0.041273746070794044,0.958726253929206
prostate,client1,Domain1,block,Case20_12.h5,147456,6228,139334,8659,0.042236328125,0.9449191623263888,0.058722601996527776,1.0,0.7192516456865689,0.026814386640976236,0.9731856133590238
prostate,client1,Domain1,block,Case20_13.h5,147456,5094,140423,7096,0.0345458984375,0.9523044162326388,0.04812282986111111,1.0,0.717869222096956,0.06380054966627405,0.936199450333726
prostate,client1,Domain1,block,Case20_14.h5,147456,3833,140634,5856,0.025994194878472224,0.9537353515625,0.039713541666666664,1.0,0.6545423497267759,0.05009131228802505,0.949908687711975
prostate,client1,Domain1,block,Case20_15.h5,147456,2121,141782,3756,0.014383951822916666,0.9615207248263888,0.025472005208333332,1.0,0.5646964856230032,0.058462989156058465,0.9415370108439416
prostate,client1,Domain1,block,Case20_16.h5,147456,1111,143340,2131,0.007534450954861111,0.9720865885416666,0.014451768663194444,1.0,0.5213514781792585,0.08370837083708371,0.9162916291629163
prostate,client1,Domain1,block,Case20_17.h5,147456,895,143681,1742,0.006069607204861111,0.9743991427951388,0.011813693576388888,1.0,0.5137772675086107,0.08603351955307263,0.9139664804469274
prostate,client1,Domain1,block,Case20_2.h5,147456,790,143500,1757,0.005357530381944444,0.9731716579861112,0.011915418836805556,1.0,0.4496300512236767,0.13291139240506328,0.8670886075949367
prostate,client1,Domain1,block,Case20_3.h5,147456,1973,142004,3420,0.013380262586805556,0.9630262586805556,0.023193359375,1.0,0.5769005847953217,0.09883426254434871,0.9011657374556513
prostate,client1,Domain1,block,Case20_4.h5,147456,2645,141275,4330,0.017937554253472224,0.9580824110243056,0.029364691840277776,1.0,0.6108545034642032,0.08128544423440454,0.9187145557655955
prostate,client1,Domain1,block,Case20_5.h5,147456,3749,140421,5815,0.025424533420138888,0.9522908528645834,0.039435492621527776,1.0,0.6447119518486673,0.04854627900773539,0.9514537209922646
prostate,client1,Domain1,block,Case20_6.h5,147456,4606,139781,6874,0.031236436631944444,0.9479505750868056,0.04661729600694445,1.0,0.670061099796334,0.03386886669561442,0.9661311333043856
prostate,client1,Domain1,block,Case20_7.h5,147456,5573,139224,7986,0.03779432508680555,0.9441731770833334,0.054158528645833336,1.0,0.6978462309040822,0.03786111609546026,0.9621388839045397
prostate,client1,Domain1,block,Case20_8.h5,147456,6094,139301,8426,0.041327582465277776,0.9446953667534722,0.05714246961805555,1.0,0.7232375979112271,0.04151624548736462,0.9584837545126353
prostate,client1,Domain1,block,Case20_9.h5,147456,6904,139253,9216,0.046820746527777776,0.9443698459201388,0.0625,1.0,0.7491319444444444,0.047219003476245656,0.9527809965237544
prostate,client1,Domain1,block,Case23_1.h5,147456,129,144064,1121,0.0008748372395833334,0.9769965277777778,0.007602267795138889,1.0,0.11507582515611062,0.023255813953488372,0.9767441860465116
prostate,client1,Domain1,block,Case23_10.h5,147456,5872,140170,7974,0.03982204861111111,0.9505886501736112,0.0540771484375,1.0,0.7363932781540005,0.060967302452316074,0.9390326975476839
prostate,client1,Domain1,block,Case23_11.h5,147456,5708,140234,7794,0.03870985243055555,0.9510226779513888,0.0528564453125,1.0,0.7323582242750833,0.05956552207428171,0.9404344779257183
prostate,client1,Domain1,block,Case23_12.h5,147456,5373,140128,7517,0.03643798828125,0.9503038194444444,0.05097791883680555,1.0,0.7147798323799388,0.051554066629443514,0.9484459333705565
prostate,client1,Domain1,block,Case23_13.h5,147456,5390,139935,7679,0.036553276909722224,0.9489949544270834,0.05207655164930555,1.0,0.7019143117593437,0.029499072356215215,0.9705009276437848
prostate,client1,Domain1,block,Case23_14.h5,147456,4590,140324,6706,0.0311279296875,0.9516330295138888,0.045477973090277776,1.0,0.6844616761109454,0.029847494553376906,0.9701525054466231
prostate,client1,Domain1,block,Case23_15.h5,147456,3567,140959,5504,0.024190266927083332,0.9559393988715278,0.03732638888888889,1.0,0.6480741279069767,0.02803476310625175,0.9719652368937483
prostate,client1,Domain1,block,Case23_16.h5,147456,3218,141223,5107,0.021823459201388888,0.9577297634548612,0.03463406032986111,1.0,0.6301155277070687,0.04630205096333126,0.9536979490366687
prostate,client1,Domain1,block,Case23_17.h5,147456,2571,141743,4276,0.017435709635416668,0.9612562391493056,0.028998480902777776,1.0,0.6012628624883068,0.03928432516530533,0.9607156748346947
prostate,client1,Domain1,block,Case23_18.h5,147456,2401,141901,4068,0.016282823350694444,0.9623277452256944,0.027587890625,1.0,0.5902163225172075,0.045397750937109536,0.9546022490628905
prostate,client1,Domain1,block,Case23_19.h5,147456,1084,142831,2337,0.007351345486111111,0.9686347113715278,0.015848795572916668,1.0,0.4638425331621737,0.05627306273062731,0.9437269372693727
prostate,client1,Domain1,block,Case23_2.h5,147456,801,142873,2120,0.00543212890625,0.9689195421006944,0.014377170138888888,1.0,0.3778301886792453,0.07740324594257178,0.9225967540574282
prostate,client1,Domain1,block,Case23_3.h5,147456,2279,141370,4095,0.015455457899305556,0.9587266710069444,0.02777099609375,1.0,0.5565323565323566,0.09916630100921457,0.9008336989907855
prostate,client1,Domain1,block,Case23_4.h5,147456,3451,140813,5437,0.023403591579861112,0.9549492730034722,0.036872016059027776,1.0,0.6347250321868677,0.056795131845841784,0.9432048681541582
prostate,client1,Domain1,block,Case23_5.h5,147456,4184,140539,6229,0.028374565972222224,0.9530910915798612,0.042243109809027776,1.0,0.6716969015893401,0.04612810707456979,0.9538718929254302
prostate,client1,Domain1,block,Case23_6.h5,147456,4987,140238,7069,0.033820258246527776,0.9510498046875,0.04793972439236111,1.0,0.7054746074409393,0.05093242430318829,0.9490675756968117
prostate,client1,Domain1,block,Case23_7.h5,147456,5598,140165,7705,0.0379638671875,0.9505547417534722,0.052252875434027776,1.0,0.726541207008436,0.05680600214362272,0.9431939978563773
prostate,client1,Domain1,block,Case23_8.h5,147456,5894,140016,8030,0.039971245659722224,0.9495442708333334,0.05445692274305555,1.0,0.7339975093399751,0.05497115710892433,0.9450288428910757
prostate,client1,Domain1,block,Case23_9.h5,147456,5830,140088,7942,0.03953721788194445,0.9500325520833334,0.05386013454861111,1.0,0.7340720221606648,0.05660377358490566,0.9433962264150944
prostate,client1,Domain1,block,Case24_10.h5,147456,4938,140321,6994,0.033487955729166664,0.9516126844618056,0.047431098090277776,1.0,0.7060337432084643,0.04981773997569866,0.9501822600243013
prostate,client1,Domain1,block,Case24_11.h5,147456,4731,140355,6784,0.032084147135416664,0.95184326171875,0.04600694444444445,1.0,0.6973761792452831,0.04481082223631368,0.9551891777636863
prostate,client1,Domain1,block,Case24_12.h5,147456,4171,140658,6221,0.028286404079861112,0.9538981119791666,0.04218885633680555,1.0,0.6704709853721267,0.052265643730520256,0.9477343562694798
prostate,client1,Domain1,block,Case24_13.h5,147456,2509,141874,4035,0.017015245225694444,0.9621446397569444,0.027364095052083332,1.0,0.6218091697645601,0.04982064567556795,0.950179354324432
prostate,client1,Domain1,block,Case24_14.h5,147456,2324,141859,3937,0.015760633680555556,0.9620429144965278,0.026699490017361112,1.0,0.5902971805943612,0.03399311531841653,0.9660068846815835
prostate,client1,Domain1,block,Case24_15.h5,147456,1704,142493,3067,0.011555989583333334,0.9663425021701388,0.020799424913194444,1.0,0.5555917835017933,0.03990610328638498,0.960093896713615
prostate,client1,Domain1,block,Case24_16.h5,147456,1137,142960,2345,0.007710774739583333,0.9695095486111112,0.015903049045138888,1.0,0.48486140724946697,0.01759014951627089,0.9824098504837291
prostate,client1,Domain1,block,Case24_17.h5,147456,241,144077,1124,0.0016343858506944445,0.9770846896701388,0.007622612847222222,1.0,0.21441281138790036,0.016597510373443983,0.983402489626556
prostate,client1,Domain1,block,Case24_2.h5,147456,370,144040,1266,0.002509223090277778,0.9768337673611112,0.008585611979166666,1.0,0.292259083728278,0.12162162162162163,0.8783783783783784
prostate,client1,Domain1,block,Case24_3.h5,147456,1139,143083,2272,0.007724338107638889,0.9703436957465278,0.015407986111111112,1.0,0.5013204225352113,0.09306409130816505,0.9069359086918349
prostate,client1,Domain1,block,Case24_4.h5,147456,1420,142980,2522,0.009629991319444444,0.9696451822916666,0.017103407118055556,1.0,0.56304520222046,0.1323943661971831,0.8676056338028169
prostate,client1,Domain1,block,Case24_5.h5,147456,2268,142227,3615,0.015380859375,0.96453857421875,0.024515787760416668,1.0,0.6273858921161826,0.09435626102292768,0.9056437389770723
prostate,client1,Domain1,block,Case24_6.h5,147456,3041,141666,4607,0.020623101128472224,0.9607340494791666,0.031243218315972224,1.0,0.660082483177773,0.06412364353830977,0.9358763564616902
prostate,client1,Domain1,block,Case24_7.h5,147456,3911,141000,5711,0.026523166232638888,0.9562174479166666,0.03873019748263889,1.0,0.6848187707932061,0.04116594221426745,0.9588340577857325
prostate,client1,Domain1,block,Case24_8.h5,147456,4172,141147,5921,0.028293185763888888,0.95721435546875,0.040154351128472224,1.0,0.7046107076507346,0.06735378715244487,0.9326462128475551
prostate,client1,Domain1,block,Case24_9.h5,147456,4805,140538,6803,0.032585991753472224,0.9530843098958334,0.046135796440972224,1.0,0.7063060414523005,0.05556711758584808,0.9444328824141519
prostate,client1,Domain1,block,Case25_1.h5,147456,179,145357,502,0.0012139214409722222,0.9857652452256944,0.0034044053819444445,1.0,0.3565737051792829,0.2737430167597765,0.7262569832402235
prostate,client1,Domain1,block,Case25_10.h5,147456,5275,139818,7585,0.035773383246527776,0.9482014973958334,0.05143907335069445,1.0,0.6954515491100857,0.02104265402843602,0.978957345971564
prostate,client1,Domain1,block,Case25_11.h5,147456,5130,139992,7314,0.0347900390625,0.9493815104166666,0.049601236979166664,1.0,0.7013945857260049,0.030214424951267055,0.969785575048733
prostate,client1,Domain1,block,Case25_12.h5,147456,4621,140318,6767,0.03133816189236111,0.9515923394097222,0.045891655815972224,1.0,0.6828727648884292,0.039385414412464834,0.9606145855875352
prostate,client1,Domain1,block,Case25_13.h5,147456,4254,140407,6359,0.028849283854166668,0.9521959092881944,0.04312472873263889,1.0,0.6689731089793993,0.022566995768688293,0.9774330042313117
prostate,client1,Domain1,block,Case25_14.h5,147456,3928,140613,5947,0.026638454861111112,0.9535929361979166,0.04033067491319445,1.0,0.6605010929880613,0.02189409368635438,0.9781059063136456
prostate,client1,Domain1,block,Case25_15.h5,147456,4079,140641,6094,0.027662489149305556,0.9537828233506944,0.041327582465277776,1.0,0.6693468985887758,0.03456729590585928,0.9654327040941407
prostate,client1,Domain1,block,Case25_16.h5,147456,3406,140903,5399,0.023098415798611112,0.9555596245659722,0.036614312065972224,1.0,0.6308575662159659,0.024368761009982386,0.9756312389900176
prostate,client1,Domain1,block,Case25_17.h5,147456,2962,141360,4738,0.020087348090277776,0.9586588541666666,0.03213161892361111,1.0,0.6251582946390882,0.06144496961512492,0.9385550303848751
prostate,client1,Domain1,block,Case25_2.h5,147456,469,143592,1503,0.003180609809027778,0.9737955729166666,0.01019287109375,1.0,0.3120425815036593,0.0767590618336887,0.9232409381663113
prostate,client1,Domain1,block,Case25_3.h5,147456,1186,142461,2719,0.008043077256944444,0.96612548828125,0.018439398871527776,1.0,0.4361897756528135,0.06070826306913996,0.93929173693086
prostate,client1,Domain1,block,Case25_4.h5,147456,2170,141406,4011,0.014716254340277778,0.9589708116319444,0.027201334635416668,1.0,0.5410122164048866,0.04884792626728111,0.9511520737327189
prostate,client1,Domain1,block,Case25_5.h5,147456,3157,140981,5107,0.021409776475694444,0.9560885959201388,0.03463406032986111,1.0,0.6181711376542001,0.04212860310421286,0.9578713968957872
prostate,client1,Domain1,block,Case25_6.h5,147456,4078,140454,6148,0.027655707465277776,0.9525146484375,0.041693793402777776,1.0,0.6633051398828888,0.030407062285434036,0.969592937714566
prostate,client1,Domain1,block,Case25_7.h5,147456,5594,139768,7948,0.03793674045138889,0.9478624131944444,0.053900824652777776,1.0,0.7038248616004026,0.03199856989631748,0.9680014301036826
prostate,client1,Domain1,block,Case25_8.h5,147456,6121,139589,8465,0.041510687934027776,0.9466484917534722,0.05740695529513889,1.0,0.7230950974601299,0.037575559549093286,0.9624244404509067
prostate,client1,Domain1,block,Case25_9.h5,147456,6829,139091,9376,0.04631212022569445,0.9432712131076388,0.06358506944444445,1.0,0.728348976109215,0.0330941572704642,0.9669058427295358
prostate,client1,Domain1,block,Case26_10.h5,147456,6467,139541,8749,0.04385715060763889,0.9463229709201388,0.059332953559027776,1.0,0.7391701908789576,0.04793567341889593,0.9520643265811041
prostate,client1,Domain1,block,Case26_11.h5,147456,6558,139561,8813,0.044474283854166664,0.9464586046006944,0.05976698133680555,1.0,0.7441279927380007,0.04406831351021653,0.9559316864897834
prostate,client1,Domain1,block,Case26_12.h5,147456,6262,139840,8406,0.04246690538194445,0.9483506944444444,0.0570068359375,1.0,0.7449440875565072,0.051421271159374005,0.948578728840626
prostate,client1,Domain1,block,Case26_13.h5,147456,4600,140448,6586,0.031195746527777776,0.9524739583333334,0.04466417100694445,1.0,0.698451260249013,0.04630434782608696,0.953695652173913
prostate,client1,Domain1,block,Case26_14.h5,147456,2365,141878,3935,0.016038682725694444,0.9621717664930556,0.026685926649305556,1.0,0.6010165184243964,0.03509513742071882,0.9649048625792812
prostate,client1,Domain1,block,Case26_15.h5,147456,1491,142281,2973,0.010111490885416666,0.96490478515625,0.020161946614583332,1.0,0.5015136226034309,0.03085177733065057,0.9691482226693494
prostate,client1,Domain1,block,Case26_16.h5,147456,9,144955,566,6.103515625e-05,0.9830390082465278,0.003838433159722222,1.0,0.015901060070671377,0.0,1.0
prostate,client1,Domain1,block,Case26_2.h5,147456,235,143877,1246,0.0015936957465277778,0.9757283528645834,0.008449978298611112,1.0,0.18860353130016053,0.05106382978723404,0.948936170212766
prostate,client1,Domain1,block,Case26_3.h5,147456,725,143298,1871,0.004916720920138889,0.9718017578125,0.012688530815972222,1.0,0.3874933190807055,0.08413793103448276,0.9158620689655173
prostate,client1,Domain1,block,Case26_4.h5,147456,1423,142636,2805,0.009650336371527778,0.9673122829861112,0.019022623697916668,1.0,0.5073083778966132,0.07800421644413212,0.9219957835558679
prostate,client1,Domain1,block,Case26_5.h5,147456,2133,141912,3712,0.01446533203125,0.96240234375,0.025173611111111112,1.0,0.5746228448275862,0.05532114392873887,0.9446788560712611
prostate,client1,Domain1,block,Case26_6.h5,147456,3118,141307,4856,0.021145290798611112,0.9582994249131944,0.03293185763888889,1.0,0.6420922570016474,0.07312379730596537,0.9268762026940346
prostate,client1,Domain1,block,Case26_7.h5,147456,4636,140214,6824,0.031439887152777776,0.9508870442708334,0.04627821180555555,1.0,0.67936694021102,0.04702329594477998,0.9529767040552201
prostate,client1,Domain1,block,Case26_8.h5,147456,5305,139841,7600,0.03597683376736111,0.9483574761284722,0.05154079861111111,1.0,0.6980263157894737,0.043355325164938736,0.9566446748350612
prostate,client1,Domain1,block,Case26_9.h5,147456,5950,139525,8289,0.040351019965277776,0.9462144639756944,0.05621337890625,1.0,0.7178187959946918,0.04319327731092437,0.9568067226890756
prostate,client1,Domain1,block,Case27_0.h5,147456,1935,142228,3419,0.01312255859375,0.9645453559027778,0.023186577690972224,1.0,0.5659549575899385,0.07286821705426356,0.9271317829457364
prostate,client1,Domain1,block,Case27_1.h5,147456,2984,141481,4707,0.020236545138888888,0.9594794379340278,0.03192138671875,1.0,0.6339494370087104,0.05462466487935657,0.9453753351206434
prostate,client1,Domain1,block,Case27_10.h5,147456,3569,141086,5475,0.024203830295138888,0.9568006727430556,0.037129720052083336,1.0,0.6518721461187215,0.05743905855982068,0.9425609414401793
prostate,client1,Domain1,block,Case27_11.h5,147456,1800,141896,3397,0.01220703125,0.9622938368055556,0.023037380642361112,1.0,0.5298793052693553,0.03833333333333333,0.9616666666666667
prostate,client1,Domain1,block,Case27_12.h5,147456,564,143741,1567,0.0038248697916666665,0.9748060438368056,0.010626898871527778,1.0,0.3599234205488194,0.0549645390070922,0.9450354609929078
prostate,client1,Domain1,block,Case27_13.h5,147456,290,144473,969,0.0019666883680555555,0.9797702365451388,0.006571451822916667,1.0,0.29927760577915374,0.06551724137931035,0.9344827586206896
prostate,client1,Domain1,block,Case27_2.h5,147456,4682,140314,6784,0.03175184461805555,0.9515652126736112,0.04600694444444445,1.0,0.6901533018867925,0.04848355403673644,0.9515164459632636
prostate,client1,Domain1,block,Case27_3.h5,147456,6594,139066,9127,0.044718424479166664,0.9431016710069444,0.061896430121527776,1.0,0.7224717870055878,0.03897482559902942,0.9610251744009706
prostate,client1,Domain1,block,Case27_4.h5,147456,7784,139009,10212,0.052788628472222224,0.9427151150173612,0.06925455729166667,1.0,0.7622405013709361,0.05896711202466598,0.941032887975334
prostate,client1,Domain1,block,Case27_5.h5,147456,8842,138578,11367,0.05996365017361111,0.9397922092013888,0.07708740234375,1.0,0.7778657517374857,0.050780366432933724,0.9492196335670663
prostate,client1,Domain1,block,Case27_6.h5,147456,8858,138580,11440,0.06007215711805555,0.9398057725694444,0.07758246527777778,1.0,0.7743006993006993,0.040302551365996836,0.9596974486340032
prostate,client1,Domain1,block,Case27_7.h5,147456,8966,138193,11701,0.06080457899305555,0.9371812608506944,0.07935248480902778,1.0,0.7662592940774293,0.03635958063796565,0.9636404193620344
prostate,client1,Domain1,block,Case27_8.h5,147456,8356,138593,10907,0.05666775173611111,0.9398939344618056,0.07396782769097222,1.0,0.7661135050884753,0.03889420775490665,0.9611057922450933
prostate,client1,Domain1,block,Case27_9.h5,147456,4870,140077,7065,0.033026801215277776,0.9499579535590278,0.04791259765625,1.0,0.689313517338995,0.02546201232032854,0.9745379876796715
prostate,client1,Domain1,block,Case28_10.h5,147456,6018,139703,8256,0.040812174479166664,0.9474216037326388,0.055989583333333336,1.0,0.7289244186046512,0.04187437686939183,0.9581256231306082
prostate,client1,Domain1,block,Case28_11.h5,147456,5534,139779,7743,0.037529839409722224,0.94793701171875,0.052510579427083336,1.0,0.7147100606999871,0.03740513191181785,0.9625948680881822
prostate,client1,Domain1,block,Case28_12.h5,147456,4727,139676,7184,0.03205702039930555,0.9472384982638888,0.04871961805555555,1.0,0.657989977728285,0.027501586629997885,0.9724984133700021
prostate,client1,Domain1,block,Case28_13.h5,147456,2619,141558,4397,0.01776123046875,0.9600016276041666,0.029819064670138888,1.0,0.5956333863998181,0.038564337533409696,0.9614356624665903
prostate,client1,Domain1,block,Case28_14.h5,147456,1956,141779,3745,0.013264973958333334,0.9615003797743056,0.025397406684027776,1.0,0.5222963951935915,0.010736196319018405,0.9892638036809815
prostate,client1,Domain1,block,Case28_15.h5,147456,1169,142558,2611,0.007927788628472222,0.9667833116319444,0.017706976996527776,1.0,0.4477211796246649,0.007698887938408896,0.9923011120615911
prostate,client1,Domain1,block,Case28_16.h5,147456,1086,142738,2468,0.007364908854166667,0.9680040147569444,0.016737196180555556,1.0,0.440032414910859,0.03130755064456722,0.9686924493554327
prostate,client1,Domain1,block,Case28_17.h5,147456,160,144407,953,0.0010850694444444445,0.9793226453993056,0.006462944878472222,1.0,0.16789087093389296,0.0,1.0
prostate,client1,Domain1,block,Case28_18.h5,147456,164,144437,927,0.0011121961805555555,0.9795260959201388,0.00628662109375,1.0,0.17691477885652643,0.0,1.0
prostate,client1,Domain1,block,Case28_19.h5,147456,69,144992,589,0.0004679361979166667,0.9832899305555556,0.003994411892361111,1.0,0.11714770797962648,0.057971014492753624,0.9420289855072463
prostate,client1,Domain1,block,Case28_4.h5,147456,132,144369,963,0.0008951822916666666,0.97906494140625,0.00653076171875,1.0,0.13707165109034267,0.0,1.0
prostate,client1,Domain1,block,Case28_5.h5,147456,1046,142752,2390,0.007093641493055556,0.9680989583333334,0.016208224826388888,1.0,0.4376569037656904,0.010516252390057362,0.9894837476099426
prostate,client1,Domain1,block,Case28_6.h5,147456,2820,141584,4540,0.019124348958333332,0.9601779513888888,0.030788845486111112,1.0,0.6211453744493393,0.0574468085106383,0.9425531914893617
prostate,client1,Domain1,block,Case28_7.h5,147456,3932,140801,5918,0.026665581597222224,0.9548678927951388,0.04013400607638889,1.0,0.6644136532612369,0.04959308240081384,0.9504069175991862
prostate,client1,Domain1,block,Case28_8.h5,147456,4694,140117,6886,0.03183322482638889,0.9502292209201388,0.046698676215277776,1.0,0.6816729596282312,0.028973157221985513,0.9710268427780144
prostate,client1,Domain1,block,Case28_9.h5,147456,5431,139903,7620,0.03683132595486111,0.9487779405381944,0.051676432291666664,1.0,0.7127296587926509,0.03921929663045479,0.9607807033695452
prostate,client2,Domain2,keypoint,Case01_10.h5,147456,52,104,7089,0.00035264756944444444,0.0007052951388888889,0.048075358072916664,0.9807692307692307,0.007194244604316547,0.23076923076923078,0.75
prostate,client2,Domain2,keypoint,Case01_11.h5,147456,52,104,6253,0.00035264756944444444,0.0007052951388888889,0.04240587022569445,0.9230769230769231,0.007676315368623061,0.17307692307692307,0.75
prostate,client2,Domain2,keypoint,Case01_12.h5,147456,52,104,5924,0.00035264756944444444,0.0007052951388888889,0.04017469618055555,0.9230769230769231,0.008102633355840648,0.17307692307692307,0.75
prostate,client2,Domain2,keypoint,Case01_13.h5,147456,52,104,5344,0.00035264756944444444,0.0007052951388888889,0.03624131944444445,1.0,0.009730538922155689,0.019230769230769232,0.9807692307692307
prostate,client2,Domain2,keypoint,Case01_4.h5,147456,52,104,2239,0.00035264756944444444,0.0007052951388888889,0.015184190538194444,0.9807692307692307,0.022778025904421618,0.23076923076923078,0.75
prostate,client2,Domain2,keypoint,Case01_5.h5,147456,52,104,5160,0.00035264756944444444,0.0007052951388888889,0.034993489583333336,0.9230769230769231,0.009302325581395349,0.17307692307692307,0.75
prostate,client2,Domain2,keypoint,Case01_6.h5,147456,52,104,5790,0.00035264756944444444,0.0007052951388888889,0.039265950520833336,1.0,0.008981001727115717,0.23076923076923078,0.7692307692307693
prostate,client2,Domain2,keypoint,Case01_7.h5,147456,52,104,6663,0.00035264756944444444,0.0007052951388888889,0.045186360677083336,0.9807692307692307,0.00765420981539847,0.23076923076923078,0.75
prostate,client2,Domain2,keypoint,Case01_8.h5,147456,52,104,6729,0.00035264756944444444,0.0007052951388888889,0.045633951822916664,1.0,0.007727745578837866,0.25,0.75
prostate,client2,Domain2,keypoint,Case01_9.h5,147456,52,104,7009,0.00035264756944444444,0.0007052951388888889,0.04753282335069445,0.9230769230769231,0.006848337851333999,0.17307692307692307,0.75
prostate,client2,Domain2,keypoint,Case02_10.h5,147456,52,104,6131,0.00035264756944444444,0.0007052951388888889,0.04157850477430555,1.0,0.00848148752242701,0.23076923076923078,0.7692307692307693
prostate,client2,Domain2,keypoint,Case02_11.h5,147456,52,104,7138,0.00035264756944444444,0.0007052951388888889,0.048407660590277776,0.9807692307692307,0.0071448585037825725,0.23076923076923078,0.75
prostate,client2,Domain2,keypoint,Case02_12.h5,147456,52,104,8299,0.00035264756944444444,0.0007052951388888889,0.056281195746527776,0.9807692307692307,0.006145318713097964,0.23076923076923078,0.75
prostate,client2,Domain2,keypoint,Case02_13.h5,147456,52,104,8372,0.00035264756944444444,0.0007052951388888889,0.05677625868055555,0.9807692307692307,0.006091734352603918,0.23076923076923078,0.75
prostate,client2,Domain2,keypoint,Case02_14.h5,147456,52,104,8355,0.00035264756944444444,0.0007052951388888889,0.056660970052083336,0.9230769230769231,0.005745062836624776,0.17307692307692307,0.75
prostate,client2,Domain2,keypoint,Case02_15.h5,147456,52,104,8341,0.00035264756944444444,0.0007052951388888889,0.05656602647569445,0.9230769230769231,0.0057547056707828795,0.17307692307692307,0.75
prostate,client2,Domain2,keypoint,Case02_16.h5,147456,52,104,7804,0.00035264756944444444,0.0007052951388888889,0.052924262152777776,0.9230769230769231,0.006150691952844695,0.17307692307692307,0.75
prostate,client2,Domain2,keypoint,Case02_17.h5,147456,52,104,6947,0.00035264756944444444,0.0007052951388888889,0.047112358940972224,1.0,0.0074852454296818775,0.07692307692307693,0.9230769230769231
prostate,client2,Domain2,keypoint,Case02_18.h5,147456,52,104,4433,0.00035264756944444444,0.0007052951388888889,0.030063205295138888,1.0,0.011730205278592375,0.019230769230769232,0.9807692307692307
prostate,client2,Domain2,keypoint,Case02_19.h5,147456,52,104,2379,0.00035264756944444444,0.0007052951388888889,0.016133626302083332,0.9615384615384616,0.021017234131988232,0.7115384615384616,0.25
prostate,client2,Domain2,keypoint,Case02_20.h5,147456,52,104,1989,0.00035264756944444444,0.0007052951388888889,0.01348876953125,1.0,0.026143790849673203,0.5192307692307693,0.4807692307692308
prostate,client2,Domain2,keypoint,Case02_21.h5,147456,52,104,1025,0.00035264756944444444,0.0007052951388888889,0.006951226128472222,1.0,0.050731707317073174,0.5,0.5
prostate,client2,Domain2,keypoint,Case02_7.h5,147456,52,104,955,0.00035264756944444444,0.0007052951388888889,0.006476508246527778,0.9807692307692307,0.05340314136125655,0.6923076923076923,0.28846153846153844
prostate,client2,Domain2,keypoint,Case02_8.h5,147456,65,169,1935,0.00044080946180555556,0.0011461046006944445,0.01312255859375,0.7538461538461538,0.025322997416020673,0.3230769230769231,0.4307692307692308
prostate,client2,Domain2,keypoint,Case02_9.h5,147456,52,104,3880,0.00035264756944444444,0.0007052951388888889,0.026312934027777776,0.9807692307692307,0.013144329896907217,0.3076923076923077,0.6730769230769231
prostate,client2,Domain2,keypoint,Case03_7.h5,147456,52,104,2227,0.00035264756944444444,0.0007052951388888889,0.015102810329861112,0.8846153846153846,0.020655590480466997,0.5961538461538461,0.28846153846153844
prostate,client2,Domain2,keypoint,Case04_10.h5,147456,52,104,4637,0.00035264756944444444,0.0007052951388888889,0.03144666883680555,0.9615384615384616,0.010782833728703903,0.6923076923076923,0.2692307692307692
prostate,client2,Domain2,keypoint,Case04_11.h5,147456,52,104,5960,0.00035264756944444444,0.0007052951388888889,0.04041883680555555,0.9807692307692307,0.008557046979865772,0.23076923076923078,0.75
prostate,client2,Domain2,keypoint,Case04_12.h5,147456,52,104,6996,0.00035264756944444444,0.0007052951388888889,0.047444661458333336,0.9230769230769231,0.00686106346483705,0.5576923076923077,0.36538461538461536
prostate,client2,Domain2,keypoint,Case04_13.h5,147456,52,104,7384,0.00035264756944444444,0.0007052951388888889,0.05007595486111111,1.0,0.007042253521126761,0.25,0.75
prostate,client2,Domain2,keypoint,Case04_14.h5,147456,52,104,7241,0.00035264756944444444,0.0007052951388888889,0.04910617404513889,1.0,0.00718132854578097,0.5,0.5
prostate,client2,Domain2,keypoint,Case04_15.h5,147456,52,104,7201,0.00035264756944444444,0.0007052951388888889,0.048834906684027776,1.0,0.00722121927510068,0.38461538461538464,0.6153846153846154
prostate,client2,Domain2,keypoint,Case04_16.h5,147456,52,104,7667,0.00035264756944444444,0.0007052951388888889,0.051995171440972224,0.9230769230769231,0.006260597365331942,0.17307692307692307,0.75
prostate,client2,Domain2,keypoint,Case04_17.h5,147456,52,104,6549,0.00035264756944444444,0.0007052951388888889,0.044413248697916664,0.9807692307692307,0.007787448465414567,0.34615384615384615,0.6346153846153846
prostate,client2,Domain2,keypoint,Case04_18.h5,147456,52,104,5712,0.00035264756944444444,0.0007052951388888889,0.038736979166666664,0.9615384615384616,0.008753501400560224,0.21153846153846154,0.75
prostate,client2,Domain2,keypoint,Case04_19.h5,147456,52,104,2040,0.00035264756944444444,0.0007052951388888889,0.013834635416666666,1.0,0.025490196078431372,0.0,1.0
prostate,client2,Domain2,keypoint,Case04_9.h5,147456,52,104,2009,0.00035264756944444444,0.0007052951388888889,0.013624403211805556,0.9615384615384616,0.024888003982080638,0.46153846153846156,0.5
prostate,client2,Domain2,keypoint,Case06_10.h5,147456,65,169,5406,0.00044080946180555556,0.0011461046006944445,0.036661783854166664,0.8153846153846154,0.00980392156862745,0.4153846153846154,0.4
prostate,client2,Domain2,keypoint,Case06_11.h5,147456,65,169,5377,0.00044080946180555556,0.0011461046006944445,0.03646511501736111,0.8153846153846154,0.009856797470708573,0.2153846153846154,0.6
prostate,client2,Domain2,keypoint,Case06_12.h5,147456,52,104,5358,0.00035264756944444444,0.0007052951388888889,0.036336263020833336,1.0,0.009705113848450915,0.2692307692307692,0.7307692307692307
prostate,client2,Domain2,keypoint,Case06_13.h5,147456,65,169,4677,0.00044080946180555556,0.0011461046006944445,0.031717936197916664,0.7538461538461538,0.010476801368398547,0.3076923076923077,0.4461538461538462
prostate,client2,Domain2,keypoint,Case06_14.h5,147456,65,169,3364,0.00044080946180555556,0.0011461046006944445,0.022813585069444444,0.8,0.015457788347205707,0.2,0.6
prostate,client2,Domain2,keypoint,Case06_6.h5,147456,52,104,199,0.00035264756944444444,0.0007052951388888889,0.0013495551215277778,0.9807692307692307,0.2562814070351759,0.9230769230769231,0.057692307692307696
prostate,client2,Domain2,keypoint,Case06_7.h5,147456,52,104,4035,0.00035264756944444444,0.0007052951388888889,0.027364095052083332,0.9807692307692307,0.012639405204460967,0.4423076923076923,0.5384615384615384
prostate,client2,Domain2,keypoint,Case06_8.h5,147456,52,104,4759,0.00035264756944444444,0.0007052951388888889,0.03227403428819445,0.9807692307692307,0.01071653708762345,0.4807692307692308,0.5
prostate,client2,Domain2,keypoint,Case06_9.h5,147456,52,104,4984,0.00035264756944444444,0.0007052951388888889,0.03379991319444445,0.9230769230769231,0.009630818619582664,0.19230769230769232,0.7307692307692307
prostate,client2,Domain2,keypoint,Case08_10.h5,147456,52,104,5471,0.00035264756944444444,0.0007052951388888889,0.037102593315972224,0.9230769230769231,0.008773533174922318,0.17307692307692307,0.75
prostate,client2,Domain2,keypoint,Case08_11.h5,147456,52,104,5776,0.00035264756944444444,0.0007052951388888889,0.03917100694444445,0.9807692307692307,0.008829639889196677,0.23076923076923078,0.75
prostate,client2,Domain2,keypoint,Case08_12.h5,147456,52,104,6493,0.00035264756944444444,0.0007052951388888889,0.04403347439236111,1.0,0.008008624672724472,0.17307692307692307,0.8269230769230769
prostate,client2,Domain2,keypoint,Case08_13.h5,147456,52,104,7429,0.00035264756944444444,0.0007052951388888889,0.05038113064236111,0.9230769230769231,0.006461165701978732,0.17307692307692307,0.75
prostate,client2,Domain2,keypoint,Case08_14.h5,147456,52,104,7268,0.00035264756944444444,0.0007052951388888889,0.04928927951388889,0.9807692307692307,0.00701706108970831,0.23076923076923078,0.75
prostate,client2,Domain2,keypoint,Case08_15.h5,147456,52,104,7475,0.00035264756944444444,0.0007052951388888889,0.05069308810763889,0.9230769230769231,0.006421404682274248,0.34615384615384615,0.5769230769230769
prostate,client2,Domain2,keypoint,Case08_16.h5,147456,52,104,7142,0.00035264756944444444,0.0007052951388888889,0.04843478732638889,0.9230769230769231,0.006720806496779613,0.5,0.4230769230769231
prostate,client2,Domain2,keypoint,Case08_17.h5,147456,52,104,4881,0.00035264756944444444,0.0007052951388888889,0.033101399739583336,0.9807692307692307,0.010448678549477565,0.7115384615384616,0.2692307692307692
prostate,client2,Domain2,keypoint,Case08_18.h5,147456,52,104,5241,0.00035264756944444444,0.0007052951388888889,0.035542805989583336,0.9807692307692307,0.009730967372638809,0.5576923076923077,0.4230769230769231
prostate,client2,Domain2,keypoint,Case08_8.h5,147456,52,104,2262,0.00035264756944444444,0.0007052951388888889,0.015340169270833334,0.9230769230769231,0.021220159151193633,0.5961538461538461,0.3269230769230769
prostate,client2,Domain2,keypoint,Case08_9.h5,147456,52,104,4804,0.00035264756944444444,0.0007052951388888889,0.03257921006944445,1.0,0.010824313072439634,0.17307692307692307,0.8269230769230769
prostate,client2,Domain2,keypoint,Case09_10.h5,147456,52,104,5067,0.00035264756944444444,0.0007052951388888889,0.03436279296875,0.9230769230769231,0.009473060982830076,0.17307692307692307,0.75
prostate,client2,Domain2,keypoint,Case09_11.h5,147456,52,104,6250,0.00035264756944444444,0.0007052951388888889,0.04238552517361111,0.9230769230769231,0.00768,0.19230769230769232,0.7307692307692307
prostate,client2,Domain2,keypoint,Case09_12.h5,147456,52,104,6944,0.00035264756944444444,0.0007052951388888889,0.04709201388888889,0.9807692307692307,0.00734447004608295,0.23076923076923078,0.75
prostate,client2,Domain2,keypoint,Case09_13.h5,147456,52,104,6855,0.00035264756944444444,0.0007052951388888889,0.046488444010416664,0.9230769230769231,0.00700218818380744,0.17307692307692307,0.75
prostate,client2,Domain2,keypoint,Case09_14.h5,147456,52,104,6945,0.00035264756944444444,0.0007052951388888889,0.047098795572916664,1.0,0.007487401007919367,0.3269230769230769,0.6730769230769231
prostate,client2,Domain2,keypoint,Case09_15.h5,147456,52,104,6310,0.00035264756944444444,0.0007052951388888889,0.042792426215277776,0.9230769230769231,0.007606973058637084,0.17307692307692307,0.75
prostate,client2,Domain2,keypoint,Case09_16.h5,147456,52,104,6040,0.00035264756944444444,0.0007052951388888889,0.040961371527777776,0.9230769230769231,0.007947019867549669,0.17307692307692307,0.75
prostate,client2,Domain2,keypoint,Case09_17.h5,147456,52,104,1739,0.00035264756944444444,0.0007052951388888889,0.011793348524305556,1.0,0.029902242668200116,0.25,0.75
prostate,client2,Domain2,keypoint,Case09_8.h5,147456,52,104,3476,0.00035264756944444444,0.0007052951388888889,0.023573133680555556,0.9615384615384616,0.014384349827387802,0.6730769230769231,0.28846153846153844
prostate,client2,Domain2,keypoint,Case09_9.h5,147456,52,104,4834,0.00035264756944444444,0.0007052951388888889,0.032782660590277776,0.9423076923076923,0.010136532892014894,0.5384615384615384,0.40384615384615385
prostate,client2,Domain2,keypoint,Case10_10.h5,147456,52,104,6618,0.00035264756944444444,0.0007052951388888889,0.044881184895833336,0.9230769230769231,0.007252946509519492,0.17307692307692307,0.75
prostate,client2,Domain2,keypoint,Case10_11.h5,147456,52,104,7604,0.00035264756944444444,0.0007052951388888889,0.051567925347222224,0.9807692307692307,0.006706996317727512,0.4807692307692308,0.5
prostate,client2,Domain2,keypoint,Case10_12.h5,147456,52,104,8166,0.00035264756944444444,0.0007052951388888889,0.055379231770833336,1.0,0.006367866764633847,0.3076923076923077,0.6923076923076923
prostate,client2,Domain2,keypoint,Case10_13.h5,147456,52,104,9454,0.00035264756944444444,0.0007052951388888889,0.0641140407986111,0.9807692307692307,0.0053945419928072775,0.23076923076923078,0.75
prostate,client2,Domain2,keypoint,Case10_14.h5,147456,52,104,10302,0.00035264756944444444,0.0007052951388888889,0.06986490885416667,0.9230769230769231,0.004659289458357601,0.17307692307692307,0.75
prostate,client2,Domain2,keypoint,Case10_15.h5,147456,52,104,10275,0.00035264756944444444,0.0007052951388888889,0.06968180338541667,0.9230769230769231,0.004671532846715329,0.19230769230769232,0.7307692307692307
prostate,client2,Domain2,keypoint,Case10_16.h5,147456,52,104,11197,0.00035264756944444444,0.0007052951388888889,0.07593451605902778,0.9230769230769231,0.004286862552469411,0.17307692307692307,0.75
prostate,client2,Domain2,keypoint,Case10_17.h5,147456,52,104,10614,0.00035264756944444444,0.0007052951388888889,0.07198079427083333,0.9230769230769231,0.0045223289994347085,0.17307692307692307,0.75
prostate,client2,Domain2,keypoint,Case10_18.h5,147456,52,104,11085,0.00035264756944444444,0.0007052951388888889,0.07517496744791667,1.0,0.004691023906179522,0.25,0.75
prostate,client2,Domain2,keypoint,Case10_19.h5,147456,52,104,10365,0.00035264756944444444,0.0007052951388888889,0.07029215494791667,1.0,0.005016883743367101,0.17307692307692307,0.8269230769230769
prostate,client2,Domain2,keypoint,Case10_20.h5,147456,52,104,9035,0.00035264756944444444,0.0007052951388888889,0.061272515190972224,1.0,0.0057553956834532375,0.0,1.0
prostate,client2,Domain2,keypoint,Case10_21.h5,147456,52,104,5790,0.00035264756944444444,0.0007052951388888889,0.039265950520833336,1.0,0.008981001727115717,0.0,1.0
prostate,client2,Domain2,keypoint,Case10_9.h5,147456,52,104,3039,0.00035264756944444444,0.0007052951388888889,0.020609537760416668,0.9807692307692307,0.01678183613030602,0.8653846153846154,0.11538461538461539
prostate,client2,Domain2,keypoint,Case11_10.h5,147456,52,104,7239,0.00035264756944444444,0.0007052951388888889,0.049092610677083336,1.0,0.007183312612239259,0.25,0.75
prostate,client2,Domain2,keypoint,Case11_11.h5,147456,52,104,7795,0.00035264756944444444,0.0007052951388888889,0.052863226996527776,0.9807692307692307,0.006542655548428479,0.23076923076923078,0.75
prostate,client2,Domain2,keypoint,Case11_12.h5,147456,52,104,8430,0.00035264756944444444,0.0007052951388888889,0.057169596354166664,1.0,0.006168446026097271,0.17307692307692307,0.8269230769230769
prostate,client2,Domain2,keypoint,Case11_13.h5,147456,52,104,8837,0.00035264756944444444,0.0007052951388888889,0.059929741753472224,1.0,0.005884349892497454,0.25,0.75
prostate,client2,Domain2,keypoint,Case11_14.h5,147456,52,104,9511,0.00035264756944444444,0.0007052951388888889,0.06450059678819445,0.9230769230769231,0.005046787929765535,0.17307692307692307,0.75
prostate,client2,Domain2,keypoint,Case11_15.h5,147456,52,104,9518,0.00035264756944444444,0.0007052951388888889,0.0645480685763889,0.9807692307692307,0.005358268543811725,0.23076923076923078,0.75
prostate,client2,Domain2,keypoint,Case11_16.h5,147456,52,104,9767,0.00035264756944444444,0.0007052951388888889,0.06623670789930555,1.0,0.005324050373707382,0.23076923076923078,0.7692307692307693
prostate,client2,Domain2,keypoint,Case11_17.h5,147456,52,104,8667,0.00035264756944444444,0.0007052951388888889,0.05877685546875,1.0,0.005999769239644629,0.0,1.0
prostate,client2,Domain2,keypoint,Case11_18.h5,147456,52,104,7903,0.00035264756944444444,0.0007052951388888889,0.053595648871527776,1.0,0.006579779830444135,0.0,1.0
prostate,client2,Domain2,keypoint,Case11_19.h5,147456,52,104,6897,0.00035264756944444444,0.0007052951388888889,0.046773274739583336,1.0,0.007539509931854429,0.1346153846153846,0.8653846153846154
prostate,client2,Domain2,keypoint,Case11_20.h5,147456,52,104,4903,0.00035264756944444444,0.0007052951388888889,0.03325059678819445,1.0,0.010605751580664898,0.057692307692307696,0.9423076923076923
prostate,client2,Domain2,keypoint,Case11_21.h5,147456,52,104,1680,0.00035264756944444444,0.0007052951388888889,0.011393229166666666,1.0,0.030952380952380953,0.3076923076923077,0.6923076923076923
prostate,client2,Domain2,keypoint,Case11_7.h5,147456,52,104,3371,0.00035264756944444444,0.0007052951388888889,0.022861056857638888,1.0,0.0154256897063186,0.0,1.0
prostate,client2,Domain2,keypoint,Case11_8.h5,147456,52,104,4782,0.00035264756944444444,0.0007052951388888889,0.032430013020833336,0.9807692307692307,0.01066499372647428,0.25,0.7307692307692307
prostate,client2,Domain2,keypoint,Case11_9.h5,147456,52,104,6593,0.00035264756944444444,0.0007052951388888889,0.04471164279513889,0.9230769230769231,0.0072804489610192626,0.17307692307692307,0.75
prostate,client2,Domain2,keypoint,Case12_10.h5,147456,52,104,5918,0.00035264756944444444,0.0007052951388888889,0.04013400607638889,0.9230769230769231,0.008110848259547145,0.19230769230769232,0.7307692307692307
prostate,client2,Domain2,keypoint,Case12_11.h5,147456,52,104,6624,0.00035264756944444444,0.0007052951388888889,0.044921875,0.9230769230769231,0.007246376811594203,0.17307692307692307,0.75
prostate,client2,Domain2,keypoint,Case12_12.h5,147456,52,104,6799,0.00035264756944444444,0.0007052951388888889,0.04610866970486111,0.9230769230769231,0.007059861744374172,0.17307692307692307,0.75
prostate,client2,Domain2,keypoint,Case12_13.h5,147456,52,104,7253,0.00035264756944444444,0.0007052951388888889,0.049187554253472224,1.0,0.0071694471253274505,0.25,0.75
prostate,client2,Domain2,keypoint,Case12_14.h5,147456,52,104,6823,0.00035264756944444444,0.0007052951388888889,0.046271430121527776,1.0,0.007621280961453906,0.1346153846153846,0.8653846153846154
prostate,client2,Domain2,keypoint,Case12_15.h5,147456,52,104,6777,0.00035264756944444444,0.0007052951388888889,0.04595947265625,1.0,0.007673011657075402,0.34615384615384615,0.6538461538461539
prostate,client2,Domain2,keypoint,Case12_16.h5,147456,52,104,6122,0.00035264756944444444,0.0007052951388888889,0.04151746961805555,0.9230769230769231,0.007840574975498203,0.4230769230769231,0.5
prostate,client2,Domain2,keypoint,Case12_17.h5,147456,52,104,4303,0.00035264756944444444,0.0007052951388888889,0.029181586371527776,1.0,0.012084592145015106,0.17307692307692307,0.8269230769230769
prostate,client2,Domain2,keypoint,Case12_7.h5,147456,52,104,1491,0.00035264756944444444,0.0007052951388888889,0.010111490885416666,1.0,0.034875922199865864,0.36538461538461536,0.6346153846153846
prostate,client2,Domain2,keypoint,Case12_8.h5,147456,52,104,4609,0.00035264756944444444,0.0007052951388888889,0.031256781684027776,0.9230769230769231,0.010414406595790845,0.17307692307692307,0.75
prostate,client2,Domain2,keypoint,Case12_9.h5,147456,52,104,5455,0.00035264756944444444,0.0007052951388888889,0.036994086371527776,0.9230769230769231,0.008799266727772686,0.17307692307692307,0.75
prostate,client2,Domain2,keypoint,Case13_10.h5,147456,52,104,4615,0.00035264756944444444,0.0007052951388888889,0.03129747178819445,1.0,0.011267605633802818,0.23076923076923078,0.7692307692307693
prostate,client2,Domain2,keypoint,Case13_11.h5,147456,52,104,4921,0.00035264756944444444,0.0007052951388888889,0.03337266710069445,0.9230769230769231,0.009754115017272911,0.17307692307692307,0.75
prostate,client2,Domain2,keypoint,Case13_12.h5,147456,52,104,4564,0.00035264756944444444,0.0007052951388888889,0.030951605902777776,0.9423076923076923,0.010736196319018405,0.19230769230769232,0.75
prostate,client2,Domain2,keypoint,Case13_13.h5,147456,52,104,4636,0.00035264756944444444,0.0007052951388888889,0.031439887152777776,0.9807692307692307,0.01100086281276963,0.23076923076923078,0.75
prostate,client2,Domain2,keypoint,Case13_14.h5,147456,52,104,4525,0.00035264756944444444,0.0007052951388888889,0.030687120225694444,0.9615384615384616,0.011049723756906077,0.21153846153846154,0.75
prostate,client2,Domain2,keypoint,Case13_15.h5,147456,52,104,3484,0.00035264756944444444,0.0007052951388888889,0.023627387152777776,1.0,0.014925373134328358,0.25,0.75
prostate,client2,Domain2,keypoint,Case13_16.h5,147456,52,104,1652,0.00035264756944444444,0.0007052951388888889,0.011203342013888888,1.0,0.031476997578692496,0.25,0.75
prostate,client2,Domain2,keypoint,Case13_7.h5,147456,52,104,1234,0.00035264756944444444,0.0007052951388888889,0.008368598090277778,1.0,0.04213938411669368,0.038461538461538464,0.9615384615384616
prostate,client2,Domain2,keypoint,Case13_8.h5,147456,52,104,3021,0.00035264756944444444,0.0007052951388888889,0.020487467447916668,1.0,0.017212843429328037,0.25,0.75
prostate,client2,Domain2,keypoint,Case13_9.h5,147456,52,104,4412,0.00035264756944444444,0.0007052951388888889,0.029920789930555556,1.0,0.011786038077969175,0.23076923076923078,0.7692307692307693
prostate,client2,Domain2,keypoint,Case14_10.h5,147456,52,104,5411,0.00035264756944444444,0.0007052951388888889,0.03669569227430555,1.0,0.009610053594529662,0.23076923076923078,0.7692307692307693
prostate,client2,Domain2,keypoint,Case14_11.h5,147456,52,104,6488,0.00035264756944444444,0.0007052951388888889,0.043999565972222224,1.0,0.008014796547472256,0.2692307692307692,0.7307692307692307
prostate,client2,Domain2,keypoint,Case14_12.h5,147456,52,104,6815,0.00035264756944444444,0.0007052951388888889,0.04621717664930555,1.0,0.007630227439471753,0.038461538461538464,0.9615384615384616
prostate,client2,Domain2,keypoint,Case14_13.h5,147456,52,104,7561,0.00035264756944444444,0.0007052951388888889,0.051276312934027776,1.0,0.006877397169686549,0.0,1.0
prostate,client2,Domain2,keypoint,Case14_14.h5,147456,52,104,7830,0.00035264756944444444,0.0007052951388888889,0.0531005859375,1.0,0.0066411238825031926,0.019230769230769232,0.9807692307692307
prostate,client2,Domain2,keypoint,Case14_15.h5,147456,52,104,7824,0.00035264756944444444,0.0007052951388888889,0.053059895833333336,1.0,0.0066462167689161555,0.057692307692307696,0.9423076923076923
prostate,client2,Domain2,keypoint,Case14_16.h5,147456,52,104,7389,0.00035264756944444444,0.0007052951388888889,0.05010986328125,0.9807692307692307,0.006902151847340642,0.4807692307692308,0.5
prostate,client2,Domain2,keypoint,Case14_17.h5,147456,52,104,6463,0.00035264756944444444,0.0007052951388888889,0.043830023871527776,0.9807692307692307,0.007891072257465574,0.23076923076923078,0.75
prostate,client2,Domain2,keypoint,Case14_18.h5,147456,52,104,5777,0.00035264756944444444,0.0007052951388888889,0.039177788628472224,0.9807692307692307,0.00882811147654492,0.23076923076923078,0.75
prostate,client2,Domain2,keypoint,Case14_7.h5,147456,52,104,3662,0.00035264756944444444,0.0007052951388888889,0.024834526909722224,1.0,0.014199890770071,0.7307692307692307,0.2692307692307692
prostate,client2,Domain2,keypoint,Case14_8.h5,147456,52,104,4319,0.00035264756944444444,0.0007052951388888889,0.029290093315972224,1.0,0.012039824033341051,0.0,1.0
prostate,client2,Domain2,keypoint,Case14_9.h5,147456,52,104,5031,0.00035264756944444444,0.0007052951388888889,0.03411865234375,1.0,0.0103359173126615,0.19230769230769232,0.8076923076923077
prostate,client2,Domain2,keypoint,Case15_10.h5,147456,52,104,6031,0.00035264756944444444,0.0007052951388888889,0.040900336371527776,0.9230769230769231,0.007958879124523296,0.5769230769230769,0.34615384615384615
prostate,client2,Domain2,keypoint,Case15_11.h5,147456,52,104,6464,0.00035264756944444444,0.0007052951388888889,0.04383680555555555,0.9230769230769231,0.007425742574257425,0.6538461538461539,0.2692307692307692
prostate,client2,Domain2,keypoint,Case15_12.h5,147456,52,104,6280,0.00035264756944444444,0.0007052951388888889,0.04258897569444445,0.9423076923076923,0.007802547770700637,0.6923076923076923,0.25
prostate,client2,Domain2,keypoint,Case15_13.h5,147456,52,104,6688,0.00035264756944444444,0.0007052951388888889,0.045355902777777776,0.9230769230769231,0.007177033492822967,0.5384615384615384,0.38461538461538464
prostate,client2,Domain2,keypoint,Case15_14.h5,147456,52,104,5512,0.00035264756944444444,0.0007052951388888889,0.03738064236111111,1.0,0.009433962264150943,0.5192307692307693,0.4807692307692308
prostate,client2,Domain2,keypoint,Case15_15.h5,147456,52,104,2281,0.00035264756944444444,0.0007052951388888889,0.015469021267361112,0.9615384615384616,0.021920210434020166,0.7115384615384616,0.25
prostate,client2,Domain2,keypoint,Case15_6.h5,147456,52,104,1855,0.00035264756944444444,0.0007052951388888889,0.012580023871527778,0.9807692307692307,0.027493261455525605,0.25,0.7307692307692307
prostate,client2,Domain2,keypoint,Case15_7.h5,147456,52,104,2814,0.00035264756944444444,0.0007052951388888889,0.019083658854166668,1.0,0.01847903340440654,0.25,0.75
prostate,client2,Domain2,keypoint,Case15_8.h5,147456,52,104,5071,0.00035264756944444444,0.0007052951388888889,0.03438991970486111,0.9230769230769231,0.00946558864129363,0.17307692307692307,0.75
prostate,client2,Domain2,keypoint,Case15_9.h5,147456,52,104,5592,0.00035264756944444444,0.0007052951388888889,0.037923177083333336,0.9230769230769231,0.008583690987124463,0.5576923076923077,0.36538461538461536
prostate,client2,Domain2,keypoint,Case16_11.h5,147456,52,104,2789,0.00035264756944444444,0.0007052951388888889,0.018914116753472224,0.9423076923076923,0.017569021154535677,0.19230769230769232,0.75
prostate,client2,Domain2,keypoint,Case16_12.h5,147456,52,104,3653,0.00035264756944444444,0.0007052951388888889,0.024773491753472224,0.9230769230769231,0.013139885026006022,0.17307692307692307,0.75
prostate,client2,Domain2,keypoint,Case16_13.h5,147456,52,104,4803,0.00035264756944444444,0.0007052951388888889,0.032572428385416664,0.9807692307692307,0.010618363522798251,0.28846153846153844,0.6923076923076923
prostate,client2,Domain2,keypoint,Case16_14.h5,147456,52,104,4803,0.00035264756944444444,0.0007052951388888889,0.032572428385416664,0.9615384615384616,0.010410160316468874,0.6923076923076923,0.2692307692307692
prostate,client2,Domain2,keypoint,Case16_15.h5,147456,52,104,5345,0.00035264756944444444,0.0007052951388888889,0.036248101128472224,0.9807692307692307,0.009541627689429373,0.6730769230769231,0.3076923076923077
prostate,client2,Domain2,keypoint,Case16_16.h5,147456,52,104,5485,0.00035264756944444444,0.0007052951388888889,0.03719753689236111,0.9230769230769231,0.008751139471285323,0.5,0.4230769230769231
prostate,client2,Domain2,keypoint,Case16_17.h5,147456,52,104,4541,0.00035264756944444444,0.0007052951388888889,0.030795627170138888,1.0,0.011451222197753798,0.25,0.75
prostate,client2,Domain2,keypoint,Case16_18.h5,147456,52,104,4234,0.00035264756944444444,0.0007052951388888889,0.028713650173611112,1.0,0.01228153046764289,0.25,0.75
prostate,client2,Domain2,keypoint,Case16_19.h5,147456,52,104,3010,0.00035264756944444444,0.0007052951388888889,0.020412868923611112,1.0,0.01727574750830565,0.4230769230769231,0.5769230769230769
prostate,client2,Domain2,keypoint,Case17_10.h5,147456,52,104,15332,0.00035264756944444444,0.0007052951388888889,0.1039767795138889,1.0,0.0033915992695016956,0.0,1.0
prostate,client2,Domain2,keypoint,Case17_11.h5,147456,52,104,15044,0.00035264756944444444,0.0007052951388888889,0.1020236545138889,1.0,0.0034565275192767883,0.0,1.0
prostate,client2,Domain2,keypoint,Case17_12.h5,147456,52,104,15307,0.00035264756944444444,0.0007052951388888889,0.10380723741319445,1.0,0.0033971385640556608,0.019230769230769232,0.9807692307692307
prostate,client2,Domain2,keypoint,Case17_13.h5,147456,52,104,15426,0.00035264756944444444,0.0007052951388888889,0.1046142578125,1.0,0.0033709321924024374,0.23076923076923078,0.7692307692307693
prostate,client2,Domain2,keypoint,Case17_14.h5,147456,52,104,13531,0.00035264756944444444,0.0007052951388888889,0.0917629665798611,1.0,0.0038430271229029636,0.0,1.0
prostate,client2,Domain2,keypoint,Case17_15.h5,147456,52,104,12498,0.00035264756944444444,0.0007052951388888889,0.08475748697916667,1.0,0.004160665706513042,0.0,1.0
prostate,client2,Domain2,keypoint,Case17_16.h5,147456,52,104,9479,0.00035264756944444444,0.0007052951388888889,0.06428358289930555,1.0,0.005485810739529486,0.0,1.0
prostate,client2,Domain2,keypoint,Case17_17.h5,147456,52,104,6548,0.00035264756944444444,0.0007052951388888889,0.04440646701388889,1.0,0.00794135613927917,0.0,1.0
prostate,client2,Domain2,keypoint,Case17_18.h5,147456,52,104,4596,0.00035264756944444444,0.0007052951388888889,0.031168619791666668,1.0,0.011314186248912098,0.23076923076923078,0.7692307692307693
prostate,client2,Domain2,keypoint,Case17_19.h5,147456,52,104,2080,0.00035264756944444444,0.0007052951388888889,0.014105902777777778,0.9807692307692307,0.02451923076923077,0.3076923076923077,0.6730769230769231
prostate,client2,Domain2,keypoint,Case17_4.h5,147456,52,104,4255,0.00035264756944444444,0.0007052951388888889,0.028856065538194444,1.0,0.012220916568742655,0.0,1.0
prostate,client2,Domain2,keypoint,Case17_5.h5,147456,52,104,6795,0.00035264756944444444,0.0007052951388888889,0.04608154296875,1.0,0.007652685798381163,0.0,1.0
prostate,client2,Domain2,keypoint,Case17_6.h5,147456,52,104,9302,0.00035264756944444444,0.0007052951388888889,0.0630832248263889,0.9230769230769231,0.005160180606321221,0.17307692307692307,0.75
prostate,client2,Domain2,keypoint,Case17_7.h5,147456,52,104,12397,0.00035264756944444444,0.0007052951388888889,0.0840725368923611,1.0,0.004194563200774381,0.23076923076923078,0.7692307692307693
prostate,client2,Domain2,keypoint,Case17_8.h5,147456,52,104,13164,0.00035264756944444444,0.0007052951388888889,0.08927408854166667,0.9423076923076923,0.003722272865390459,0.19230769230769232,0.75
prostate,client2,Domain2,keypoint,Case17_9.h5,147456,52,104,14680,0.00035264756944444444,0.0007052951388888889,0.09955512152777778,1.0,0.003542234332425068,0.17307692307692307,0.8269230769230769
prostate,client2,Domain2,keypoint,Case18_10.h5,147456,52,104,5501,0.00035264756944444444,0.0007052951388888889,0.03730604383680555,1.0,0.009452826758771132,0.5,0.5
prostate,client2,Domain2,keypoint,Case18_11.h5,147456,52,104,5586,0.00035264756944444444,0.0007052951388888889,0.037882486979166664,0.9230769230769231,0.008592910848549946,0.6538461538461539,0.2692307692307692
prostate,client2,Domain2,keypoint,Case18_12.h5,147456,52,104,5828,0.00035264756944444444,0.0007052951388888889,0.03952365451388889,1.0,0.008922443376801648,0.25,0.75
prostate,client2,Domain2,keypoint,Case18_13.h5,147456,52,104,5099,0.00035264756944444444,0.0007052951388888889,0.03457980685763889,1.0,0.010198078054520495,0.6346153846153846,0.36538461538461536
prostate,client2,Domain2,keypoint,Case18_14.h5,147456,52,104,4592,0.00035264756944444444,0.0007052951388888889,0.031141493055555556,1.0,0.01132404181184669,0.25,0.75
prostate,client2,Domain2,keypoint,Case18_15.h5,147456,52,104,4466,0.00035264756944444444,0.0007052951388888889,0.030287000868055556,1.0,0.011643528884908196,0.25,0.75
prostate,client2,Domain2,keypoint,Case18_16.h5,147456,52,104,2133,0.00035264756944444444,0.0007052951388888889,0.01446533203125,1.0,0.02437880918893577,0.0,1.0
prostate,client2,Domain2,keypoint,Case18_7.h5,147456,52,104,2845,0.00035264756944444444,0.0007052951388888889,0.019293891059027776,0.9807692307692307,0.017926186291739893,0.23076923076923078,0.75
prostate,client2,Domain2,keypoint,Case18_8.h5,147456,52,104,5224,0.00035264756944444444,0.0007052951388888889,0.03542751736111111,0.9807692307692307,0.009762633996937213,0.23076923076923078,0.75
prostate,client2,Domain2,keypoint,Case18_9.h5,147456,52,104,5687,0.00035264756944444444,0.0007052951388888889,0.038567437065972224,0.9230769230769231,0.008440302444170916,0.17307692307692307,0.75
prostate,client2,Domain2,keypoint,Case19_10.h5,147456,52,104,8734,0.00035264756944444444,0.0007052951388888889,0.05923122829861111,1.0,0.005953743989008472,0.25,0.75
prostate,client2,Domain2,keypoint,Case19_11.h5,147456,65,169,9378,0.00044080946180555556,0.0011461046006944445,0.0635986328125,0.8307692307692308,0.005758157389635317,0.23076923076923078,0.6
prostate,client2,Domain2,keypoint,Case19_12.h5,147456,52,104,10290,0.00035264756944444444,0.0007052951388888889,0.06978352864583333,1.0,0.005053449951409135,0.0,1.0
prostate,client2,Domain2,keypoint,Case19_13.h5,147456,52,104,10769,0.00035264756944444444,0.0007052951388888889,0.0730319552951389,1.0,0.004828674900176432,0.25,0.75
prostate,client2,Domain2,keypoint,Case19_14.h5,147456,52,104,11005,0.00035264756944444444,0.0007052951388888889,0.07463243272569445,1.0,0.0047251249432076325,0.3269230769230769,0.6730769230769231
prostate,client2,Domain2,keypoint,Case19_15.h5,147456,52,104,11028,0.00035264756944444444,0.0007052951388888889,0.07478841145833333,0.9807692307692307,0.004624591947769314,0.23076923076923078,0.75
prostate,client2,Domain2,keypoint,Case19_16.h5,147456,52,104,11385,0.00035264756944444444,0.0007052951388888889,0.07720947265625,1.0,0.004567413263065437,0.17307692307692307,0.8269230769230769
prostate,client2,Domain2,keypoint,Case19_17.h5,147456,52,104,11135,0.00035264756944444444,0.0007052951388888889,0.07551405164930555,1.0,0.00466995958688819,0.07692307692307693,0.9230769230769231
prostate,client2,Domain2,keypoint,Case19_18.h5,147456,52,104,10553,0.00035264756944444444,0.0007052951388888889,0.0715671115451389,0.9807692307692307,0.004832748981332322,0.23076923076923078,0.75
prostate,client2,Domain2,keypoint,Case19_19.h5,147456,52,104,10266,0.00035264756944444444,0.0007052951388888889,0.06962076822916667,1.0,0.005065263978180402,0.25,0.75
prostate,client2,Domain2,keypoint,Case19_20.h5,147456,52,104,4450,0.00035264756944444444,0.0007052951388888889,0.030178493923611112,1.0,0.011685393258426966,0.0,1.0
prostate,client2,Domain2,keypoint,Case19_8.h5,147456,52,104,5936,0.00035264756944444444,0.0007052951388888889,0.04025607638888889,1.0,0.00876010781671159,0.11538461538461539,0.8846153846153846
prostate,client2,Domain2,keypoint,Case19_9.h5,147456,52,104,7688,0.00035264756944444444,0.0007052951388888889,0.05213758680555555,1.0,0.006763787721123829,0.3269230769230769,0.6730769230769231
prostate,client2,Domain2,keypoint,Case20_10.h5,147456,52,104,3332,0.00035264756944444444,0.0007052951388888889,0.022596571180555556,1.0,0.015606242496998799,0.25,0.75
prostate,client2,Domain2,keypoint,Case20_11.h5,147456,52,104,4896,0.00035264756944444444,0.0007052951388888889,0.033203125,1.0,0.010620915032679739,0.25,0.75
prostate,client2,Domain2,keypoint,Case20_12.h5,147456,52,104,5171,0.00035264756944444444,0.0007052951388888889,0.03506808810763889,0.9230769230769231,0.009282537226842004,0.17307692307692307,0.75
prostate,client2,Domain2,keypoint,Case20_13.h5,147456,52,104,5477,0.00035264756944444444,0.0007052951388888889,0.03714328342013889,0.9230769230769231,0.008763921855030126,0.4230769230769231,0.5
prostate,client2,Domain2,keypoint,Case20_14.h5,147456,52,104,5607,0.00035264756944444444,0.0007052951388888889,0.03802490234375,0.9230769230769231,0.008560727661851257,0.25,0.6730769230769231
prostate,client2,Domain2,keypoint,Case20_15.h5,147456,52,104,5708,0.00035264756944444444,0.0007052951388888889,0.03870985243055555,0.9230769230769231,0.008409250175192713,0.17307692307692307,0.75
prostate,client2,Domain2,keypoint,Case20_16.h5,147456,52,104,5821,0.00035264756944444444,0.0007052951388888889,0.03947618272569445,1.0,0.00893317299433087,0.23076923076923078,0.7692307692307693
prostate,client2,Domain2,keypoint,Case20_17.h5,147456,52,104,5399,0.00035264756944444444,0.0007052951388888889,0.036614312065972224,1.0,0.009631413224671235,0.23076923076923078,0.7692307692307693
prostate,client2,Domain2,keypoint,Case20_18.h5,147456,52,104,4551,0.00035264756944444444,0.0007052951388888889,0.030863444010416668,1.0,0.011426060206548011,0.07692307692307693,0.9230769230769231
prostate,client2,Domain2,keypoint,Case20_19.h5,147456,52,104,3728,0.00035264756944444444,0.0007052951388888889,0.025282118055555556,1.0,0.013948497854077254,0.0,1.0
prostate,client2,Domain2,keypoint,Case20_20.h5,147456,52,104,2963,0.00035264756944444444,0.0007052951388888889,0.020094129774305556,1.0,0.017549780627742154,0.019230769230769232,0.9807692307692307
prostate,client2,Domain2,keypoint,Case20_21.h5,147456,52,104,2316,0.00035264756944444444,0.0007052951388888889,0.015706380208333332,1.0,0.022452504317789293,0.0,1.0
prostate,client2,Domain2,keypoint,Case20_22.h5,147456,52,104,1595,0.00035264756944444444,0.0007052951388888889,0.010816786024305556,1.0,0.03260188087774295,0.28846153846153844,0.7115384615384616
prostate,client2,Domain2,keypoint,Case20_9.h5,147456,52,104,2800,0.00035264756944444444,0.0007052951388888889,0.018988715277777776,0.9230769230769231,0.017142857142857144,0.19230769230769232,0.7307692307692307
prostate,client2,Domain2,keypoint,Case22_10.h5,147456,52,104,6512,0.00035264756944444444,0.0007052951388888889,0.04416232638888889,1.0,0.007985257985257985,0.25,0.75
prostate,client2,Domain2,keypoint,Case22_11.h5,147456,52,104,7257,0.00035264756944444444,0.0007052951388888889,0.049214680989583336,0.9615384615384616,0.006889899407468651,0.21153846153846154,0.75
prostate,client2,Domain2,keypoint,Case22_12.h5,147456,52,104,7424,0.00035264756944444444,0.0007052951388888889,0.050347222222222224,0.9807692307692307,0.006869612068965517,0.23076923076923078,0.75
prostate,client2,Domain2,keypoint,Case22_13.h5,147456,52,104,8015,0.00035264756944444444,0.0007052951388888889,0.05435519748263889,1.0,0.006487835308796008,0.21153846153846154,0.7884615384615384
prostate,client2,Domain2,keypoint,Case22_14.h5,147456,52,104,7952,0.00035264756944444444,0.0007052951388888889,0.05392795138888889,1.0,0.006539235412474849,0.09615384615384616,0.9038461538461539
prostate,client2,Domain2,keypoint,Case22_15.h5,147456,52,104,8365,0.00035264756944444444,0.0007052951388888889,0.05672878689236111,1.0,0.006216377764494919,0.2692307692307692,0.7307692307692307
prostate,client2,Domain2,keypoint,Case22_16.h5,147456,52,104,8509,0.00035264756944444444,0.0007052951388888889,0.05770534939236111,1.0,0.006111176401457281,0.25,0.75
prostate,client2,Domain2,keypoint,Case22_17.h5,147456,52,104,8672,0.00035264756944444444,0.0007052951388888889,0.05881076388888889,0.9423076923076923,0.005650369003690037,0.19230769230769232,0.75
prostate,client2,Domain2,keypoint,Case22_18.h5,147456,52,104,6973,0.00035264756944444444,0.0007052951388888889,0.04728868272569445,1.0,0.007457335436684354,0.09615384615384616,0.9038461538461539
prostate,client2,Domain2,keypoint,Case22_19.h5,147456,52,104,6532,0.00035264756944444444,0.0007052951388888889,0.04429796006944445,1.0,0.007960808328230252,0.07692307692307693,0.9230769230769231
prostate,client2,Domain2,keypoint,Case22_20.h5,147456,52,104,4182,0.00035264756944444444,0.0007052951388888889,0.028361002604166668,0.9807692307692307,0.012195121951219513,0.25,0.7307692307692307
prostate,client2,Domain2,keypoint,Case22_8.h5,147456,52,104,3399,0.00035264756944444444,0.0007052951388888889,0.023050944010416668,1.0,0.015298617240364814,0.0,1.0
prostate,client2,Domain2,keypoint,Case22_9.h5,147456,52,104,5069,0.00035264756944444444,0.0007052951388888889,0.03437635633680555,1.0,0.010258433616097849,0.23076923076923078,0.7692307692307693
prostate,client2,Domain2,keypoint,Case23_11.h5,147456,52,104,3840,0.00035264756944444444,0.0007052951388888889,0.026041666666666668,1.0,0.013541666666666667,0.19230769230769232,0.8076923076923077
prostate,client2,Domain2,keypoint,Case23_12.h5,147456,52,104,4487,0.00035264756944444444,0.0007052951388888889,0.030429416232638888,0.9615384615384616,0.011143302874972142,0.5384615384615384,0.4230769230769231
prostate,client2,Domain2,keypoint,Case23_13.h5,147456,52,104,5275,0.00035264756944444444,0.0007052951388888889,0.035773383246527776,0.9038461538461539,0.00890995260663507,0.5769230769230769,0.3269230769230769
prostate,client2,Domain2,keypoint,Case23_14.h5,147456,52,104,5491,0.00035264756944444444,0.0007052951388888889,0.037238226996527776,0.9230769230769231,0.00874157712620652,0.3269230769230769,0.5961538461538461
prostate,client2,Domain2,keypoint,Case23_15.h5,147456,52,104,6391,0.00035264756944444444,0.0007052951388888889,0.043341742621527776,1.0,0.008136441871381631,0.23076923076923078,0.7692307692307693
prostate,client2,Domain2,keypoint,Case23_16.h5,147456,52,104,6417,0.00035264756944444444,0.0007052951388888889,0.04351806640625,1.0,0.008103475144148355,0.23076923076923078,0.7692307692307693
prostate,client2,Domain2,keypoint,Case23_17.h5,147456,52,104,6708,0.00035264756944444444,0.0007052951388888889,0.045491536458333336,1.0,0.007751937984496124,0.11538461538461539,0.8846153846153846
prostate,client2,Domain2,keypoint,Case23_18.h5,147456,52,104,6643,0.00035264756944444444,0.0007052951388888889,0.045050726996527776,1.0,0.007827788649706457,0.038461538461538464,0.9615384615384616
prostate,client2,Domain2,keypoint,Case23_19.h5,147456,52,104,5405,0.00035264756944444444,0.0007052951388888889,0.03665500217013889,1.0,0.009620721554116559,0.25,0.75
prostate,client2,Domain2,keypoint,Case23_20.h5,147456,52,104,4982,0.00035264756944444444,0.0007052951388888889,0.03378634982638889,1.0,0.010437575270975512,0.21153846153846154,0.7884615384615384
prostate,client2,Domain2,keypoint,Case24_10.h5,147456,52,104,4406,0.00035264756944444444,0.0007052951388888889,0.029880099826388888,1.0,0.011802088061733999,0.5,0.5
prostate,client2,Domain2,keypoint,Case24_11.h5,147456,52,104,5507,0.00035264756944444444,0.0007052951388888889,0.037346733940972224,0.9230769230769231,0.008716179408026149,0.19230769230769232,0.7307692307692307
prostate,client2,Domain2,keypoint,Case24_12.h5,147456,52,104,6398,0.00035264756944444444,0.0007052951388888889,0.043389214409722224,0.9230769230769231,0.007502344482650828,0.17307692307692307,0.75
prostate,client2,Domain2,keypoint,Case24_13.h5,147456,52,104,6700,0.00035264756944444444,0.0007052951388888889,0.04543728298611111,0.9230769230769231,0.007164179104477612,0.19230769230769232,0.7307692307692307
prostate,client2,Domain2,keypoint,Case24_14.h5,147456,52,104,7002,0.00035264756944444444,0.0007052951388888889,0.0474853515625,0.9230769230769231,0.006855184233076264,0.17307692307692307,0.75
prostate,client2,Domain2,keypoint,Case24_15.h5,147456,52,104,8326,0.00035264756944444444,0.0007052951388888889,0.056464301215277776,0.9807692307692307,0.006125390343502282,0.23076923076923078,0.75
prostate,client2,Domain2,keypoint,Case24_16.h5,147456,52,104,7279,0.00035264756944444444,0.0007052951388888889,0.04936387803819445,1.0,0.007143838439346064,0.25,0.75
prostate,client2,Domain2,keypoint,Case24_17.h5,147456,52,104,6552,0.00035264756944444444,0.0007052951388888889,0.04443359375,0.9807692307692307,0.007783882783882784,0.23076923076923078,0.75
prostate,client2,Domain2,keypoint,Case24_18.h5,147456,52,104,4675,0.00035264756944444444,0.0007052951388888889,0.03170437282986111,1.0,0.011122994652406418,0.0,1.0
prostate,client2,Domain2,keypoint,Case24_19.h5,147456,52,104,2951,0.00035264756944444444,0.0007052951388888889,0.020012749565972224,1.0,0.01762114537444934,0.0,1.0
prostate,client2,Domain2,keypoint,Case24_20.h5,147456,52,104,2482,0.00035264756944444444,0.0007052951388888889,0.016832139756944444,0.9807692307692307,0.02054794520547945,0.46153846153846156,0.5192307692307693
prostate,client2,Domain2,keypoint,Case24_21.h5,147456,52,104,2092,0.00035264756944444444,0.0007052951388888889,0.014187282986111112,1.0,0.0248565965583174,0.057692307692307696,0.9423076923076923
prostate,client2,Domain2,keypoint,Case24_9.h5,147456,52,104,3609,0.00035264756944444444,0.0007052951388888889,0.02447509765625,1.0,0.014408423385979495,0.7115384615384616,0.28846153846153844
prostate,client2,Domain2,keypoint,Case25_10.h5,147456,52,104,1930,0.00035264756944444444,0.0007052951388888889,0.013088650173611112,1.0,0.02694300518134715,0.3076923076923077,0.6923076923076923
prostate,client2,Domain2,keypoint,Case25_11.h5,147456,52,104,3328,0.00035264756944444444,0.0007052951388888889,0.022569444444444444,1.0,0.015625,0.07692307692307693,0.9230769230769231
prostate,client2,Domain2,keypoint,Case25_12.h5,147456,52,104,4369,0.00035264756944444444,0.0007052951388888889,0.029629177517361112,1.0,0.011902037079423208,0.17307692307692307,0.8269230769230769
prostate,client2,Domain2,keypoint,Case25_13.h5,147456,52,104,5061,0.00035264756944444444,0.0007052951388888889,0.034322102864583336,1.0,0.010274649278798656,0.0,1.0
prostate,client2,Domain2,keypoint,Case25_14.h5,147456,52,104,5168,0.00035264756944444444,0.0007052951388888889,0.03504774305555555,1.0,0.010061919504643963,0.25,0.75
prostate,client2,Domain2,keypoint,Case25_15.h5,147456,52,104,5134,0.00035264756944444444,0.0007052951388888889,0.03481716579861111,1.0,0.01012855473315154,0.25,0.75
prostate,client2,Domain2,keypoint,Case25_16.h5,147456,52,104,5419,0.00035264756944444444,0.0007052951388888889,0.036749945746527776,0.9807692307692307,0.009411330503782987,0.23076923076923078,0.75
prostate,client2,Domain2,keypoint,Case25_17.h5,147456,52,104,5077,0.00035264756944444444,0.0007052951388888889,0.034430609809027776,1.0,0.010242269056529446,0.25,0.75
prostate,client2,Domain2,keypoint,Case25_18.h5,147456,52,104,5028,0.00035264756944444444,0.0007052951388888889,0.034098307291666664,1.0,0.010342084327764518,0.09615384615384616,0.9038461538461539
prostate,client2,Domain2,keypoint,Case25_19.h5,147456,52,104,3091,0.00035264756944444444,0.0007052951388888889,0.020962185329861112,0.9807692307692307,0.01649951472015529,0.46153846153846156,0.5192307692307693
prostate,client2,Domain2,keypoint,Case26_10.h5,147456,52,104,4718,0.00035264756944444444,0.0007052951388888889,0.03199598524305555,0.9615384615384616,0.0105977108944468,0.21153846153846154,0.75
prostate,client2,Domain2,keypoint,Case26_11.h5,147456,52,104,7349,0.00035264756944444444,0.0007052951388888889,0.04983859592013889,0.9230769230769231,0.006531500884474078,0.38461538461538464,0.5384615384615384
prostate,client2,Domain2,keypoint,Case26_12.h5,147456,52,104,7053,0.00035264756944444444,0.0007052951388888889,0.047831217447916664,0.9230769230769231,0.006805614632071459,0.5961538461538461,0.3269230769230769
prostate,client2,Domain2,keypoint,Case26_13.h5,147456,52,104,8605,0.00035264756944444444,0.0007052951388888889,0.058356391059027776,0.9230769230769231,0.00557815223707147,0.3076923076923077,0.6153846153846154
prostate,client2,Domain2,keypoint,Case26_14.h5,147456,52,104,9664,0.00035264756944444444,0.0007052951388888889,0.06553819444444445,0.9230769230769231,0.004966887417218543,0.17307692307692307,0.75
prostate,client2,Domain2,keypoint,Case26_15.h5,147456,52,104,10680,0.00035264756944444444,0.0007052951388888889,0.07242838541666667,0.9230769230769231,0.0044943820224719105,0.34615384615384615,0.5769230769230769
prostate,client2,Domain2,keypoint,Case26_16.h5,147456,52,104,10827,0.00035264756944444444,0.0007052951388888889,0.07342529296875,1.0,0.004802807795326498,0.0,1.0
prostate,client2,Domain2,keypoint,Case26_17.h5,147456,52,104,11174,0.00035264756944444444,0.0007052951388888889,0.0757785373263889,0.9230769230769231,0.004295686414891713,0.34615384615384615,0.5769230769230769
prostate,client2,Domain2,keypoint,Case26_18.h5,147456,52,104,9790,0.00035264756944444444,0.0007052951388888889,0.06639268663194445,0.9423076923076923,0.005005107252298264,0.2692307692307692,0.6730769230769231
prostate,client2,Domain2,keypoint,Case26_19.h5,147456,52,104,8708,0.00035264756944444444,0.0007052951388888889,0.05905490451388889,0.9230769230769231,0.005512172714745062,0.17307692307692307,0.75
prostate,client2,Domain2,keypoint,Case26_20.h5,147456,52,104,8351,0.00035264756944444444,0.0007052951388888889,0.056633843315972224,0.9230769230769231,0.005747814632978086,0.17307692307692307,0.75
prostate,client2,Domain2,keypoint,Case26_21.h5,147456,52,104,7932,0.00035264756944444444,0.0007052951388888889,0.053792317708333336,1.0,0.006555723651033787,0.4230769230769231,0.5769230769230769
prostate,client2,Domain2,keypoint,Case26_22.h5,147456,52,104,6779,0.00035264756944444444,0.0007052951388888889,0.04597303602430555,1.0,0.007670747897920047,0.0,1.0
prostate,client2,Domain2,keypoint,Case26_23.h5,147456,52,104,5329,0.00035264756944444444,0.0007052951388888889,0.036139594184027776,1.0,0.009757928316757366,0.0,1.0
prostate,client2,Domain2,keypoint,Case26_24.h5,147456,52,104,3249,0.00035264756944444444,0.0007052951388888889,0.02203369140625,1.0,0.01600492459218221,0.25,0.75
prostate,client2,Domain2,keypoint,Case26_25.h5,147456,65,169,3411,0.00044080946180555556,0.0011461046006944445,0.02313232421875,0.8153846153846154,0.015537965406039285,0.2,0.6153846153846154
prostate,client2,Domain2,keypoint,Case26_26.h5,147456,52,104,2396,0.00035264756944444444,0.0007052951388888889,0.016248914930555556,1.0,0.021702838063439065,0.2692307692307692,0.7307692307692307
prostate,client2,Domain2,keypoint,Case26_27.h5,147456,52,104,1888,0.00035264756944444444,0.0007052951388888889,0.012803819444444444,1.0,0.02754237288135593,0.28846153846153844,0.7115384615384616
prostate,client2,Domain2,keypoint,Case26_28.h5,147456,52,104,1489,0.00035264756944444444,0.0007052951388888889,0.010097927517361112,1.0,0.03492276695768973,0.2692307692307692,0.7307692307692307
prostate,client2,Domain2,keypoint,Case27_10.h5,147456,52,104,3808,0.00035264756944444444,0.0007052951388888889,0.025824652777777776,0.9807692307692307,0.013392857142857142,0.23076923076923078,0.75
prostate,client2,Domain2,keypoint,Case27_11.h5,147456,52,104,5664,0.00035264756944444444,0.0007052951388888889,0.038411458333333336,0.9423076923076923,0.008651129943502825,0.19230769230769232,0.75
prostate,client2,Domain2,keypoint,Case27_12.h5,147456,52,104,6090,0.00035264756944444444,0.0007052951388888889,0.041300455729166664,1.0,0.008538587848932676,0.3076923076923077,0.6923076923076923
prostate,client2,Domain2,keypoint,Case27_13.h5,147456,52,104,6456,0.00035264756944444444,0.0007052951388888889,0.043782552083333336,1.0,0.0080545229244114,0.25,0.75
prostate,client2,Domain2,keypoint,Case27_14.h5,147456,52,104,6440,0.00035264756944444444,0.0007052951388888889,0.04367404513888889,0.9423076923076923,0.007608695652173913,0.19230769230769232,0.75
prostate,client2,Domain2,keypoint,Case27_15.h5,147456,52,104,6722,0.00035264756944444444,0.0007052951388888889,0.045586480034722224,0.9807692307692307,0.00758702767033621,0.23076923076923078,0.75
prostate,client2,Domain2,keypoint,Case27_16.h5,147456,52,104,6176,0.00035264756944444444,0.0007052951388888889,0.04188368055555555,1.0,0.008419689119170985,0.25,0.75
prostate,client2,Domain2,keypoint,Case27_17.h5,147456,52,104,5619,0.00035264756944444444,0.0007052951388888889,0.038106282552083336,1.0,0.009254315714539954,0.0,1.0
prostate,client2,Domain2,keypoint,Case27_18.h5,147456,52,104,5522,0.00035264756944444444,0.0007052951388888889,0.03744845920138889,1.0,0.009416877942774357,0.0,1.0
prostate,client2,Domain2,keypoint,Case27_19.h5,147456,52,104,3398,0.00035264756944444444,0.0007052951388888889,0.023044162326388888,1.0,0.015303119482048263,0.25,0.75
prostate,client2,Domain2,keypoint,Case27_20.h5,147456,52,104,2153,0.00035264756944444444,0.0007052951388888889,0.014600965711805556,1.0,0.024152345564328843,0.0,1.0
prostate,client2,Domain2,keypoint,Case27_21.h5,147456,52,104,2688,0.00035264756944444444,0.0007052951388888889,0.018229166666666668,1.0,0.019345238095238096,0.0,1.0
prostate,client2,Domain2,keypoint,Case27_22.h5,147456,52,104,3180,0.00035264756944444444,0.0007052951388888889,0.021565755208333332,1.0,0.016352201257861635,0.0,1.0
prostate,client2,Domain2,keypoint,Case27_8.h5,147456,52,104,1989,0.00035264756944444444,0.0007052951388888889,0.01348876953125,1.0,0.026143790849673203,0.21153846153846154,0.7884615384615384
prostate,client2,Domain2,keypoint,Case27_9.h5,147456,52,104,2824,0.00035264756944444444,0.0007052951388888889,0.019151475694444444,1.0,0.018413597733711047,0.23076923076923078,0.7692307692307693
prostate,client2,Domain2,keypoint,Case29_10.h5,147456,52,104,7240,0.00035264756944444444,0.0007052951388888889,0.04909939236111111,1.0,0.0071823204419889505,0.23076923076923078,0.7692307692307693
prostate,client2,Domain2,keypoint,Case29_11.h5,147456,52,104,10021,0.00035264756944444444,0.0007052951388888889,0.0679592556423611,1.0,0.005189102883943718,0.019230769230769232,0.9807692307692307
prostate,client2,Domain2,keypoint,Case29_12.h5,147456,52,104,10637,0.00035264756944444444,0.0007052951388888889,0.07213677300347222,1.0,0.004888596408761869,0.3269230769230769,0.6730769230769231
prostate,client2,Domain2,keypoint,Case29_13.h5,147456,52,104,12417,0.00035264756944444444,0.0007052951388888889,0.08420817057291667,1.0,0.004187807038737215,0.25,0.75
prostate,client2,Domain2,keypoint,Case29_14.h5,147456,52,104,13230,0.00035264756944444444,0.0007052951388888889,0.0897216796875,1.0,0.003930461073318216,0.23076923076923078,0.7692307692307693
prostate,client2,Domain2,keypoint,Case29_15.h5,147456,52,104,14403,0.00035264756944444444,0.0007052951388888889,0.09767659505208333,1.0,0.0036103589529959037,0.07692307692307693,0.9230769230769231
prostate,client2,Domain2,keypoint,Case29_16.h5,147456,52,104,15097,0.00035264756944444444,0.0007052951388888889,0.1023830837673611,1.0,0.003444392925746837,0.25,0.75
prostate,client2,Domain2,keypoint,Case29_17.h5,147456,52,104,15184,0.00035264756944444444,0.0007052951388888889,0.10297309027777778,0.9807692307692307,0.0033587987355110645,0.23076923076923078,0.75
prostate,client2,Domain2,keypoint,Case29_18.h5,147456,52,104,14845,0.00035264756944444444,0.0007052951388888889,0.1006740993923611,1.0,0.0035028629168070056,0.25,0.75
prostate,client2,Domain2,keypoint,Case29_19.h5,147456,52,104,14795,0.00035264756944444444,0.0007052951388888889,0.10033501519097222,1.0,0.003514700912470429,0.19230769230769232,0.8076923076923077
prostate,client2,Domain2,keypoint,Case29_20.h5,147456,52,104,13507,0.00035264756944444444,0.0007052951388888889,0.09160020616319445,1.0,0.0038498556304138597,0.0,1.0
prostate,client2,Domain2,keypoint,Case29_21.h5,147456,52,104,12200,0.00035264756944444444,0.0007052951388888889,0.0827365451388889,1.0,0.0042622950819672135,0.0,1.0
prostate,client2,Domain2,keypoint,Case29_22.h5,147456,52,104,10934,0.00035264756944444444,0.0007052951388888889,0.07415093315972222,1.0,0.004755807572708981,0.0,1.0
prostate,client2,Domain2,keypoint,Case29_23.h5,147456,52,104,8326,0.00035264756944444444,0.0007052951388888889,0.056464301215277776,1.0,0.006245496036512131,0.0,1.0
prostate,client2,Domain2,keypoint,Case29_24.h5,147456,52,104,5468,0.00035264756944444444,0.0007052951388888889,0.03708224826388889,1.0,0.009509875640087784,0.0,1.0
prostate,client2,Domain2,keypoint,Case29_25.h5,147456,52,104,3744,0.00035264756944444444,0.0007052951388888889,0.025390625,1.0,0.013888888888888888,0.0,1.0
prostate,client2,Domain2,keypoint,Case29_26.h5,147456,52,104,1763,0.00035264756944444444,0.0007052951388888889,0.011956108940972222,1.0,0.02949517867271696,0.019230769230769232,0.9807692307692307
prostate,client3,Domain3,scribble,Case00_10.h5,147456,418,3164,2474,0.002834743923611111,0.021457248263888888,0.016777886284722224,1.0,0.16895715440582054,0.4688995215311005,0.5311004784688995
prostate,client3,Domain3,scribble,Case00_11.h5,147456,424,3187,2588,0.002875434027777778,0.021613226996527776,0.017550998263888888,1.0,0.16383307573415765,0.2783018867924528,0.7216981132075472
prostate,client3,Domain3,scribble,Case00_12.h5,147456,459,3213,2588,0.00311279296875,0.02178955078125,0.017550998263888888,1.0,0.17735703245749615,0.5185185185185185,0.48148148148148145
prostate,client3,Domain3,scribble,Case00_13.h5,147456,441,3199,2706,0.00299072265625,0.021694607204861112,0.018351236979166668,1.0,0.1629711751662971,0.5918367346938775,0.40816326530612246
prostate,client3,Domain3,scribble,Case00_14.h5,147456,416,3180,2855,0.0028211805555555555,0.021565755208333332,0.019361707899305556,1.0,0.1457092819614711,0.6225961538461539,0.37740384615384615
prostate,client3,Domain3,scribble,Case00_15.h5,147456,388,3166,3141,0.002631293402777778,0.021470811631944444,0.02130126953125,1.0,0.12352753900031838,0.36082474226804123,0.6391752577319587
prostate,client3,Domain3,scribble,Case00_16.h5,147456,379,3191,3695,0.002570258246527778,0.021640353732638888,0.025058322482638888,0.9973614775725593,0.10230040595399188,0.46701846965699206,0.5303430079155673
prostate,client3,Domain3,scribble,Case00_17.h5,147456,224,3052,3918,0.0015190972222222222,0.020697699652777776,0.026570638020833332,0.9553571428571429,0.05461970393057682,0.375,0.5803571428571429
prostate,client3,Domain3,scribble,Case00_18.h5,147456,180,3002,4203,0.001220703125,0.020358615451388888,0.02850341796875,0.8611111111111112,0.03687842017606471,0.1388888888888889,0.7222222222222222
prostate,client3,Domain3,scribble,Case00_19.h5,147456,580,3447,4772,0.003933376736111111,0.02337646484375,0.03236219618055555,1.0,0.12154233025984912,0.5551724137931034,0.44482758620689655
prostate,client3,Domain3,scribble,Case00_20.h5,147456,507,3381,5022,0.0034383138020833335,0.022928873697916668,0.0340576171875,1.0,0.1009557945041816,0.32938856015779094,0.6706114398422091
prostate,client3,Domain3,scribble,Case00_21.h5,147456,306,3203,5332,0.0020751953125,0.021721733940972224,0.03615993923611111,1.0,0.05738934733683421,0.3562091503267974,0.6437908496732027
prostate,client3,Domain3,scribble,Case00_22.h5,147456,407,3304,5750,0.0027601453993055555,0.022406684027777776,0.038994683159722224,1.0,0.07078260869565217,0.5012285012285013,0.4987714987714988
prostate,client3,Domain3,scribble,Case00_23.h5,147456,607,3525,6197,0.004116482204861111,0.023905436197916668,0.04202609592013889,1.0,0.09795062126835566,0.43492586490939045,0.5650741350906096
prostate,client3,Domain3,scribble,Case00_24.h5,147456,494,3431,6647,0.003350151909722222,0.023267957899305556,0.04507785373263889,1.0,0.07431924176320144,0.5404858299595142,0.45951417004048584
prostate,client3,Domain3,scribble,Case00_25.h5,147456,657,3594,6843,0.00445556640625,0.024373372395833332,0.046407063802083336,1.0,0.09601052170100834,0.4003044140030441,0.5996955859969558
prostate,client3,Domain3,scribble,Case00_26.h5,147456,714,3666,7000,0.004842122395833333,0.024861653645833332,0.04747178819444445,1.0,0.102,0.2857142857142857,0.7142857142857143
prostate,client3,Domain3,scribble,Case00_27.h5,147456,727,3680,7067,0.004930284288194444,0.024956597222222224,0.04792616102430555,1.0,0.10287250601386727,0.4649243466299862,0.5350756533700137
prostate,client3,Domain3,scribble,Case00_28.h5,147456,483,3441,7134,0.0032755533854166665,0.023335774739583332,0.048380533854166664,1.0,0.06770395290159797,0.2712215320910973,0.7287784679089027
prostate,client3,Domain3,scribble,Case00_29.h5,147456,518,3462,7013,0.003512912326388889,0.023478190104166668,0.04755995008680555,1.0,0.07386282617995152,0.2644787644787645,0.7355212355212355
prostate,client3,Domain3,scribble,Case00_30.h5,147456,843,3791,7079,0.005716959635416667,0.025709364149305556,0.04800754123263889,1.0,0.119084616471253,0.2823250296559905,0.7176749703440095
prostate,client3,Domain3,scribble,Case00_31.h5,147456,686,3635,7020,0.004652235243055556,0.024651421440972224,0.047607421875,1.0,0.09772079772079773,0.4227405247813411,0.577259475218659
prostate,client3,Domain3,scribble,Case00_32.h5,147456,741,3685,7011,0.005025227864583333,0.024990505642361112,0.04754638671875,1.0,0.10569105691056911,0.38596491228070173,0.6140350877192983
prostate,client3,Domain3,scribble,Case00_33.h5,147456,670,3621,7111,0.004543728298611111,0.024556477864583332,0.048224555121527776,1.0,0.09422022219097173,0.42835820895522386,0.5716417910447761
prostate,client3,Domain3,scribble,Case00_34.h5,147456,346,3312,7064,0.002346462673611111,0.0224609375,0.047905815972222224,1.0,0.04898074745186863,0.2138728323699422,0.7861271676300579
prostate,client3,Domain3,scribble,Case00_35.h5,147456,713,3676,7070,0.004835340711805556,0.024929470486111112,0.04794650607638889,1.0,0.10084865629420085,0.5161290322580645,0.4838709677419355
prostate,client3,Domain3,scribble,Case00_36.h5,147456,706,3658,6936,0.004787868923611111,0.024807400173611112,0.047037760416666664,1.0,0.10178777393310265,0.4376770538243626,0.5623229461756374
prostate,client3,Domain3,scribble,Case00_37.h5,147456,800,3744,6871,0.005425347222222222,0.025390625,0.04659695095486111,1.0,0.11643137825644011,0.31125,0.68875
prostate,client3,Domain3,scribble,Case00_38.h5,147456,678,3635,7006,0.004597981770833333,0.024651421440972224,0.04751247829861111,1.0,0.0967741935483871,0.24188790560471976,0.7581120943952803
prostate,client3,Domain3,scribble,Case00_39.h5,147456,784,3727,6738,0.005316840277777778,0.025275336371527776,0.045694986979166664,1.0,0.11635500148411991,0.3711734693877551,0.6288265306122449
prostate,client3,Domain3,scribble,Case00_40.h5,147456,666,3598,6683,0.0045166015625,0.024400499131944444,0.04532199435763889,1.0,0.09965584318419872,0.33183183183183185,0.6681681681681682
prostate,client3,Domain3,scribble,Case02_20.h5,147456,414,3100,1572,0.0028076171875,0.021023220486111112,0.010660807291666666,0.9710144927536232,0.25572519083969464,0.5434782608695652,0.427536231884058
prostate,client3,Domain3,scribble,Case02_21.h5,147456,243,2983,2610,0.00164794921875,0.020229763454861112,0.0177001953125,1.0,0.09310344827586207,0.691358024691358,0.30864197530864196
prostate,client3,Domain3,scribble,Case02_22.h5,147456,436,3232,3306,0.002956814236111111,0.021918402777777776,0.022420247395833332,1.0,0.13188142770719904,0.45871559633027525,0.5412844036697247
prostate,client3,Domain3,scribble,Case02_23.h5,147456,218,3029,3840,0.0014784071180555555,0.020541720920138888,0.026041666666666668,1.0,0.05677083333333333,0.25688073394495414,0.7431192660550459
prostate,client3,Domain3,scribble,Case02_24.h5,147456,778,3646,4843,0.005276150173611111,0.024726019965277776,0.032843695746527776,0.9820051413881749,0.1577534586000413,0.35475578406169667,0.6272493573264781
prostate,client3,Domain3,scribble,Case02_25.h5,147456,457,3359,5410,0.0030992296006944445,0.022779676649305556,0.036688910590277776,1.0,0.0844731977818854,0.4726477024070022,0.5273522975929978
prostate,client3,Domain3,scribble,Case02_26.h5,147456,485,3352,4972,0.003289116753472222,0.022732204861111112,0.03371853298611111,1.0,0.09754625905068383,0.30927835051546393,0.6907216494845361
prostate,client3,Domain3,scribble,Case02_27.h5,147456,636,3523,5281,0.004313151041666667,0.023891872829861112,0.03581407335069445,1.0,0.12043173641355803,0.5220125786163522,0.4779874213836478
prostate,client3,Domain3,scribble,Case02_28.h5,147456,533,3426,5393,0.0036146375868055555,0.023234049479166668,0.03657362196180555,0.9812382739212008,0.09697756350825144,0.3151969981238274,0.6660412757973734
prostate,client3,Domain3,scribble,Case02_29.h5,147456,397,3285,4897,0.002692328559027778,0.02227783203125,0.033209906684027776,0.8916876574307305,0.07228915662650602,0.19899244332493704,0.6926952141057935
prostate,client3,Domain3,scribble,Case02_30.h5,147456,430,3303,4982,0.0029161241319444445,0.02239990234375,0.03378634982638889,1.0,0.08631071858691289,0.16511627906976745,0.8348837209302326
prostate,client3,Domain3,scribble,Case02_31.h5,147456,559,3444,4868,0.003790961371527778,0.023356119791666668,0.033013237847222224,0.9534883720930233,0.10949055053410024,0.2146690518783542,0.738819320214669
prostate,client3,Domain3,scribble,Case02_32.h5,147456,212,3075,4957,0.001437717013888889,0.020853678385416668,0.03361680772569445,1.0,0.042767803106717774,0.3584905660377358,0.6415094339622641
prostate,client3,Domain3,scribble,Case02_33.h5,147456,650,3524,5283,0.004408094618055556,0.023898654513888888,0.03582763671875,1.0,0.12303615370054893,0.3953846153846154,0.6046153846153847
prostate,client3,Domain3,scribble,Case02_34.h5,147456,750,3610,4685,0.005086263020833333,0.024481879340277776,0.03177218967013889,1.0,0.16008537886872998,0.4746666666666667,0.5253333333333333
prostate,client3,Domain3,scribble,Case02_35.h5,147456,496,3358,4951,0.003363715277777778,0.022772894965277776,0.033576117621527776,1.0,0.10018178145829125,0.2842741935483871,0.7157258064516129
prostate,client3,Domain3,scribble,Case02_36.h5,147456,357,3215,4778,0.0024210611979166665,0.021803114149305556,0.032402886284722224,1.0,0.07471745500209293,0.36694677871148457,0.6330532212885154
prostate,client3,Domain3,scribble,Case02_37.h5,147456,643,3476,4215,0.004360622829861111,0.023573133680555556,0.028584798177083332,1.0,0.15255041518386714,0.15707620528771385,0.8429237947122862
prostate,client3,Domain3,scribble,Case03_22.h5,147456,388,3038,1201,0.002631293402777778,0.020602756076388888,0.008144802517361112,1.0,0.32306411323896755,0.5103092783505154,0.4896907216494845
prostate,client3,Domain3,scribble,Case03_23.h5,147456,295,2981,1480,0.0020005967881944445,0.020216200086805556,0.010036892361111112,1.0,0.19932432432432431,0.6067796610169491,0.39322033898305087
prostate,client3,Domain3,scribble,Case03_24.h5,147456,162,2900,2304,0.0010986328125,0.019666883680555556,0.015625,1.0,0.0703125,0.345679012345679,0.654320987654321
prostate,client3,Domain3,scribble,Case03_25.h5,147456,417,3187,2633,0.0028279622395833335,0.021613226996527776,0.017856174045138888,0.9928057553956835,0.15723509304975314,0.34532374100719426,0.6474820143884892
prostate,client3,Domain3,scribble,Case03_26.h5,147456,541,3331,3163,0.003668891059027778,0.022589789496527776,0.021450466579861112,0.9944547134935305,0.17009168510907366,0.4214417744916821,0.5730129390018485
prostate,client3,Domain3,scribble,Case03_27.h5,147456,546,3357,3344,0.0037027994791666665,0.02276611328125,0.022677951388888888,1.0,0.1632775119617225,0.38095238095238093,0.6190476190476191
prostate,client3,Domain3,scribble,Case03_28.h5,147456,590,3412,3891,0.004001193576388889,0.023139105902777776,0.026387532552083332,1.0,0.1516319712156258,0.37966101694915255,0.6203389830508474
prostate,client3,Domain3,scribble,Case03_29.h5,147456,434,3283,4355,0.0029432508680555555,0.022264268663194444,0.029534233940972224,1.0,0.09965556831228473,0.4400921658986175,0.5599078341013825
prostate,client3,Domain3,scribble,Case03_30.h5,147456,436,3290,4410,0.002956814236111111,0.022311740451388888,0.0299072265625,1.0,0.09886621315192744,0.3967889908256881,0.6032110091743119
prostate,client3,Domain3,scribble,Case03_31.h5,147456,683,3552,4867,0.004631890190972222,0.024088541666666668,0.03300645616319445,1.0,0.14033285391411549,0.3645680819912152,0.6354319180087847
prostate,client3,Domain3,scribble,Case03_32.h5,147456,486,3346,4721,0.0032958984375,0.022691514756944444,0.03201633029513889,1.0,0.10294429146367295,0.31893004115226337,0.6810699588477366
prostate,client3,Domain3,scribble,Case03_33.h5,147456,454,3321,4750,0.003078884548611111,0.02252197265625,0.03221299913194445,1.0,0.09557894736842105,0.6079295154185022,0.3920704845814978
prostate,client3,Domain3,scribble,Case03_34.h5,147456,549,3437,5179,0.00372314453125,0.023308648003472224,0.03512234157986111,1.0,0.10600502027418421,0.2750455373406193,0.7249544626593807
prostate,client3,Domain3,scribble,Case03_35.h5,147456,497,3382,5155,0.0033704969618055555,0.022935655381944444,0.03495958116319445,1.0,0.09641125121241513,0.193158953722334,0.806841046277666
prostate,client3,Domain3,scribble,Case03_36.h5,147456,521,3407,5081,0.003533257378472222,0.023105197482638888,0.03445773654513889,1.0,0.10253887030112183,0.3435700575815739,0.6564299424184261
prostate,client3,Domain3,scribble,Case03_37.h5,147456,532,3404,4848,0.003607855902777778,0.023084852430555556,0.032877604166666664,1.0,0.10973597359735973,0.35714285714285715,0.6428571428571429
prostate,client3,Domain3,scribble,Case03_38.h5,147456,419,3287,4921,0.002841525607638889,0.022291395399305556,0.03337266710069445,1.0,0.08514529567161146,0.18138424821002386,0.8186157517899761
prostate,client3,Domain3,scribble,Case03_39.h5,147456,526,3387,4727,0.003567165798611111,0.022969563802083332,0.03205702039930555,1.0,0.11127565051829913,0.25285171102661597,0.747148288973384
prostate,client3,Domain3,scribble,Case03_40.h5,147456,552,3401,4454,0.0037434895833333335,0.023064507378472224,0.030205620659722224,1.0,0.12393354288280198,0.29528985507246375,0.7047101449275363
prostate,client3,Domain3,scribble,Case03_41.h5,147456,396,3250,4699,0.002685546875,0.022040473090277776,0.031867133246527776,1.0,0.08427324962758033,0.49242424242424243,0.5075757575757576
prostate,client3,Domain3,scribble,Case03_42.h5,147456,408,3269,4594,0.0027669270833333335,0.022169325086805556,0.031155056423611112,1.0,0.08881149325206791,0.41911764705882354,0.5808823529411765
prostate,client3,Domain3,scribble,Case04_18.h5,147456,392,3018,1169,0.002658420138888889,0.020467122395833332,0.007927788628472222,0.9770408163265306,0.32763045337895635,0.45408163265306123,0.5229591836734694
prostate,client3,Domain3,scribble,Case04_19.h5,147456,231,2846,1084,0.0015665690104166667,0.019300672743055556,0.007351345486111111,0.9004329004329005,0.1918819188191882,0.6883116883116883,0.21212121212121213
prostate,client3,Domain3,scribble,Case04_20.h5,147456,271,2946,1713,0.0018378363715277778,0.019978841145833332,0.011617024739583334,0.9298892988929889,0.14711033274956217,0.6125461254612546,0.3173431734317343
prostate,client3,Domain3,scribble,Case04_21.h5,147456,364,3093,2560,0.002468532986111111,0.020975748697916668,0.017361111111111112,1.0,0.1421875,0.12362637362637363,0.8763736263736264
prostate,client3,Domain3,scribble,Case04_22.h5,147456,457,3210,2763,0.0030992296006944445,0.021769205729166668,0.01873779296875,1.0,0.16539992761491132,0.4420131291028446,0.5579868708971554
prostate,client3,Domain3,scribble,Case04_23.h5,147456,762,1065,2997,0.005167643229166667,0.007222493489583333,0.02032470703125,0.905511811023622,0.23023023023023023,0.33989501312335957,0.5656167979002624
prostate,client3,Domain3,scribble,Case04_24.h5,147456,462,3259,3435,0.0031331380208333335,0.022101508246527776,0.023295084635416668,1.0,0.13449781659388646,0.5281385281385281,0.47186147186147187
prostate,client3,Domain3,scribble,Case04_25.h5,147456,197,372,3617,0.0013359917534722222,0.0025227864583333335,0.024529351128472224,0.8883248730964467,0.048382637544926735,0.4467005076142132,0.4416243654822335
prostate,client3,Domain3,scribble,Case04_26.h5,147456,529,3313,3623,0.0035875108506944445,0.022467719184027776,0.024570041232638888,1.0,0.14601159260281535,0.24196597353497165,0.7580340264650284
prostate,client3,Domain3,scribble,Case04_27.h5,147456,70,342,3725,0.00047471788194444444,0.0023193359375,0.025261773003472224,1.0,0.01879194630872483,0.8285714285714286,0.17142857142857143
prostate,client3,Domain3,scribble,Case04_28.h5,147456,480,657,3839,0.0032552083333333335,0.00445556640625,0.026034884982638888,0.9729166666666667,0.12164626204740818,0.3875,0.5854166666666667
prostate,client3,Domain3,scribble,Case04_29.h5,147456,459,646,4136,0.00311279296875,0.004380967881944444,0.028049045138888888,1.0,0.11097678916827854,0.4684095860566449,0.5315904139433552
prostate,client3,Domain3,scribble,Case04_30.h5,147456,360,3145,3822,0.00244140625,0.021328396267361112,0.025919596354166668,1.0,0.09419152276295134,0.2388888888888889,0.7611111111111111
prostate,client3,Domain3,scribble,Case04_31.h5,147456,621,805,4318,0.00421142578125,0.005459255642361111,0.029283311631944444,1.0,0.14381658175081055,0.3446054750402576,0.6553945249597424
prostate,client3,Domain3,scribble,Case04_32.h5,147456,352,3184,4117,0.002387152777777778,0.021592881944444444,0.027920193142361112,0.9914772727272727,0.08477046393004616,0.23011363636363635,0.7613636363636364
prostate,client3,Domain3,scribble,Case04_33.h5,147456,555,3378,4330,0.0037638346354166665,0.022908528645833332,0.029364691840277776,1.0,0.12817551963048499,0.418018018018018,0.581981981981982
prostate,client3,Domain3,scribble,Case04_34.h5,147456,654,3475,4675,0.004435221354166667,0.023566351996527776,0.03170437282986111,1.0,0.13989304812834225,0.40061162079510704,0.599388379204893
prostate,client3,Domain3,scribble,Case04_35.h5,147456,560,3412,4570,0.0037977430555555555,0.023139105902777776,0.030992296006944444,1.0,0.12253829321663019,0.24642857142857144,0.7535714285714286
prostate,client3,Domain3,scribble,Case04_36.h5,147456,588,3420,4262,0.003987630208333333,0.023193359375,0.028903537326388888,0.9693877551020408,0.1337400281557954,0.2619047619047619,0.7074829931972789
prostate,client3,Domain3,scribble,Case04_37.h5,147456,703,1011,4766,0.004767523871527778,0.006856282552083333,0.03232150607638889,1.0,0.14750314729332772,0.42532005689900426,0.5746799431009957
prostate,client3,Domain3,scribble,Case04_38.h5,147456,403,3193,3710,0.0027330186631944445,0.021653917100694444,0.025160047743055556,0.9602977667493796,0.10431266846361185,0.3200992555831266,0.6401985111662531
prostate,client3,Domain3,scribble,Case04_39.h5,147456,494,3299,4044,0.003350151909722222,0.022372775607638888,0.027425130208333332,1.0,0.1221562809099901,0.3967611336032389,0.6032388663967612
prostate,client3,Domain3,scribble,Case04_40.h5,147456,647,3431,3360,0.004387749565972222,0.023267957899305556,0.022786458333333332,0.9783616692426584,0.18839285714285714,0.4884080370942813,0.4899536321483771
prostate,client3,Domain3,scribble,Case04_41.h5,147456,345,3097,3100,0.0023396809895833335,0.021002875434027776,0.021023220486111112,0.9710144927536232,0.10806451612903226,0.25507246376811593,0.7159420289855073
prostate,client3,Domain3,scribble,Case04_42.h5,147456,381,3133,3102,0.0025838216145833335,0.021247016059027776,0.021036783854166668,0.9868766404199475,0.12121212121212122,0.31496062992125984,0.6719160104986877
prostate,client3,Domain3,scribble,Case05_16.h5,147456,263,3014,2643,0.0017835828993055555,0.020439995659722224,0.017923990885416668,1.0,0.09950813469542187,0.8136882129277566,0.18631178707224336
prostate,client3,Domain3,scribble,Case05_17.h5,147456,348,3103,2676,0.0023600260416666665,0.021043565538194444,0.018147786458333332,1.0,0.13004484304932734,0.27873563218390807,0.7212643678160919
prostate,client3,Domain3,scribble,Case05_18.h5,147456,328,3101,3142,0.002224392361111111,0.021030002170138888,0.021308051215277776,0.9908536585365854,0.1034373010821133,0.2225609756097561,0.7682926829268293
prostate,client3,Domain3,scribble,Case05_19.h5,147456,305,3137,4169,0.002068413628472222,0.021274142795138888,0.028272840711805556,1.0,0.0731590309426721,0.5049180327868853,0.49508196721311476
prostate,client3,Domain3,scribble,Case05_20.h5,147456,256,3090,4043,0.001736111111111111,0.020955403645833332,0.027418348524305556,0.9453125,0.05985654217165471,0.30078125,0.64453125
prostate,client3,Domain3,scribble,Case05_21.h5,147456,513,3399,5046,0.00347900390625,0.023050944010416668,0.034220377604166664,1.0,0.10166468489892984,0.3157894736842105,0.6842105263157895
prostate,client3,Domain3,scribble,Case05_22.h5,147456,612,3513,5119,0.004150390625,0.023824055989583332,0.03471544053819445,0.9624183006535948,0.11506153545614378,0.5261437908496732,0.4362745098039216
prostate,client3,Domain3,scribble,Case05_23.h5,147456,236,581,5843,0.0016004774305555555,0.003940158420138889,0.03962537977430555,1.0,0.04039021050830053,0.3008474576271186,0.6991525423728814
prostate,client3,Domain3,scribble,Case05_24.h5,147456,382,3325,6062,0.002590603298611111,0.022549099392361112,0.04111056857638889,1.0,0.06301550643352029,0.3403141361256545,0.6596858638743456
prostate,client3,Domain3,scribble,Case05_25.h5,147456,975,1003,6863,0.006612141927083333,0.006802029079861111,0.04654269748263889,1.0,0.14206615182864638,0.3035897435897436,0.6964102564102564
prostate,client3,Domain3,scribble,Case05_26.h5,147456,446,498,5831,0.003024631076388889,0.0033772786458333335,0.039543999565972224,0.9103139013452914,0.06962785114045618,0.4461883408071749,0.4641255605381166
prostate,client3,Domain3,scribble,Case05_27.h5,147456,275,619,6121,0.001864963107638889,0.004197862413194444,0.041510687934027776,0.96,0.04313020748243751,0.8290909090909091,0.13090909090909092
prostate,client3,Domain3,scribble,Case05_28.h5,147456,580,3514,6192,0.003933376736111111,0.023830837673611112,0.0419921875,1.0,0.09366925064599484,0.4793103448275862,0.5206896551724138
prostate,client3,Domain3,scribble,Case05_29.h5,147456,769,3694,6085,0.005215115017361111,0.025051540798611112,0.041266547309027776,1.0,0.12637633525061626,0.29908972691807545,0.7009102730819246
prostate,client3,Domain3,scribble,Case05_30.h5,147456,272,3207,6305,0.0018446180555555555,0.021748860677083332,0.04275851779513889,0.9963235294117647,0.0429817605075337,0.4632352941176471,0.5330882352941176
prostate,client3,Domain3,scribble,Case05_31.h5,147456,428,666,6609,0.002902560763888889,0.0045166015625,0.044820149739583336,0.9929906542056075,0.06430624905431986,0.42289719626168226,0.5700934579439252
prostate,client3,Domain3,scribble,Case05_32.h5,147456,444,704,6490,0.0030110677083333335,0.004774305555555556,0.044013129340277776,1.0,0.06841294298921417,0.36036036036036034,0.6396396396396397
prostate,client3,Domain3,scribble,Case05_33.h5,147456,355,564,6791,0.002407497829861111,0.0038248697916666665,0.04605441623263889,1.0,0.052275069945516124,0.29014084507042254,0.7098591549295775
prostate,client3,Domain3,scribble,Case05_34.h5,147456,755,1013,6234,0.005120171440972222,0.006869845920138889,0.042277018229166664,1.0,0.12111004170676933,0.3152317880794702,0.6847682119205298
prostate,client3,Domain3,scribble,Case05_35.h5,147456,798,3710,5861,0.005411783854166667,0.025160047743055556,0.03974745008680555,1.0,0.1361542398908036,0.36466165413533835,0.6353383458646616
prostate,client3,Domain3,scribble,Case05_36.h5,147456,513,3438,6161,0.00347900390625,0.0233154296875,0.04178195529513889,1.0,0.08326570361954229,0.2553606237816764,0.7446393762183235
prostate,client3,Domain3,scribble,Case05_37.h5,147456,885,3816,5695,0.006001790364583333,0.02587890625,0.03862169053819445,1.0,0.15539947322212466,0.5050847457627119,0.49491525423728816
prostate,client3,Domain3,scribble,Case05_38.h5,147456,555,3480,5459,0.0037638346354166665,0.023600260416666668,0.03702121310763889,1.0,0.1016669719728888,0.4882882882882883,0.5117117117117117
prostate,client3,Domain3,scribble,Case05_39.h5,147456,610,3523,5387,0.004136827256944444,0.023891872829861112,0.03653293185763889,1.0,0.11323556710599592,0.639344262295082,0.36065573770491804
prostate,client3,Domain3,scribble,Case05_40.h5,147456,685,3576,4963,0.004645453559027778,0.024251302083333332,0.03365749782986111,1.0,0.1380213580495668,0.4554744525547445,0.5445255474452555
prostate,client3,Domain3,scribble,Case05_41.h5,147456,483,3347,4111,0.0032755533854166665,0.022698296440972224,0.027879503038194444,1.0,0.11748966188275359,0.41200828157349895,0.587991718426501
prostate,client3,Domain3,scribble,Case05_42.h5,147456,560,3376,3010,0.0037977430555555555,0.022894965277777776,0.020412868923611112,0.9535714285714286,0.17740863787375416,0.4035714285714286,0.55
prostate,client3,Domain3,scribble,Case05_43.h5,147456,565,3364,3115,0.0038316514756944445,0.022813585069444444,0.021124945746527776,1.0,0.18138041733547353,0.4265486725663717,0.5734513274336284
prostate,client3,Domain3,scribble,Case05_44.h5,147456,255,3038,2785,0.0017293294270833333,0.020602756076388888,0.018886990017361112,1.0,0.09156193895870736,0.36470588235294116,0.6352941176470588
prostate,client3,Domain3,scribble,Case05_45.h5,147456,337,3052,1756,0.002285427517361111,0.020697699652777776,0.011908637152777778,1.0,0.1919134396355353,0.29376854599406527,0.7062314540059347
prostate,client3,Domain3,scribble,Case07_26.h5,147456,207,2922,2029,0.00140380859375,0.019816080729166668,0.013760036892361112,1.0,0.10202069985214392,0.024154589371980676,0.9758454106280193
prostate,client3,Domain3,scribble,Case07_27.h5,147456,194,2915,2317,0.001315646701388889,0.019768608940972224,0.015713161892361112,1.0,0.08372895986189037,0.25257731958762886,0.7474226804123711
prostate,client3,Domain3,scribble,Case07_28.h5,147456,375,3122,2693,0.0025431315104166665,0.021172417534722224,0.018263075086805556,0.9626666666666667,0.13405124396583737,0.3546666666666667,0.608
prostate,client3,Domain3,scribble,Case07_29.h5,147456,452,3256,3491,0.0030653211805555555,0.022081163194444444,0.023674858940972224,1.0,0.12947579490117445,0.46238938053097345,0.5376106194690266
prostate,client3,Domain3,scribble,Case07_30.h5,147456,367,3165,3550,0.0024888780381944445,0.021464029947916668,0.024074978298611112,1.0,0.10338028169014085,0.25885558583106266,0.7411444141689373
prostate,client3,Domain3,scribble,Case07_31.h5,147456,331,712,4042,0.0022447374131944445,0.004828559027777778,0.027411566840277776,0.9758308157099698,0.07991093518060366,0.40181268882175225,0.5740181268882175
prostate,client3,Domain3,scribble,Case07_32.h5,147456,535,804,4029,0.003628200954861111,0.005452473958333333,0.027323404947916668,1.0,0.13278729213204268,0.4261682242990654,0.5738317757009346
prostate,client3,Domain3,scribble,Case07_33.h5,147456,434,3281,4418,0.0029432508680555555,0.022250705295138888,0.029961480034722224,1.0,0.09823449524671797,0.4308755760368664,0.5691244239631337
prostate,client3,Domain3,scribble,Case07_34.h5,147456,632,3466,4424,0.004286024305555556,0.023505316840277776,0.030002170138888888,1.0,0.14285714285714285,0.31329113924050633,0.6867088607594937
prostate,client3,Domain3,scribble,Case07_35.h5,147456,580,3443,4775,0.003933376736111111,0.023349338107638888,0.03238254123263889,1.0,0.12146596858638743,0.20862068965517241,0.7913793103448276
prostate,client3,Domain3,scribble,Case07_36.h5,147456,648,3536,5032,0.00439453125,0.023980034722222224,0.034125434027777776,0.9598765432098766,0.12360890302066772,0.24382716049382716,0.7160493827160493
prostate,client3,Domain3,scribble,Case07_37.h5,147456,871,3795,5467,0.005906846788194444,0.025736490885416668,0.03707546657986111,0.9931113662456946,0.15822205963051034,0.41102181400688864,0.582089552238806
prostate,client3,Domain3,scribble,Case07_38.h5,147456,632,3543,5497,0.004286024305555556,0.024027506510416668,0.03727891710069445,0.9604430379746836,0.1104238675641259,0.23417721518987342,0.7262658227848101
prostate,client3,Domain3,scribble,Case07_39.h5,147456,742,3666,6050,0.005032009548611111,0.024861653645833332,0.04102918836805555,1.0,0.12264462809917355,0.3638814016172507,0.6361185983827493
prostate,client3,Domain3,scribble,Case07_40.h5,147456,662,3608,6237,0.004489474826388889,0.024468315972222224,0.04229736328125,1.0,0.10614077280743947,0.33081570996978854,0.6691842900302115
prostate,client3,Domain3,scribble,Case07_41.h5,147456,542,3485,6204,0.0036756727430555555,0.023634168836805556,0.042073567708333336,1.0,0.08736299161831076,0.503690036900369,0.496309963099631
prostate,client3,Domain3,scribble,Case07_42.h5,147456,441,3371,6145,0.00299072265625,0.022861056857638888,0.04167344835069445,1.0,0.07176566314076485,0.3310657596371882,0.6689342403628118
prostate,client3,Domain3,scribble,Case08_23.h5,147456,274,2927,1688,0.001858181423611111,0.019849989149305556,0.011447482638888888,0.9963503649635036,0.1617298578199052,0.5145985401459854,0.48175182481751827
prostate,client3,Domain3,scribble,Case08_24.h5,147456,287,2972,1955,0.0019463433159722222,0.020155164930555556,0.013258192274305556,0.9442508710801394,0.13861892583120206,0.30662020905923343,0.6376306620209059
prostate,client3,Domain3,scribble,Case08_25.h5,147456,232,2951,2795,0.0015733506944444445,0.020012749565972224,0.018954806857638888,1.0,0.08300536672629696,0.39655172413793105,0.603448275862069
prostate,client3,Domain3,scribble,Case08_26.h5,147456,481,3210,3000,0.003261990017361111,0.021769205729166668,0.020345052083333332,0.997920997920998,0.16,0.33471933471933474,0.6632016632016632
prostate,client3,Domain3,scribble,Case08_27.h5,147456,361,3087,2906,0.002448187934027778,0.02093505859375,0.019707573784722224,1.0,0.12422573984858913,0.5124653739612188,0.48753462603878117
prostate,client3,Domain3,scribble,Case08_28.h5,147456,481,3226,3264,0.003261990017361111,0.021877712673611112,0.022135416666666668,1.0,0.14736519607843138,0.4407484407484408,0.5592515592515592
prostate,client3,Domain3,scribble,Case08_29.h5,147456,504,3281,3691,0.00341796875,0.022250705295138888,0.025031195746527776,1.0,0.1365483608778109,0.44642857142857145,0.5535714285714286
prostate,client3,Domain3,scribble,Case08_30.h5,147456,535,3322,3692,0.003628200954861111,0.022528754340277776,0.025037977430555556,0.9682242990654205,0.14030335861321777,0.4747663551401869,0.4934579439252336
prostate,client3,Domain3,scribble,Case08_31.h5,147456,437,3254,4237,0.002963595920138889,0.022067599826388888,0.028733995225694444,1.0,0.1031390134529148,0.30663615560640733,0.6933638443935927
prostate,client3,Domain3,scribble,Case08_32.h5,147456,371,3203,4425,0.0025160047743055555,0.021721733940972224,0.030008951822916668,1.0,0.08384180790960452,0.19137466307277629,0.8086253369272237
prostate,client3,Domain3,scribble,Case08_33.h5,147456,598,3431,4692,0.004055447048611111,0.023267957899305556,0.031819661458333336,1.0,0.12745098039215685,0.26421404682274247,0.7357859531772575
prostate,client3,Domain3,scribble,Case08_34.h5,147456,423,3266,4959,0.00286865234375,0.022148980034722224,0.03363037109375,1.0,0.0852994555353902,0.3475177304964539,0.6524822695035462
prostate,client3,Domain3,scribble,Case08_35.h5,147456,513,3351,4719,0.00347900390625,0.022725423177083332,0.032002766927083336,1.0,0.10870947234583599,0.4152046783625731,0.5847953216374269
prostate,client3,Domain3,scribble,Case08_36.h5,147456,528,3380,5076,0.0035807291666666665,0.022922092013888888,0.034423828125,1.0,0.10401891252955082,0.19886363636363635,0.8011363636363636
prostate,client3,Domain3,scribble,Case08_37.h5,147456,275,453,5222,0.001864963107638889,0.0030721028645833335,0.03541395399305555,0.9345454545454546,0.04921486020681731,0.19272727272727272,0.7418181818181818
prostate,client3,Domain3,scribble,Case08_38.h5,147456,495,3347,5388,0.00335693359375,0.022698296440972224,0.036539713541666664,1.0,0.09187082405345212,0.3898989898989899,0.6101010101010101
prostate,client3,Domain3,scribble,Case08_39.h5,147456,790,3665,5361,0.005357530381944444,0.024854871961805556,0.036356608072916664,0.9898734177215189,0.1458683081514643,0.330379746835443,0.6594936708860759
prostate,client3,Domain3,scribble,Case08_40.h5,147456,502,3354,5078,0.0034044053819444445,0.022745768229166668,0.03443739149305555,1.0,0.09885781803859787,0.4362549800796813,0.5637450199203188
prostate,client3,Domain3,scribble,Case08_41.h5,147456,541,719,5107,0.003668891059027778,0.004876030815972222,0.03463406032986111,1.0,0.10593303309183473,0.2587800369685767,0.7412199630314233
prostate,client3,Domain3,scribble,Case08_42.h5,147456,375,3208,4567,0.0025431315104166665,0.021755642361111112,0.030971950954861112,1.0,0.08211079483249398,0.2773333333333333,0.7226666666666667
prostate,client3,Domain3,scribble,Case08_43.h5,147456,549,3382,4521,0.00372314453125,0.022935655381944444,0.030659993489583332,1.0,0.12143331121433311,0.2750455373406193,0.7249544626593807
prostate,client3,Domain3,scribble,Case08_44.h5,147456,583,3396,4176,0.003953721788194444,0.023030598958333332,0.0283203125,1.0,0.1396072796934866,0.47855917667238423,0.5214408233276158
prostate,client3,Domain3,scribble,Case08_45.h5,147456,521,3347,4403,0.003533257378472222,0.022698296440972224,0.029859754774305556,1.0,0.1183284124460595,0.5719769673704415,0.42802303262955854
prostate,client3,Domain3,scribble,Case08_46.h5,147456,278,3074,4185,0.0018853081597222222,0.020846896701388888,0.02838134765625,1.0,0.06642771804062127,0.2805755395683453,0.7194244604316546
prostate,client3,Domain3,scribble,Case08_47.h5,147456,539,3313,3152,0.003655327690972222,0.022467719184027776,0.021375868055555556,0.9554730983302412,0.16338832487309646,0.37662337662337664,0.5788497217068646
prostate,client3,Domain3,scribble,Case08_48.h5,147456,375,3165,3444,0.0025431315104166665,0.021464029947916668,0.023356119791666668,1.0,0.10888501742160278,0.4533333333333333,0.5466666666666666
prostate,client3,Domain3,scribble,Case09_11.h5,147456,490,3198,2166,0.003323025173611111,0.021687825520833332,0.014689127604166666,1.0,0.22622345337026778,0.336734693877551,0.6632653061224489
prostate,client3,Domain3,scribble,Case09_12.h5,147456,545,3322,3096,0.003696017795138889,0.022528754340277776,0.02099609375,1.0,0.17603359173126615,0.3596330275229358,0.6403669724770642
prostate,client3,Domain3,scribble,Case09_13.h5,147456,221,3025,3791,0.001498752170138889,0.020514594184027776,0.025709364149305556,1.0,0.05829596412556054,0.579185520361991,0.42081447963800905
prostate,client3,Domain3,scribble,Case09_14.h5,147456,569,3413,4772,0.0038587782118055555,0.023145887586805556,0.03236219618055555,1.0,0.11923721709974854,0.3602811950790861,0.6397188049209139
prostate,client3,Domain3,scribble,Case09_15.h5,147456,549,3419,5335,0.00372314453125,0.023186577690972224,0.03618028428819445,1.0,0.10290534208059982,0.31876138433515483,0.6812386156648452
prostate,client3,Domain3,scribble,Case09_16.h5,147456,446,3354,5763,0.003024631076388889,0.022745768229166668,0.039082845052083336,0.9192825112107623,0.07114350164844699,0.5112107623318386,0.4080717488789238
prostate,client3,Domain3,scribble,Case09_17.h5,147456,692,3634,6564,0.004692925347222222,0.024644639756944444,0.044514973958333336,0.9985549132947977,0.10527117611212675,0.3583815028901734,0.6401734104046243
prostate,client3,Domain3,scribble,Case09_18.h5,147456,615,3586,7191,0.004170735677083333,0.024319118923611112,0.04876708984375,1.0,0.08552357113057989,0.2764227642276423,0.7235772357723578
prostate,client3,Domain3,scribble,Case09_19.h5,147456,436,3415,7826,0.002956814236111111,0.023159450954861112,0.05307345920138889,1.0,0.05571173013033478,0.42660550458715596,0.573394495412844
prostate,client3,Domain3,scribble,Case09_20.h5,147456,664,3666,8532,0.004503038194444444,0.024861653645833332,0.057861328125,1.0,0.07782466010314111,0.24246987951807228,0.7575301204819277
prostate,client3,Domain3,scribble,Case09_21.h5,147456,541,3575,9127,0.003668891059027778,0.024244520399305556,0.061896430121527776,0.9759704251386322,0.05785033417333187,0.48613678373382624,0.4898336414048059
prostate,client3,Domain3,scribble,Case09_22.h5,147456,850,3865,9127,0.005764431423611111,0.026211208767361112,0.061896430121527776,0.9694117647058823,0.09028158211898762,0.2211764705882353,0.7482352941176471
prostate,client3,Domain3,scribble,Case09_23.h5,147456,958,988,9780,0.006496853298611111,0.006700303819444444,0.06632486979166667,1.0,0.09795501022494887,0.35177453027139877,0.6482254697286013
prostate,client3,Domain3,scribble,Case09_24.h5,147456,1029,4079,10152,0.006978352864583333,0.027662489149305556,0.06884765625,1.0,0.10135933806146571,0.2925170068027211,0.7074829931972789
prostate,client3,Domain3,scribble,Case09_25.h5,147456,859,3953,10849,0.005825466579861111,0.026807996961805556,0.0735744900173611,1.0,0.07917780440593603,0.5261932479627474,0.47380675203725264
prostate,client3,Domain3,scribble,Case09_26.h5,147456,1096,4183,10851,0.007432725694444444,0.028367784288194444,0.07358805338541667,1.0,0.10100451571283753,0.2572992700729927,0.7427007299270073
prostate,client3,Domain3,scribble,Case09_27.h5,147456,581,864,11580,0.003940158420138889,0.005859375,0.07853190104166667,1.0,0.0501727115716753,0.504302925989673,0.49569707401032703
prostate,client3,Domain3,scribble,Case09_28.h5,147456,587,3683,11769,0.003980848524305556,0.024976942274305556,0.07981363932291667,0.9727427597955707,0.048517291188716116,0.2453151618398637,0.727427597955707
prostate,client3,Domain3,scribble,Case09_29.h5,147456,560,3672,12025,0.0037977430555555555,0.02490234375,0.08154975043402778,1.0,0.04656964656964657,0.4035714285714286,0.5964285714285714
prostate,client3,Domain3,scribble,Case09_30.h5,147456,561,3672,11680,0.0038045247395833335,0.02490234375,0.07921006944444445,0.9732620320855615,0.046746575342465756,0.31907308377896615,0.6541889483065954
prostate,client3,Domain3,scribble,Case09_31.h5,147456,720,3819,11703,0.0048828125,0.025899251302083332,0.07936604817708333,1.0,0.06152268649064342,0.2791666666666667,0.7208333333333333
prostate,client3,Domain3,scribble,Case09_32.h5,147456,1322,1612,11382,0.008965386284722222,0.010932074652777778,0.07718912760416667,0.9947049924357034,0.11553329819012476,0.35703479576399394,0.6376701966717095
prostate,client3,Domain3,scribble,Case09_33.h5,147456,407,3490,11047,0.0027601453993055555,0.023668077256944444,0.0749172634548611,1.0,0.03684258169638816,0.7371007371007371,0.2628992628992629
prostate,client3,Domain3,scribble,Case09_34.h5,147456,896,3984,11523,0.006076388888888889,0.027018229166666668,0.07814534505208333,1.0,0.07775752842141803,0.2421875,0.7578125
prostate,client3,Domain3,scribble,Case09_35.h5,147456,962,4039,11385,0.006523980034722222,0.027391221788194444,0.07720947265625,1.0,0.08449714536671059,0.4106029106029106,0.5893970893970893
prostate,client3,Domain3,scribble,Case09_36.h5,147456,758,3837,10839,0.005140516493055556,0.026021321614583332,0.07350667317708333,1.0,0.06993265061352523,0.23482849604221637,0.7651715039577837
prostate,client3,Domain3,scribble,Case09_37.h5,147456,707,3761,10350,0.004794650607638889,0.025505913628472224,0.0701904296875,1.0,0.06830917874396135,0.4809052333804809,0.5190947666195191
prostate,client3,Domain3,scribble,Case09_38.h5,147456,863,3927,10393,0.005852593315972222,0.026631673177083332,0.07048204210069445,1.0,0.08303665928990667,0.45886442641946695,0.541135573580533
prostate,client3,Domain3,scribble,Case09_39.h5,147456,505,3549,9397,0.003424750434027778,0.024068196614583332,0.06372748480902778,0.9841584158415841,0.05288921996381824,0.29306930693069305,0.691089108910891
prostate,client3,Domain3,scribble,Case09_40.h5,147456,568,3610,9434,0.003851996527777778,0.024481879340277776,0.06397840711805555,0.9823943661971831,0.05914776340894636,0.3873239436619718,0.5950704225352113
prostate,client3,Domain3,scribble,Case09_41.h5,147456,746,3784,9393,0.005059136284722222,0.025661892361111112,0.06370035807291667,1.0,0.07942084531033748,0.339142091152815,0.660857908847185
prostate,client3,Domain3,scribble,Case09_42.h5,147456,537,3559,9046,0.0036417643229166665,0.024136013454861112,0.061347113715277776,1.0,0.05936325447711696,0.47113594040968343,0.5288640595903166
prostate,client3,Domain3,scribble,Case11_18.h5,147456,367,3027,1493,0.0024888780381944445,0.020528157552083332,0.010125054253472222,1.0,0.24581379772270595,0.5149863760217984,0.48501362397820164
prostate,client3,Domain3,scribble,Case11_19.h5,147456,341,3013,1560,0.002312554253472222,0.020433213975694444,0.010579427083333334,1.0,0.2185897435897436,0.5513196480938416,0.44868035190615835
prostate,client3,Domain3,scribble,Case11_20.h5,147456,414,3093,1672,0.0028076171875,0.020975748697916668,0.011338975694444444,1.0,0.24760765550239233,0.49516908212560384,0.5048309178743962
prostate,client3,Domain3,scribble,Case11_21.h5,147456,368,3059,1864,0.002495659722222222,0.020745171440972224,0.012641059027777778,1.0,0.19742489270386265,0.4483695652173913,0.5516304347826086
prostate,client3,Domain3,scribble,Case11_22.h5,147456,449,3149,1870,0.003044976128472222,0.021355523003472224,0.012681749131944444,1.0,0.24010695187165776,0.43207126948775054,0.5679287305122495
prostate,client3,Domain3,scribble,Case11_23.h5,147456,411,3146,2217,0.0027872721354166665,0.021335177951388888,0.015034993489583334,0.9829683698296837,0.18222823635543528,0.24087591240875914,0.7420924574209246
prostate,client3,Domain3,scribble,Case11_24.h5,147456,390,3126,2341,0.0026448567708333335,0.021199544270833332,0.015875922309027776,1.0,0.16659547202050407,0.3128205128205128,0.6871794871794872
prostate,client3,Domain3,scribble,Case11_25.h5,147456,319,3082,2706,0.002163357204861111,0.020901150173611112,0.018351236979166668,1.0,0.11788617886178862,0.2006269592476489,0.799373040752351
prostate,client3,Domain3,scribble,Case11_26.h5,147456,427,3206,2896,0.002895779079861111,0.021742078993055556,0.019639756944444444,1.0,0.14744475138121546,0.29508196721311475,0.7049180327868853
prostate,client3,Domain3,scribble,Case11_27.h5,147456,505,3305,3386,0.003424750434027778,0.022413465711805556,0.022962782118055556,1.0,0.14914353219137624,0.25346534653465347,0.7465346534653465
prostate,client3,Domain3,scribble,Case11_28.h5,147456,340,3148,3548,0.0023057725694444445,0.021348741319444444,0.024061414930555556,1.0,0.09582863585118377,0.46176470588235297,0.538235294117647
prostate,client3,Domain3,scribble,Case11_29.h5,147456,464,3282,3771,0.003146701388888889,0.022257486979166668,0.02557373046875,0.9892241379310345,0.12171837708830549,0.5775862068965517,0.41163793103448276
prostate,client3,Domain3,scribble,Case11_30.h5,147456,520,3365,4042,0.0035264756944444445,0.022820366753472224,0.027411566840277776,1.0,0.12864918357248886,0.2153846153846154,0.7846153846153846
prostate,client3,Domain3,scribble,Case11_31.h5,147456,594,3448,4245,0.0040283203125,0.023383246527777776,0.028788248697916668,1.0,0.13992932862190813,0.36363636363636365,0.6363636363636364
prostate,client3,Domain3,scribble,Case11_32.h5,147456,459,3310,4443,0.00311279296875,0.022447374131944444,0.030131022135416668,1.0,0.10330857528696827,0.4531590413943355,0.5468409586056645
prostate,client3,Domain3,scribble,Case11_33.h5,147456,590,3450,4806,0.004001193576388889,0.023396809895833332,0.0325927734375,1.0,0.1227632126508531,0.3949152542372881,0.6050847457627119
prostate,client3,Domain3,scribble,Case11_34.h5,147456,617,3473,4819,0.004184299045138889,0.023552788628472224,0.03268093532986111,1.0,0.12803486200456526,0.40032414910858993,0.5996758508914101
prostate,client3,Domain3,scribble,Case11_35.h5,147456,370,3221,4807,0.002509223090277778,0.021843804253472224,0.032599555121527776,1.0,0.07697108383607239,0.26756756756756755,0.7324324324324324
prostate,client3,Domain3,scribble,Case11_36.h5,147456,341,3202,4807,0.002312554253472222,0.021714952256944444,0.032599555121527776,1.0,0.07093821510297482,0.6217008797653959,0.3782991202346041
prostate,client3,Domain3,scribble,Case11_37.h5,147456,639,3492,4746,0.00433349609375,0.023681640625,0.032185872395833336,1.0,0.13463969658659924,0.4084507042253521,0.5915492957746479
prostate,client3,Domain3,scribble,Case11_38.h5,147456,388,3243,4638,0.002631293402777778,0.021993001302083332,0.031453450520833336,1.0,0.08365674859853385,0.24742268041237114,0.7525773195876289
prostate,client3,Domain3,scribble,Case11_39.h5,147456,263,3115,4436,0.0017835828993055555,0.021124945746527776,0.030083550347222224,1.0,0.059287646528403966,0.4790874524714829,0.5209125475285171
prostate,client3,Domain3,scribble,Case11_40.h5,147456,298,3139,4262,0.002020941840277778,0.021287706163194444,0.028903537326388888,1.0,0.06992022524636321,0.5671140939597316,0.43288590604026844
prostate,client3,Domain3,scribble,Case11_41.h5,147456,621,3460,4164,0.00421142578125,0.023464626736111112,0.028238932291666668,0.9935587761674718,0.14817483189241115,0.4492753623188406,0.5442834138486312
prostate,client3,Domain3,scribble,Case11_42.h5,147456,483,3289,3705,0.0032755533854166665,0.022304958767361112,0.025126139322916668,1.0,0.13036437246963561,0.463768115942029,0.5362318840579711
prostate,client3,Domain3,scribble,Case11_43.h5,147456,340,3117,3062,0.0023057725694444445,0.021138509114583332,0.020765516493055556,0.9882352941176471,0.10973220117570215,0.42058823529411765,0.5676470588235294
prostate,client3,Domain3,scribble,Case11_44.h5,147456,426,3214,3078,0.0028889973958333335,0.021796332465277776,0.0208740234375,0.931924882629108,0.12897985705003248,0.19718309859154928,0.7347417840375586
prostate,client3,Domain3,scribble,Case12_23.h5,147456,249,2960,2345,0.0016886393229166667,0.020073784722222224,0.015903049045138888,1.0,0.10618336886993604,0.19678714859437751,0.8032128514056225
prostate,client3,Domain3,scribble,Case12_24.h5,147456,323,3069,2510,0.002190483940972222,0.02081298828125,0.017022026909722224,0.9535603715170279,0.12270916334661354,0.4458204334365325,0.5077399380804953
prostate,client3,Domain3,scribble,Case12_25.h5,147456,521,3300,3179,0.003533257378472222,0.022379557291666668,0.021558973524305556,1.0,0.16388801509908776,0.42226487523992323,0.5777351247600768
prostate,client3,Domain3,scribble,Case12_26.h5,147456,325,3122,3547,0.002204047309027778,0.021172417534722224,0.024054633246527776,0.9323076923076923,0.08542430222723428,0.2123076923076923,0.72
prostate,client3,Domain3,scribble,Case12_27.h5,147456,22,2848,4007,0.00014919704861111112,0.019314236111111112,0.027174207899305556,1.0,0.005490391814324931,0.2727272727272727,0.7272727272727273
prostate,client3,Domain3,scribble,Case12_28.h5,147456,797,3644,4499,0.005405002170138889,0.024712456597222224,0.030510796440972224,1.0,0.17715047788397423,0.4203262233375157,0.5796737766624843
prostate,client3,Domain3,scribble,Case12_29.h5,147456,519,3392,4930,0.0035196940104166665,0.023003472222222224,0.03343370225694445,1.0,0.1052738336713996,0.4123314065510597,0.5876685934489403
prostate,client3,Domain3,scribble,Case12_30.h5,147456,632,3514,5057,0.004286024305555556,0.023830837673611112,0.034294976128472224,0.9794303797468354,0.12240458770021752,0.2927215189873418,0.6867088607594937
prostate,client3,Domain3,scribble,Case12_31.h5,147456,673,924,5228,0.004564073350694444,0.006266276041666667,0.035454644097222224,0.9985141158989599,0.12853863810252486,0.3387815750371471,0.6597325408618128
prostate,client3,Domain3,scribble,Case12_32.h5,147456,763,1026,5367,0.005174424913194444,0.0069580078125,0.036397298177083336,0.9567496723460026,0.13601639649711197,0.2437745740498034,0.7129750982961992
prostate,client3,Domain3,scribble,Case12_33.h5,147456,839,1113,5374,0.005689832899305556,0.007548014322916667,0.036444769965277776,1.0,0.15612206922218086,0.3432657926102503,0.6567342073897497
prostate,client3,Domain3,scribble,Case12_34.h5,147456,532,782,5377,0.003607855902777778,0.005303276909722222,0.03646511501736111,0.9981203007518797,0.09875395201785382,0.47368421052631576,0.5244360902255639
prostate,client3,Domain3,scribble,Case12_35.h5,147456,667,927,5488,0.004523383246527778,0.00628662109375,0.03721788194444445,0.9730134932533733,0.11825801749271136,0.31334332833583206,0.6596701649175413
prostate,client3,Domain3,scribble,Case12_36.h5,147456,836,1072,5483,0.005669487847222222,0.007269965277777778,0.03718397352430555,0.9521531100478469,0.14517599854094473,0.2834928229665072,0.6686602870813397
prostate,client3,Domain3,scribble,Case12_37.h5,147456,511,3396,5267,0.0034654405381944445,0.023030598958333332,0.03571912977430555,0.8962818003913894,0.08695652173913043,0.639921722113503,0.2563600782778865
prostate,client3,Domain3,scribble,Case12_38.h5,147456,847,3743,5471,0.005744086371527778,0.025383843315972224,0.037102593315972224,0.9456906729634003,0.14640833485651616,0.41912632821723733,0.526564344746163
prostate,client3,Domain3,scribble,Case12_39.h5,147456,574,3467,5158,0.0038926866319444445,0.023512098524305556,0.034979926215277776,1.0,0.11128344319503683,0.3641114982578397,0.6358885017421603
prostate,client3,Domain3,scribble,Case12_40.h5,147456,283,3163,4937,0.001919216579861111,0.021450466579861112,0.03348117404513889,0.8975265017667845,0.05144824792384039,0.27208480565371024,0.6254416961130742
prostate,client3,Domain3,scribble,Case12_41.h5,147456,451,3305,4517,0.003058539496527778,0.022413465711805556,0.030632866753472224,1.0,0.0998450298870932,0.2328159645232816,0.7671840354767184
prostate,client3,Domain3,scribble,Case13_21.h5,147456,397,3033,1287,0.002692328559027778,0.02056884765625,0.00872802734375,1.0,0.3084693084693085,0.4659949622166247,0.5340050377833753
prostate,client3,Domain3,scribble,Case13_22.h5,147456,398,3052,1533,0.0026991102430555555,0.020697699652777776,0.010396321614583334,1.0,0.25962165688193084,0.4798994974874372,0.5201005025125628
prostate,client3,Domain3,scribble,Case13_23.h5,147456,379,3056,1857,0.002570258246527778,0.020724826388888888,0.012593587239583334,1.0,0.2040926225094238,0.37994722955145116,0.6200527704485488
prostate,client3,Domain3,scribble,Case13_24.h5,147456,304,3003,2135,0.0020616319444444445,0.020365397135416668,0.014478895399305556,1.0,0.14238875878220142,0.3618421052631579,0.6381578947368421
prostate,client3,Domain3,scribble,Case13_25.h5,147456,387,3134,2711,0.00262451171875,0.021253797743055556,0.018385145399305556,1.0,0.14275175212098856,0.4392764857881137,0.5607235142118863
prostate,client3,Domain3,scribble,Case13_26.h5,147456,445,3189,2865,0.003017849392361111,0.021626790364583332,0.019429524739583332,1.0,0.15532286212914484,0.35280898876404493,0.647191011235955
prostate,client3,Domain3,scribble,Case13_27.h5,147456,408,3187,3240,0.0027669270833333335,0.021613226996527776,0.02197265625,1.0,0.1259259259259259,0.3088235294117647,0.6911764705882353
prostate,client3,Domain3,scribble,Case13_28.h5,147456,346,3137,3441,0.002346462673611111,0.021274142795138888,0.023335774739583332,1.0,0.1005521650682941,0.2774566473988439,0.7225433526011561
prostate,client3,Domain3,scribble,Case13_29.h5,147456,442,3246,3631,0.002997504340277778,0.022013346354166668,0.024624294704861112,0.9570135746606335,0.11649683282842192,0.3597285067873303,0.5972850678733032
prostate,client3,Domain3,scribble,Case13_30.h5,147456,592,3407,3779,0.004014756944444444,0.023105197482638888,0.025627983940972224,0.9611486486486487,0.15056893358031226,0.3952702702702703,0.5658783783783784
prostate,client3,Domain3,scribble,Case13_31.h5,147456,470,3299,3982,0.0031873914930555555,0.022372775607638888,0.027004665798611112,1.0,0.11803114013058764,0.28297872340425534,0.7170212765957447
prostate,client3,Domain3,scribble,Case13_32.h5,147456,522,3352,4047,0.0035400390625,0.022732204861111112,0.027445475260416668,1.0,0.12898443291326908,0.3371647509578544,0.6628352490421456
prostate,client3,Domain3,scribble,Case13_33.h5,147456,545,3375,4130,0.003696017795138889,0.02288818359375,0.028008355034722224,1.0,0.13196125907990314,0.30458715596330277,0.6954128440366972
prostate,client3,Domain3,scribble,Case13_34.h5,147456,406,3222,3912,0.002753363715277778,0.0218505859375,0.026529947916666668,1.0,0.10378323108384459,0.31527093596059114,0.6847290640394089
prostate,client3,Domain3,scribble,Case13_35.h5,147456,414,3235,3936,0.0028076171875,0.021938747829861112,0.026692708333333332,0.9830917874396136,0.10340447154471545,0.3115942028985507,0.6714975845410628
prostate,client3,Domain3,scribble,Case13_36.h5,147456,406,3243,4096,0.002753363715277778,0.021993001302083332,0.027777777777777776,1.0,0.09912109375,0.2733990147783251,0.7266009852216748
prostate,client3,Domain3,scribble,Case13_37.h5,147456,423,3252,4026,0.00286865234375,0.022054036458333332,0.027303059895833332,0.9739952718676123,0.10233482364629906,0.24349881796690306,0.7304964539007093
prostate,client3,Domain3,scribble,Case13_38.h5,147456,455,3273,4002,0.003085666232638889,0.022196451822916668,0.027140299479166668,1.0,0.11369315342328835,0.2813186813186813,0.7186813186813187
prostate,client3,Domain3,scribble,Case13_39.h5,147456,380,3210,4000,0.0025770399305555555,0.021769205729166668,0.027126736111111112,1.0,0.095,0.7710526315789473,0.22894736842105262
prostate,client3,Domain3,scribble,Case13_40.h5,147456,293,3125,3991,0.001987033420138889,0.021192762586805556,0.027065700954861112,1.0,0.07341518416436983,0.5426621160409556,0.45733788395904434
prostate,client3,Domain3,scribble,Case13_41.h5,147456,385,3203,3915,0.0026109483506944445,0.021721733940972224,0.02655029296875,1.0,0.0983397190293742,0.3012987012987013,0.6987012987012987
prostate,client3,Domain3,scribble,Case13_42.h5,147456,291,3109,3944,0.0019734700520833335,0.021084255642361112,0.026746961805555556,0.9415807560137457,0.06947261663286004,0.27147766323024053,0.6701030927835051
prostate,client3,Domain3,scribble,Case13_43.h5,147456,510,3330,3899,0.0034586588541666665,0.0225830078125,0.026441786024305556,1.0,0.1308027699410105,0.4372549019607843,0.5627450980392157
prostate,client3,Domain3,scribble,Case13_44.h5,147456,406,3225,3915,0.002753363715277778,0.021870930989583332,0.02655029296875,1.0,0.1037037037037037,0.2019704433497537,0.7980295566502463
prostate,client3,Domain3,scribble,Case14_23.h5,147456,369,3060,1553,0.00250244140625,0.020751953125,0.010531955295138888,1.0,0.2376046361880232,0.44173441734417346,0.5582655826558266
prostate,client3,Domain3,scribble,Case14_24.h5,147456,221,2923,1627,0.001498752170138889,0.019822862413194444,0.011033799913194444,0.9095022624434389,0.12354025814382298,0.5203619909502263,0.3891402714932127
prostate,client3,Domain3,scribble,Case14_25.h5,147456,232,2947,1861,0.0015733506944444445,0.019985622829861112,0.012620713975694444,1.0,0.1246641590542719,0.4396551724137931,0.5603448275862069
prostate,client3,Domain3,scribble,Case14_26.h5,147456,306,3043,2269,0.0020751953125,0.020636664496527776,0.015387641059027778,0.9771241830065359,0.13177611282503304,0.3202614379084967,0.6568627450980392
prostate,client3,Domain3,scribble,Case14_27.h5,147456,388,3136,2658,0.002631293402777778,0.021267361111111112,0.018025716145833332,1.0,0.14597441685477802,0.3479381443298969,0.6520618556701031
prostate,client3,Domain3,scribble,Case14_28.h5,147456,363,3141,2987,0.0024617513020833335,0.02130126953125,0.020256890190972224,1.0,0.12152661533311014,0.2865013774104683,0.7134986225895317
prostate,client3,Domain3,scribble,Case14_29.h5,147456,287,3063,3089,0.0019463433159722222,0.020772298177083332,0.020948621961805556,1.0,0.09291032696665588,0.30313588850174217,0.6968641114982579
prostate,client3,Domain3,scribble,Case14_30.h5,147456,554,3335,2921,0.003757052951388889,0.022616916232638888,0.019809299045138888,1.0,0.18966107497432386,0.40974729241877256,0.5902527075812274
prostate,client3,Domain3,scribble,Case14_31.h5,147456,431,3189,2963,0.002922905815972222,0.021626790364583332,0.020094129774305556,1.0,0.14546068174147822,0.32018561484918795,0.679814385150812
prostate,client3,Domain3,scribble,Case14_32.h5,147456,404,3183,2992,0.002739800347222222,0.021586100260416668,0.020290798611111112,1.0,0.13502673796791445,0.4975247524752475,0.5024752475247525
prostate,client3,Domain3,scribble,Case14_33.h5,147456,578,3362,3034,0.003919813368055556,0.022800021701388888,0.020575629340277776,1.0,0.1905075807514832,0.36678200692041524,0.6332179930795848
prostate,client3,Domain3,scribble,Case14_34.h5,147456,553,3331,3034,0.003750271267361111,0.022589789496527776,0.020575629340277776,1.0,0.18226763348714567,0.325497287522604,0.674502712477396
prostate,client3,Domain3,scribble,Case14_35.h5,147456,376,3154,3122,0.0025499131944444445,0.021389431423611112,0.021172417534722224,1.0,0.12043561819346572,0.19946808510638298,0.800531914893617
prostate,client3,Domain3,scribble,Case14_36.h5,147456,447,3231,3260,0.0030314127604166665,0.02191162109375,0.022108289930555556,1.0,0.13711656441717793,0.26174496644295303,0.738255033557047
prostate,client3,Domain3,scribble,Case14_37.h5,147456,604,3388,3380,0.004096137152777778,0.022976345486111112,0.022922092013888888,1.0,0.178698224852071,0.3394039735099338,0.6605960264900662
prostate,client3,Domain3,scribble,Case14_38.h5,147456,418,3202,3275,0.002834743923611111,0.021714952256944444,0.022210015190972224,1.0,0.12763358778625955,0.3038277511961722,0.6961722488038278
prostate,client3,Domain3,scribble,Case14_39.h5,147456,477,3270,3268,0.00323486328125,0.022176106770833332,0.022162543402777776,1.0,0.1459608323133415,0.41509433962264153,0.5849056603773585
prostate,client3,Domain3,scribble,Case14_40.h5,147456,421,3209,3253,0.0028550889756944445,0.021762424045138888,0.022060818142361112,1.0,0.12941899784814018,0.332541567695962,0.667458432304038
prostate,client3,Domain3,scribble,Case15_20.h5,147456,48,2681,1392,0.0003255208333333333,0.018181694878472224,0.009440104166666666,1.0,0.034482758620689655,0.2916666666666667,0.7083333333333334
prostate,client3,Domain3,scribble,Case15_21.h5,147456,159,2799,1578,0.0010782877604166667,0.01898193359375,0.010701497395833334,0.6729559748427673,0.06780735107731306,0.5220125786163522,0.1509433962264151
prostate,client3,Domain3,scribble,Case15_22.h5,147456,258,2958,2278,0.0017496744791666667,0.020060221354166668,0.015448676215277778,1.0,0.11325724319578578,0.26744186046511625,0.7325581395348837
prostate,client3,Domain3,scribble,Case15_23.h5,147456,130,2895,3023,0.0008816189236111111,0.019632975260416668,0.020501030815972224,0.9307692307692308,0.04002646377770427,0.33076923076923076,0.6
prostate,client3,Domain3,scribble,Case15_24.h5,147456,556,3343,3439,0.0037706163194444445,0.022671169704861112,0.023322211371527776,0.9532374100719424,0.15411456818842686,0.381294964028777,0.5719424460431655
prostate,client3,Domain3,scribble,Case15_25.h5,147456,138,2937,3616,0.0009358723958333334,0.019917805989583332,0.024522569444444444,0.8913043478260869,0.034015486725663714,0.6884057971014492,0.2028985507246377
prostate,client3,Domain3,scribble,Case15_26.h5,147456,444,616,4003,0.0030110677083333335,0.004177517361111111,0.027147081163194444,0.9481981981981982,0.10517112165875593,0.20045045045045046,0.7477477477477478
prostate,client3,Domain3,scribble,Case15_27.h5,147456,609,779,4144,0.004130045572916667,0.005282931857638889,0.028103298611111112,0.896551724137931,0.13175675675675674,0.19047619047619047,0.7060755336617406
prostate,client3,Domain3,scribble,Case15_28.h5,147456,550,719,4297,0.003729926215277778,0.004876030815972222,0.029140896267361112,0.9490909090909091,0.12148010239702117,0.2909090909090909,0.6581818181818182
prostate,client3,Domain3,scribble,Case15_29.h5,147456,432,602,4533,0.0029296875,0.004082573784722222,0.030741373697916668,0.9467592592592593,0.09022722258989632,0.09259259259259259,0.8541666666666666
prostate,client3,Domain3,scribble,Case15_30.h5,147456,268,433,5001,0.0018174913194444445,0.002936469184027778,0.033915201822916664,0.8992537313432836,0.04819036192761448,0.2835820895522388,0.6156716417910447
prostate,client3,Domain3,scribble,Case15_31.h5,147456,605,776,5357,0.004102918836805556,0.005262586805555556,0.03632948133680555,0.9900826446280991,0.11181631510173605,0.14049586776859505,0.8495867768595041
prostate,client3,Domain3,scribble,Case15_32.h5,147456,649,821,5776,0.004401312934027778,0.005567762586805556,0.03917100694444445,0.9861325115562404,0.11080332409972299,0.33436055469953774,0.6517719568567026
prostate,client3,Domain3,scribble,Case15_33.h5,147456,724,882,5646,0.004909939236111111,0.0059814453125,0.038289388020833336,0.9806629834254144,0.12575274530641162,0.32044198895027626,0.6602209944751382
prostate,client3,Domain3,scribble,Case15_34.h5,147456,730,921,5848,0.004950629340277778,0.006245930989583333,0.03965928819444445,0.9575342465753425,0.1195280437756498,0.30273972602739724,0.6547945205479452
prostate,client3,Domain3,scribble,Case15_35.h5,147456,784,1006,6046,0.005316840277777778,0.006822374131944444,0.04100206163194445,0.9961734693877551,0.12917631491895468,0.22959183673469388,0.7665816326530612
prostate,client3,Domain3,scribble,Case15_36.h5,147456,688,914,6041,0.004665798611111111,0.006198459201388889,0.04096815321180555,1.0,0.11388842906803509,0.3648255813953488,0.6351744186046512
prostate,client3,Domain3,scribble,Case15_37.h5,147456,870,1040,6018,0.005900065104166667,0.007052951388888889,0.040812174479166664,1.0,0.14456630109670987,0.28160919540229884,0.7183908045977011
prostate,client3,Domain3,scribble,Case15_38.h5,147456,539,739,6000,0.003655327690972222,0.005011664496527778,0.040690104166666664,1.0,0.08983333333333333,0.22634508348794063,0.7736549165120594
prostate,client3,Domain3,scribble,Case15_39.h5,147456,668,851,5920,0.004530164930555556,0.005771213107638889,0.04014756944444445,0.9790419161676647,0.11047297297297297,0.3727544910179641,0.6062874251497006
prostate,client3,Domain3,scribble,Case15_40.h5,147456,621,3517,5698,0.00421142578125,0.023851182725694444,0.038642035590277776,0.9758454106280193,0.10635310635310635,0.49597423510466987,0.47987117552334946
prostate,client3,Domain3,scribble,Case15_41.h5,147456,368,3257,5659,0.002495659722222222,0.022087944878472224,0.03837754991319445,1.0,0.0650291570948931,0.5652173913043478,0.43478260869565216
prostate,client3,Domain3,scribble,Case15_42.h5,147456,613,3499,5302,0.004157172309027778,0.023729112413194444,0.035956488715277776,1.0,0.11561674839683138,0.3833605220228385,0.6166394779771615
prostate,client3,Domain3,scribble,Case15_43.h5,147456,584,3461,5197,0.003960503472222222,0.023471408420138888,0.03524441189236111,1.0,0.11237252260919761,0.4726027397260274,0.5273972602739726
prostate,client3,Domain3,scribble,Case15_44.h5,147456,353,3213,4819,0.0023939344618055555,0.02178955078125,0.03268093532986111,1.0,0.07325171197343847,0.38243626062322944,0.6175637393767706
prostate,client3,Domain3,scribble,Case15_45.h5,147456,565,3406,4411,0.0038316514756944445,0.023098415798611112,0.029914008246527776,0.9610619469026549,0.12310133756517797,0.3327433628318584,0.6283185840707964
prostate,client3,Domain3,scribble,Case15_46.h5,147456,286,3129,4403,0.0019395616319444445,0.021219889322916668,0.029859754774305556,1.0,0.06495571201453554,0.4125874125874126,0.5874125874125874
prostate,client3,Domain3,scribble,Case15_47.h5,147456,332,3187,4593,0.002251519097222222,0.021613226996527776,0.031148274739583332,1.0,0.07228391029827999,0.4457831325301205,0.5542168674698795
prostate,client3,Domain3,scribble,Case16_15.h5,147456,250,2932,1701,0.0016954210069444445,0.019883897569444444,0.01153564453125,1.0,0.14697236919459142,0.2,0.8
prostate,client3,Domain3,scribble,Case16_16.h5,147456,462,3212,2629,0.0031331380208333335,0.021782769097222224,0.017829047309027776,0.9935064935064936,0.17459109927729174,0.5476190476190477,0.4458874458874459
prostate,client3,Domain3,scribble,Case16_17.h5,147456,260,3021,2769,0.0017632378472222222,0.020487467447916668,0.018778483072916668,1.0,0.09389671361502347,0.3269230769230769,0.6730769230769231
prostate,client3,Domain3,scribble,Case16_18.h5,147456,385,3162,3348,0.0026109483506944445,0.021443684895833332,0.022705078125,1.0,0.11499402628434886,0.5532467532467532,0.44675324675324674
prostate,client3,Domain3,scribble,Case16_19.h5,147456,597,3390,3466,0.004048665364583333,0.022989908854166668,0.023505316840277776,1.0,0.17224466243508366,0.20603015075376885,0.7939698492462312
prostate,client3,Domain3,scribble,Case16_20.h5,147456,558,3351,3489,0.0037841796875,0.022725423177083332,0.023661295572916668,1.0,0.15993121238177127,0.3978494623655914,0.6021505376344086
prostate,client3,Domain3,scribble,Case16_21.h5,147456,436,3278,4376,0.002956814236111111,0.022230360243055556,0.029676649305555556,1.0,0.09963436928702012,0.3967889908256881,0.6032110091743119
prostate,client3,Domain3,scribble,Case16_22.h5,147456,672,3511,4376,0.004557291666666667,0.023810492621527776,0.029676649305555556,1.0,0.15356489945155394,0.22172619047619047,0.7782738095238095
prostate,client3,Domain3,scribble,Case16_23.h5,147456,319,3198,4954,0.002163357204861111,0.021687825520833332,0.03359646267361111,1.0,0.06439241017359709,0.31347962382445144,0.6865203761755486
prostate,client3,Domain3,scribble,Case16_24.h5,147456,671,3550,5109,0.004550509982638889,0.024074978298611112,0.034647623697916664,1.0,0.13133685652769622,0.5096870342771982,0.4903129657228018
prostate,client3,Domain3,scribble,Case16_25.h5,147456,383,3280,5612,0.002597384982638889,0.022243923611111112,0.03805881076388889,1.0,0.06824661439771917,0.5691906005221932,0.4308093994778068
prostate,client3,Domain3,scribble,Case16_26.h5,147456,622,3516,5663,0.004218207465277778,0.023844401041666668,0.03840467664930555,1.0,0.10983577609041144,0.3215434083601286,0.6784565916398714
prostate,client3,Domain3,scribble,Case16_27.h5,147456,376,3293,5982,0.0025499131944444445,0.022332085503472224,0.040568033854166664,1.0,0.06285523236375794,0.39361702127659576,0.6063829787234043
prostate,client3,Domain3,scribble,Case16_28.h5,147456,592,3499,5870,0.004014756944444444,0.023729112413194444,0.03980848524305555,1.0,0.10085178875638842,0.3952702702702703,0.6047297297297297
prostate,client3,Domain3,scribble,Case16_29.h5,147456,831,1128,6078,0.005635579427083333,0.007649739583333333,0.041219075520833336,1.0,0.13672260612043435,0.4741275571600481,0.5258724428399518
prostate,client3,Domain3,scribble,Case16_30.h5,147456,392,3331,6353,0.002658420138888889,0.022589789496527776,0.043084038628472224,0.9948979591836735,0.061388320478514086,0.04846938775510204,0.9464285714285714
prostate,client3,Domain3,scribble,Case16_31.h5,147456,366,3258,5815,0.0024820963541666665,0.0220947265625,0.039435492621527776,1.0,0.06294067067927774,0.6885245901639344,0.3114754098360656
prostate,client3,Domain3,scribble,Case16_32.h5,147456,123,3021,5807,0.0008341471354166666,0.020487467447916668,0.03938123914930555,1.0,0.021181332874117446,0.43089430894308944,0.5691056910569106
prostate,client3,Domain3,scribble,Case16_33.h5,147456,499,3425,6589,0.003384060329861111,0.023227267795138888,0.044684516059027776,1.0,0.07573228107451814,0.37675350701402804,0.6232464929859719
prostate,client3,Domain3,scribble,Case16_34.h5,147456,347,3268,6173,0.002353244357638889,0.022162543402777776,0.041863335503472224,1.0,0.05621253847399968,0.6887608069164265,0.3112391930835735
prostate,client3,Domain3,scribble,Case16_35.h5,147456,390,3286,5851,0.0026448567708333335,0.022284613715277776,0.039679633246527776,1.0,0.06665527260297385,0.5717948717948718,0.4282051282051282
prostate,client3,Domain3,scribble,Case16_36.h5,147456,529,3429,5855,0.0035875108506944445,0.02325439453125,0.03970675998263889,1.0,0.09035012809564474,0.553875236294896,0.44612476370510395
prostate,client3,Domain3,scribble,Case16_37.h5,147456,551,3457,5854,0.0037367078993055555,0.023444281684027776,0.03969997829861111,1.0,0.09412367611889307,0.3793103448275862,0.6206896551724138
prostate,client3,Domain3,scribble,Case16_38.h5,147456,381,3291,6163,0.0025838216145833335,0.022318522135416668,0.04179551866319445,0.979002624671916,0.060522472821677754,0.30708661417322836,0.6719160104986877
prostate,client3,Domain3,scribble,Case16_39.h5,147456,779,3675,5577,0.005282931857638889,0.024922688802083332,0.037821451822916664,1.0,0.1396808319885243,0.576379974326059,0.42362002567394097
prostate,client3,Domain3,scribble,Case16_40.h5,147456,566,3458,5508,0.003838433159722222,0.023451063368055556,0.037353515625,1.0,0.10275962236746551,0.568904593639576,0.43109540636042404
prostate,client3,Domain3,scribble,Case16_41.h5,147456,503,3392,5408,0.003411187065972222,0.023003472222222224,0.036675347222222224,1.0,0.0930103550295858,0.4274353876739563,0.5725646123260437
prostate,client3,Domain3,scribble,Case16_42.h5,147456,260,3151,4990,0.0017632378472222222,0.021369086371527776,0.03384060329861111,1.0,0.052104208416833664,0.16538461538461538,0.8346153846153846
prostate,client3,Domain3,scribble,Case16_43.h5,147456,366,3238,4701,0.0024820963541666665,0.021959092881944444,0.031880696614583336,1.0,0.0778557753669432,0.20491803278688525,0.7950819672131147
prostate,client3,Domain3,scribble,Case16_44.h5,147456,271,3115,4094,0.0018378363715277778,0.021124945746527776,0.027764214409722224,1.0,0.06619443087445041,0.2693726937269373,0.7306273062730627
prostate,client3,Domain3,scribble,Case16_45.h5,147456,357,3144,3415,0.0024210611979166665,0.021321614583333332,0.023159450954861112,1.0,0.10453879941434846,0.3081232492997199,0.6918767507002801
prostate,client3,Domain3,scribble,Case18_17.h5,147456,213,2889,1545,0.0014444986979166667,0.01959228515625,0.010477701822916666,1.0,0.1378640776699029,0.25821596244131456,0.7417840375586855
prostate,client3,Domain3,scribble,Case18_18.h5,147456,411,3091,1602,0.0027872721354166665,0.020962185329861112,0.0108642578125,1.0,0.2565543071161049,0.41605839416058393,0.583941605839416
prostate,client3,Domain3,scribble,Case18_19.h5,147456,319,3028,1956,0.002163357204861111,0.020534939236111112,0.013264973958333334,1.0,0.1630879345603272,0.5141065830721003,0.48589341692789967
prostate,client3,Domain3,scribble,Case18_20.h5,147456,216,2930,2057,0.00146484375,0.019870334201388888,0.013949924045138888,1.0,0.10500729217306758,0.5,0.5
prostate,client3,Domain3,scribble,Case18_21.h5,147456,408,3145,2343,0.0027669270833333335,0.021328396267361112,0.015889485677083332,0.9975490196078431,0.17370892018779344,0.24509803921568626,0.7524509803921569
prostate,client3,Domain3,scribble,Case18_22.h5,147456,343,3085,2511,0.002326117621527778,0.020921495225694444,0.01702880859375,1.0,0.1365989645559538,0.3469387755102041,0.6530612244897959
prostate,client3,Domain3,scribble,Case18_23.h5,147456,361,3117,2804,0.002448187934027778,0.021138509114583332,0.019015842013888888,1.0,0.12874465049928674,0.33518005540166207,0.6648199445983379
prostate,client3,Domain3,scribble,Case18_24.h5,147456,497,3267,3069,0.0033704969618055555,0.02215576171875,0.02081298828125,1.0,0.16194200065167808,0.3420523138832998,0.6579476861167002
prostate,client3,Domain3,scribble,Case18_25.h5,147456,483,3258,3171,0.0032755533854166665,0.0220947265625,0.021504720052083332,1.0,0.152317880794702,0.46790890269151136,0.5320910973084886
prostate,client3,Domain3,scribble,Case18_26.h5,147456,503,3298,3482,0.003411187065972222,0.022365993923611112,0.023613823784722224,1.0,0.14445720850086158,0.27634194831013914,0.7236580516898609
prostate,client3,Domain3,scribble,Case18_27.h5,147456,455,3259,3624,0.003085666232638889,0.022101508246527776,0.024576822916666668,1.0,0.12555187637969095,0.35604395604395606,0.643956043956044
prostate,client3,Domain3,scribble,Case18_28.h5,147456,462,3267,3732,0.0031331380208333335,0.02215576171875,0.025309244791666668,1.0,0.12379421221864952,0.40476190476190477,0.5952380952380952
prostate,client3,Domain3,scribble,Case18_29.h5,147456,555,3382,4056,0.0037638346354166665,0.022935655381944444,0.027506510416666668,1.0,0.13683431952662722,0.4954954954954955,0.5045045045045045
prostate,client3,Domain3,scribble,Case18_30.h5,147456,220,3050,4146,0.001491970486111111,0.020684136284722224,0.028116861979166668,0.9727272727272728,0.05161601543656536,0.20909090909090908,0.7636363636363637
prostate,client3,Domain3,scribble,Case18_31.h5,147456,631,3475,4386,0.004279242621527778,0.023566351996527776,0.029744466145833332,1.0,0.14386684906520747,0.3438985736925515,0.6561014263074485
prostate,client3,Domain3,scribble,Case18_32.h5,147456,488,3307,3980,0.0033094618055555555,0.022427029079861112,0.026991102430555556,1.0,0.12261306532663317,0.3463114754098361,0.6536885245901639
prostate,client3,Domain3,scribble,Case18_33.h5,147456,551,3381,4210,0.0037367078993055555,0.022928873697916668,0.028550889756944444,1.0,0.13087885985748218,0.30127041742286753,0.6987295825771325
prostate,client3,Domain3,scribble,Case18_34.h5,147456,417,3241,4089,0.0028279622395833335,0.021979437934027776,0.027730305989583332,1.0,0.10198092443140132,0.2014388489208633,0.7985611510791367
prostate,client3,Domain3,scribble,Case18_35.h5,147456,487,3325,4118,0.003302680121527778,0.022549099392361112,0.027926974826388888,1.0,0.11826129188926664,0.39835728952772076,0.6016427104722792
prostate,client3,Domain3,scribble,Case18_36.h5,147456,625,3460,4303,0.004238552517361111,0.023464626736111112,0.029181586371527776,1.0,0.14524750174297002,0.44,0.56
prostate,client3,Domain3,scribble,Case18_37.h5,147456,678,3518,4362,0.004597981770833333,0.023857964409722224,0.029581705729166668,1.0,0.15543328748280605,0.4026548672566372,0.5973451327433629
prostate,client3,Domain3,scribble,Case18_38.h5,147456,578,3429,4261,0.003919813368055556,0.02325439453125,0.028896755642361112,1.0,0.13564890870687632,0.2301038062283737,0.7698961937716263
prostate,client3,Domain3,scribble,Case18_39.h5,147456,510,3374,4414,0.0034586588541666665,0.022881401909722224,0.029934353298611112,1.0,0.11554145899410966,0.2529411764705882,0.7470588235294118
prostate,client3,Domain3,scribble,Case18_40.h5,147456,567,3442,4678,0.00384521484375,0.023342556423611112,0.03172471788194445,1.0,0.1212056434373664,0.2275132275132275,0.7724867724867724
prostate,client3,Domain3,scribble,Case18_41.h5,147456,582,3471,5005,0.003946940104166667,0.023539225260416668,0.033942328559027776,1.0,0.11628371628371628,0.5309278350515464,0.4690721649484536
prostate,client4,Domain4,keypoint,Case26_10.h5,147456,52,104,5755,0.00035264756944444444,0.0007052951388888889,0.03902859157986111,1.0,0.009035621198957428,0.17307692307692307,0.8269230769230769
prostate,client4,Domain4,keypoint,Case26_11.h5,147456,52,104,5943,0.00035264756944444444,0.0007052951388888889,0.040303548177083336,1.0,0.008749789668517584,0.23076923076923078,0.7692307692307693
prostate,client4,Domain4,keypoint,Case26_12.h5,147456,52,104,5748,0.00035264756944444444,0.0007052951388888889,0.038981119791666664,1.0,0.009046624913013222,0.25,0.75
prostate,client4,Domain4,keypoint,Case26_13.h5,147456,52,104,5857,0.00035264756944444444,0.0007052951388888889,0.03972032335069445,1.0,0.008878265323544477,0.2692307692307692,0.7307692307692307
prostate,client4,Domain4,keypoint,Case26_14.h5,147456,52,104,6118,0.00035264756944444444,0.0007052951388888889,0.04149034288194445,1.0,0.008499509643674403,0.2692307692307692,0.7307692307692307
prostate,client4,Domain4,keypoint,Case26_15.h5,147456,52,104,5821,0.00035264756944444444,0.0007052951388888889,0.03947618272569445,0.9230769230769231,0.008246005840920804,0.17307692307692307,0.75
prostate,client4,Domain4,keypoint,Case26_16.h5,147456,52,104,4465,0.00035264756944444444,0.0007052951388888889,0.030280219184027776,1.0,0.011646136618141097,0.0,1.0
prostate,client4,Domain4,keypoint,Case26_17.h5,147456,52,104,3085,0.00035264756944444444,0.0007052951388888889,0.020921495225694444,1.0,0.016855753646677473,0.0,1.0
prostate,client4,Domain4,keypoint,Case26_18.h5,147456,52,104,2832,0.00035264756944444444,0.0007052951388888889,0.019205729166666668,0.9230769230769231,0.01694915254237288,0.17307692307692307,0.75
prostate,client4,Domain4,keypoint,Case26_19.h5,147456,52,104,812,0.00035264756944444444,0.0007052951388888889,0.005506727430555556,0.9230769230769231,0.059113300492610835,0.40384615384615385,0.5192307692307693
prostate,client4,Domain4,keypoint,Case26_20.h5,147456,52,104,438,0.00035264756944444444,0.0007052951388888889,0.0029703776041666665,0.9807692307692307,0.11643835616438356,0.7307692307692307,0.25
prostate,client4,Domain4,keypoint,Case26_5.h5,147456,52,104,1156,0.00035264756944444444,0.0007052951388888889,0.007839626736111112,1.0,0.04498269896193772,0.3269230769230769,0.6730769230769231
prostate,client4,Domain4,keypoint,Case26_6.h5,147456,52,104,2221,0.00035264756944444444,0.0007052951388888889,0.015062120225694444,1.0,0.02341287708239532,0.40384615384615385,0.5961538461538461
prostate,client4,Domain4,keypoint,Case26_7.h5,147456,52,104,3328,0.00035264756944444444,0.0007052951388888889,0.022569444444444444,1.0,0.015625,0.09615384615384616,0.9038461538461539
prostate,client4,Domain4,keypoint,Case26_8.h5,147456,52,104,4198,0.00035264756944444444,0.0007052951388888889,0.028469509548611112,0.9230769230769231,0.011434016198189614,0.17307692307692307,0.75
prostate,client4,Domain4,keypoint,Case26_9.h5,147456,52,104,5280,0.00035264756944444444,0.0007052951388888889,0.035807291666666664,0.9807692307692307,0.009659090909090909,0.23076923076923078,0.75
prostate,client4,Domain4,keypoint,Case27_10.h5,147456,52,104,4739,0.00035264756944444444,0.0007052951388888889,0.03213840060763889,0.9230769230769231,0.010128719139058873,0.17307692307692307,0.75
prostate,client4,Domain4,keypoint,Case27_11.h5,147456,52,104,5061,0.00035264756944444444,0.0007052951388888889,0.034322102864583336,0.9807692307692307,0.01007705986959099,0.25,0.7307692307692307
prostate,client4,Domain4,keypoint,Case27_12.h5,147456,52,104,4879,0.00035264756944444444,0.0007052951388888889,0.033087836371527776,0.9230769230769231,0.009838081574093051,0.17307692307692307,0.75
prostate,client4,Domain4,keypoint,Case27_13.h5,147456,52,104,4811,0.00035264756944444444,0.0007052951388888889,0.03262668185763889,0.9230769230769231,0.009977135730617336,0.5769230769230769,0.34615384615384615
prostate,client4,Domain4,keypoint,Case27_14.h5,147456,52,104,4620,0.00035264756944444444,0.0007052951388888889,0.031331380208333336,0.9807692307692307,0.01103896103896104,0.6346153846153846,0.34615384615384615
prostate,client4,Domain4,keypoint,Case27_15.h5,147456,52,104,3801,0.00035264756944444444,0.0007052951388888889,0.025777180989583332,0.9807692307692307,0.013417521704814523,0.7307692307692307,0.25
prostate,client4,Domain4,keypoint,Case27_16.h5,147456,52,104,3286,0.00035264756944444444,0.0007052951388888889,0.022284613715277776,1.0,0.01582471089470481,0.019230769230769232,0.9807692307692307
prostate,client4,Domain4,keypoint,Case27_17.h5,147456,52,104,1991,0.00035264756944444444,0.0007052951388888889,0.013502332899305556,1.0,0.026117528879959818,0.19230769230769232,0.8076923076923077
prostate,client4,Domain4,keypoint,Case27_6.h5,147456,52,104,1159,0.00035264756944444444,0.0007052951388888889,0.007859971788194444,0.9807692307692307,0.04400345125107852,0.6153846153846154,0.36538461538461536
prostate,client4,Domain4,keypoint,Case27_7.h5,147456,52,104,1920,0.00035264756944444444,0.0007052951388888889,0.013020833333333334,1.0,0.027083333333333334,0.2692307692307692,0.7307692307692307
prostate,client4,Domain4,keypoint,Case27_8.h5,147456,52,104,3027,0.00035264756944444444,0.0007052951388888889,0.020528157552083332,1.0,0.017178724810042945,0.4230769230769231,0.5769230769230769
prostate,client4,Domain4,keypoint,Case27_9.h5,147456,52,104,3879,0.00035264756944444444,0.0007052951388888889,0.02630615234375,1.0,0.013405516885795308,0.19230769230769232,0.8076923076923077
prostate,client4,Domain4,keypoint,Case28_10.h5,147456,52,104,5276,0.00035264756944444444,0.0007052951388888889,0.03578016493055555,0.9807692307692307,0.009666413949962092,0.25,0.7307692307692307
prostate,client4,Domain4,keypoint,Case28_11.h5,147456,52,104,5765,0.00035264756944444444,0.0007052951388888889,0.03909640842013889,1.0,0.009019947961838682,0.23076923076923078,0.7692307692307693
prostate,client4,Domain4,keypoint,Case28_12.h5,147456,52,104,6114,0.00035264756944444444,0.0007052951388888889,0.041463216145833336,0.9615384615384616,0.008177952240758913,0.21153846153846154,0.75
prostate,client4,Domain4,keypoint,Case28_13.h5,147456,52,104,5956,0.00035264756944444444,0.0007052951388888889,0.04039171006944445,1.0,0.008730691739422432,0.25,0.75
prostate,client4,Domain4,keypoint,Case28_14.h5,147456,52,104,5859,0.00035264756944444444,0.0007052951388888889,0.03973388671875,1.0,0.008875234681686295,0.25,0.75
prostate,client4,Domain4,keypoint,Case28_15.h5,147456,52,104,3861,0.00035264756944444444,0.0007052951388888889,0.02618408203125,1.0,0.013468013468013467,0.019230769230769232,0.9807692307692307
prostate,client4,Domain4,keypoint,Case28_16.h5,147456,52,104,3251,0.00035264756944444444,0.0007052951388888889,0.022047254774305556,1.0,0.015995078437403876,0.019230769230769232,0.9807692307692307
prostate,client4,Domain4,keypoint,Case28_17.h5,147456,52,104,2542,0.00035264756944444444,0.0007052951388888889,0.017239040798611112,1.0,0.020456333595594022,0.17307692307692307,0.8269230769230769
prostate,client4,Domain4,keypoint,Case28_18.h5,147456,52,104,1354,0.00035264756944444444,0.0007052951388888889,0.009182400173611112,0.9807692307692307,0.03766617429837518,0.5384615384615384,0.4423076923076923
prostate,client4,Domain4,keypoint,Case28_5.h5,147456,52,104,864,0.00035264756944444444,0.0007052951388888889,0.005859375,0.8653846153846154,0.052083333333333336,0.7307692307692307,0.1346153846153846
prostate,client4,Domain4,keypoint,Case28_6.h5,147456,52,104,1934,0.00035264756944444444,0.0007052951388888889,0.013115776909722222,0.9423076923076923,0.025336091003102378,0.5576923076923077,0.38461538461538464
prostate,client4,Domain4,keypoint,Case28_7.h5,147456,52,104,2677,0.00035264756944444444,0.0007052951388888889,0.018154568142361112,0.9230769230769231,0.017930519237952934,0.21153846153846154,0.7115384615384616
prostate,client4,Domain4,keypoint,Case28_8.h5,147456,52,104,3674,0.00035264756944444444,0.0007052951388888889,0.024915907118055556,0.9807692307692307,0.013881328252585737,0.6346153846153846,0.34615384615384615
prostate,client4,Domain4,keypoint,Case28_9.h5,147456,52,104,4818,0.00035264756944444444,0.0007052951388888889,0.032674153645833336,1.0,0.010792860107928601,0.28846153846153844,0.7115384615384616
prostate,client4,Domain4,keypoint,Case29_10.h5,147456,52,104,6725,0.00035264756944444444,0.0007052951388888889,0.04560682508680555,1.0,0.007732342007434944,0.21153846153846154,0.7884615384615384
prostate,client4,Domain4,keypoint,Case29_11.h5,147456,52,104,7284,0.00035264756944444444,0.0007052951388888889,0.049397786458333336,1.0,0.007138934651290499,0.23076923076923078,0.7692307692307693
prostate,client4,Domain4,keypoint,Case29_12.h5,147456,52,104,7673,0.00035264756944444444,0.0007052951388888889,0.05203586154513889,1.0,0.006777010295842565,0.0,1.0
prostate,client4,Domain4,keypoint,Case29_13.h5,147456,52,104,7817,0.00035264756944444444,0.0007052951388888889,0.05301242404513889,1.0,0.006652168351029807,0.057692307692307696,0.9423076923076923
prostate,client4,Domain4,keypoint,Case29_14.h5,147456,52,104,7427,0.00035264756944444444,0.0007052951388888889,0.05036756727430555,0.9615384615384616,0.006732193348592971,0.21153846153846154,0.75
prostate,client4,Domain4,keypoint,Case29_15.h5,147456,52,104,6796,0.00035264756944444444,0.0007052951388888889,0.046088324652777776,1.0,0.007651559741024131,0.0,1.0
prostate,client4,Domain4,keypoint,Case29_16.h5,147456,52,104,5151,0.00035264756944444444,0.0007052951388888889,0.034932454427083336,1.0,0.010095127159774802,0.0,1.0
prostate,client4,Domain4,keypoint,Case29_17.h5,147456,52,104,2649,0.00035264756944444444,0.0007052951388888889,0.017964680989583332,1.0,0.01963004907512269,0.07692307692307693,0.9230769230769231
prostate,client4,Domain4,keypoint,Case29_2.h5,147456,52,104,594,0.00035264756944444444,0.0007052951388888889,0.0040283203125,0.9807692307692307,0.08585858585858586,0.5576923076923077,0.4230769230769231
prostate,client4,Domain4,keypoint,Case29_3.h5,147456,52,104,1015,0.00035264756944444444,0.0007052951388888889,0.006883409288194444,0.9807692307692307,0.05024630541871921,0.8846153846153846,0.09615384615384616
prostate,client4,Domain4,keypoint,Case29_4.h5,147456,52,104,1792,0.00035264756944444444,0.0007052951388888889,0.012152777777777778,1.0,0.029017857142857144,0.36538461538461536,0.6346153846153846
prostate,client4,Domain4,keypoint,Case29_5.h5,147456,52,104,2712,0.00035264756944444444,0.0007052951388888889,0.018391927083333332,1.0,0.019174041297935103,0.23076923076923078,0.7692307692307693
prostate,client4,Domain4,keypoint,Case29_6.h5,147456,52,104,3379,0.00035264756944444444,0.0007052951388888889,0.022915310329861112,1.0,0.015389168393015686,0.23076923076923078,0.7692307692307693
prostate,client4,Domain4,keypoint,Case29_7.h5,147456,52,104,4636,0.00035264756944444444,0.0007052951388888889,0.031439887152777776,0.9230769230769231,0.010353753235547885,0.17307692307692307,0.75
prostate,client4,Domain4,keypoint,Case29_8.h5,147456,52,104,5162,0.00035264756944444444,0.0007052951388888889,0.03500705295138889,0.9807692307692307,0.0098798915149167,0.23076923076923078,0.75
prostate,client4,Domain4,keypoint,Case29_9.h5,147456,52,104,5910,0.00035264756944444444,0.0007052951388888889,0.040079752604166664,1.0,0.008798646362098138,0.07692307692307693,0.9230769230769231
prostate,client4,Domain4,keypoint,Case30_10.h5,147456,52,104,5155,0.00035264756944444444,0.0007052951388888889,0.03495958116319445,1.0,0.01008729388942774,0.36538461538461536,0.6346153846153846
prostate,client4,Domain4,keypoint,Case30_11.h5,147456,52,104,5880,0.00035264756944444444,0.0007052951388888889,0.039876302083333336,1.0,0.008843537414965987,0.0,1.0
prostate,client4,Domain4,keypoint,Case30_12.h5,147456,52,104,6242,0.00035264756944444444,0.0007052951388888889,0.04233127170138889,1.0,0.008330663248958666,0.1346153846153846,0.8653846153846154
prostate,client4,Domain4,keypoint,Case30_13.h5,147456,52,104,5814,0.00035264756944444444,0.0007052951388888889,0.0394287109375,0.9423076923076923,0.008427932576539388,0.19230769230769232,0.75
prostate,client4,Domain4,keypoint,Case30_14.h5,147456,52,104,5481,0.00035264756944444444,0.0007052951388888889,0.03717041015625,1.0,0.009487319832147418,0.25,0.75
prostate,client4,Domain4,keypoint,Case30_15.h5,147456,52,104,6177,0.00035264756944444444,0.0007052951388888889,0.041890462239583336,1.0,0.008418326048243484,0.0,1.0
prostate,client4,Domain4,keypoint,Case30_16.h5,147456,52,104,2552,0.00035264756944444444,0.0007052951388888889,0.017306857638888888,1.0,0.02037617554858934,0.019230769230769232,0.9807692307692307
prostate,client4,Domain4,keypoint,Case30_17.h5,147456,52,104,786,0.00035264756944444444,0.0007052951388888889,0.005330403645833333,1.0,0.06615776081424936,0.6153846153846154,0.38461538461538464
prostate,client4,Domain4,keypoint,Case30_5.h5,147456,52,104,1056,0.00035264756944444444,0.0007052951388888889,0.007161458333333333,1.0,0.04924242424242424,0.3269230769230769,0.6730769230769231
prostate,client4,Domain4,keypoint,Case30_6.h5,147456,52,104,1658,0.00035264756944444444,0.0007052951388888889,0.011244032118055556,0.9230769230769231,0.028950542822677925,0.40384615384615385,0.5192307692307693
prostate,client4,Domain4,keypoint,Case30_7.h5,147456,52,104,3518,0.00035264756944444444,0.0007052951388888889,0.023857964409722224,0.9230769230769231,0.013644115974985787,0.2692307692307692,0.6538461538461539
prostate,client4,Domain4,keypoint,Case30_8.h5,147456,52,104,3960,0.00035264756944444444,0.0007052951388888889,0.02685546875,0.9807692307692307,0.012878787878787878,0.25,0.7307692307692307
prostate,client4,Domain4,keypoint,Case30_9.h5,147456,52,104,4688,0.00035264756944444444,0.0007052951388888889,0.031792534722222224,1.0,0.011092150170648464,0.019230769230769232,0.9807692307692307
prostate,client4,Domain4,keypoint,Case33_10.h5,147456,52,104,5977,0.00035264756944444444,0.0007052951388888889,0.040534125434027776,1.0,0.008700016730801405,0.019230769230769232,0.9807692307692307
prostate,client4,Domain4,keypoint,Case33_11.h5,147456,52,104,6278,0.00035264756944444444,0.0007052951388888889,0.04257541232638889,1.0,0.00828289264096846,0.17307692307692307,0.8269230769230769
prostate,client4,Domain4,keypoint,Case33_12.h5,147456,52,104,6482,0.00035264756944444444,0.0007052951388888889,0.04395887586805555,1.0,0.008022215365627893,0.07692307692307693,0.9230769230769231
prostate,client4,Domain4,keypoint,Case33_13.h5,147456,52,104,6696,0.00035264756944444444,0.0007052951388888889,0.04541015625,1.0,0.007765830346475508,0.07692307692307693,0.9230769230769231
prostate,client4,Domain4,keypoint,Case33_14.h5,147456,52,104,5782,0.00035264756944444444,0.0007052951388888889,0.03921169704861111,1.0,0.008993427879626427,0.25,0.75
prostate,client4,Domain4,keypoint,Case33_15.h5,147456,52,104,3583,0.00035264756944444444,0.0007052951388888889,0.024298773871527776,0.9807692307692307,0.014233882221602009,0.23076923076923078,0.75
prostate,client4,Domain4,keypoint,Case33_16.h5,147456,52,104,2536,0.00035264756944444444,0.0007052951388888889,0.017198350694444444,1.0,0.02050473186119874,0.23076923076923078,0.7692307692307693
prostate,client4,Domain4,keypoint,Case33_17.h5,147456,52,104,1822,0.00035264756944444444,0.0007052951388888889,0.012356228298611112,1.0,0.02854006586169045,0.15384615384615385,0.8461538461538461
prostate,client4,Domain4,keypoint,Case33_5.h5,147456,52,104,1240,0.00035264756944444444,0.0007052951388888889,0.008409288194444444,1.0,0.041935483870967745,0.36538461538461536,0.6346153846153846
prostate,client4,Domain4,keypoint,Case33_6.h5,147456,52,104,1756,0.00035264756944444444,0.0007052951388888889,0.011908637152777778,1.0,0.029612756264236904,0.11538461538461539,0.8846153846153846
prostate,client4,Domain4,keypoint,Case33_7.h5,147456,52,104,2610,0.00035264756944444444,0.0007052951388888889,0.0177001953125,1.0,0.01992337164750958,0.28846153846153844,0.7115384615384616
prostate,client4,Domain4,keypoint,Case33_8.h5,147456,52,104,4885,0.00035264756944444444,0.0007052951388888889,0.03312852647569445,1.0,0.010644831115660185,0.6346153846153846,0.36538461538461536
prostate,client4,Domain4,keypoint,Case33_9.h5,147456,52,104,5607,0.00035264756944444444,0.0007052951388888889,0.03802490234375,1.0,0.009274121633672196,0.09615384615384616,0.9038461538461539
prostate,client4,Domain4,keypoint,Case34_10.h5,147456,52,104,4877,0.00035264756944444444,0.0007052951388888889,0.033074273003472224,0.9230769230769231,0.009842116054951815,0.17307692307692307,0.75
prostate,client4,Domain4,keypoint,Case34_11.h5,147456,52,104,5763,0.00035264756944444444,0.0007052951388888889,0.039082845052083336,1.0,0.009023078257851813,0.19230769230769232,0.8076923076923077
prostate,client4,Domain4,keypoint,Case34_12.h5,147456,52,104,5733,0.00035264756944444444,0.0007052951388888889,0.03887939453125,1.0,0.009070294784580499,0.25,0.75
prostate,client4,Domain4,keypoint,Case34_13.h5,147456,52,104,6021,0.00035264756944444444,0.0007052951388888889,0.04083251953125,1.0,0.008636439129712672,0.0,1.0
prostate,client4,Domain4,keypoint,Case34_14.h5,147456,52,104,5497,0.00035264756944444444,0.0007052951388888889,0.03727891710069445,1.0,0.009459705293796616,0.019230769230769232,0.9807692307692307
prostate,client4,Domain4,keypoint,Case34_15.h5,147456,52,104,4642,0.00035264756944444444,0.0007052951388888889,0.03148057725694445,1.0,0.01120206807410599,0.0,1.0
prostate,client4,Domain4,keypoint,Case34_16.h5,147456,52,104,1051,0.00035264756944444444,0.0007052951388888889,0.007127549913194444,1.0,0.049476688867745006,0.11538461538461539,0.8846153846153846
prostate,client4,Domain4,keypoint,Case34_6.h5,147456,52,104,994,0.00035264756944444444,0.0007052951388888889,0.006740993923611111,1.0,0.052313883299798795,0.1346153846153846,0.8653846153846154
prostate,client4,Domain4,keypoint,Case34_7.h5,147456,52,104,1570,0.00035264756944444444,0.0007052951388888889,0.010647243923611112,1.0,0.033121019108280254,0.09615384615384616,0.9038461538461539
prostate,client4,Domain4,keypoint,Case34_8.h5,147456,52,104,2648,0.00035264756944444444,0.0007052951388888889,0.017957899305555556,1.0,0.019637462235649546,0.038461538461538464,0.9615384615384616
prostate,client4,Domain4,keypoint,Case34_9.h5,147456,52,104,3552,0.00035264756944444444,0.0007052951388888889,0.024088541666666668,1.0,0.01463963963963964,0.0,1.0
prostate,client4,Domain4,keypoint,Case35_10.h5,147456,52,104,4602,0.00035264756944444444,0.0007052951388888889,0.031209309895833332,1.0,0.011299435028248588,0.17307692307692307,0.8269230769230769
prostate,client4,Domain4,keypoint,Case35_11.h5,147456,52,104,4855,0.00035264756944444444,0.0007052951388888889,0.03292507595486111,1.0,0.010710607621009269,0.038461538461538464,0.9615384615384616
prostate,client4,Domain4,keypoint,Case35_12.h5,147456,52,104,4985,0.00035264756944444444,0.0007052951388888889,0.033806694878472224,1.0,0.010431293881644935,0.23076923076923078,0.7692307692307693
prostate,client4,Domain4,keypoint,Case35_13.h5,147456,52,104,4849,0.00035264756944444444,0.0007052951388888889,0.03288438585069445,0.9230769230769231,0.009898948236749845,0.17307692307692307,0.75
prostate,client4,Domain4,keypoint,Case35_14.h5,147456,52,104,4910,0.00035264756944444444,0.0007052951388888889,0.03329806857638889,0.9807692307692307,0.010386965376782077,0.2692307692307692,0.7115384615384616
prostate,client4,Domain4,keypoint,Case35_15.h5,147456,52,104,1994,0.00035264756944444444,0.0007052951388888889,0.013522677951388888,1.0,0.026078234704112337,0.40384615384615385,0.5961538461538461
prostate,client4,Domain4,keypoint,Case35_16.h5,147456,52,104,2172,0.00035264756944444444,0.0007052951388888889,0.014729817708333334,1.0,0.02394106813996317,0.0,1.0
prostate,client4,Domain4,keypoint,Case35_17.h5,147456,52,104,568,0.00035264756944444444,0.0007052951388888889,0.003851996527777778,0.9615384615384616,0.0880281690140845,0.6346153846153846,0.3269230769230769
prostate,client4,Domain4,keypoint,Case35_18.h5,147456,52,104,314,0.00035264756944444444,0.0007052951388888889,0.002129448784722222,0.8461538461538461,0.14012738853503184,0.7307692307692307,0.11538461538461539
prostate,client4,Domain4,keypoint,Case35_5.h5,147456,52,104,1401,0.00035264756944444444,0.0007052951388888889,0.009501139322916666,1.0,0.037116345467523196,0.07692307692307693,0.9230769230769231
prostate,client4,Domain4,keypoint,Case35_6.h5,147456,52,104,1925,0.00035264756944444444,0.0007052951388888889,0.013054741753472222,0.9807692307692307,0.026493506493506493,0.34615384615384615,0.6346153846153846
prostate,client4,Domain4,keypoint,Case35_7.h5,147456,52,104,3219,0.00035264756944444444,0.0007052951388888889,0.021830240885416668,0.9807692307692307,0.015843429636533086,0.4807692307692308,0.5
prostate,client4,Domain4,keypoint,Case35_8.h5,147456,52,104,3732,0.00035264756944444444,0.0007052951388888889,0.025309244791666668,1.0,0.013933547695605574,0.23076923076923078,0.7692307692307693
prostate,client4,Domain4,keypoint,Case35_9.h5,147456,52,104,4227,0.00035264756944444444,0.0007052951388888889,0.028666178385416668,1.0,0.012301868937780932,0.21153846153846154,0.7884615384615384
prostate,client4,Domain4,keypoint,Case36_10.h5,147456,52,104,4348,0.00035264756944444444,0.0007052951388888889,0.029486762152777776,1.0,0.011959521619135235,0.25,0.75
prostate,client4,Domain4,keypoint,Case36_11.h5,147456,52,104,4687,0.00035264756944444444,0.0007052951388888889,0.03178575303819445,0.9807692307692307,0.01088116065713676,0.23076923076923078,0.75
prostate,client4,Domain4,keypoint,Case36_12.h5,147456,52,104,4555,0.00035264756944444444,0.0007052951388888889,0.030890570746527776,1.0,0.01141602634467618,0.23076923076923078,0.7692307692307693
prostate,client4,Domain4,keypoint,Case36_13.h5,147456,52,104,4581,0.00035264756944444444,0.0007052951388888889,0.03106689453125,1.0,0.011351233355162629,0.25,0.75
prostate,client4,Domain4,keypoint,Case36_14.h5,147456,52,104,4372,0.00035264756944444444,0.0007052951388888889,0.029649522569444444,0.9615384615384616,0.011436413540713633,0.21153846153846154,0.75
prostate,client4,Domain4,keypoint,Case36_15.h5,147456,52,104,2332,0.00035264756944444444,0.0007052951388888889,0.015814887152777776,1.0,0.022298456260720412,0.23076923076923078,0.7692307692307693
prostate,client4,Domain4,keypoint,Case36_4.h5,147456,52,104,1147,0.00035264756944444444,0.0007052951388888889,0.007778591579861111,1.0,0.045335658238884045,0.4230769230769231,0.5769230769230769
prostate,client4,Domain4,keypoint,Case36_5.h5,147456,52,104,1651,0.00035264756944444444,0.0007052951388888889,0.011196560329861112,0.9807692307692307,0.030890369473046637,0.5769230769230769,0.40384615384615385
prostate,client4,Domain4,keypoint,Case36_6.h5,147456,52,104,2045,0.00035264756944444444,0.0007052951388888889,0.013868543836805556,0.9230769230769231,0.0234718826405868,0.40384615384615385,0.5192307692307693
prostate,client4,Domain4,keypoint,Case36_7.h5,147456,52,104,3398,0.00035264756944444444,0.0007052951388888889,0.023044162326388888,0.9230769230769231,0.014125956444967627,0.3269230769230769,0.5961538461538461
prostate,client4,Domain4,keypoint,Case36_8.h5,147456,52,104,3507,0.00035264756944444444,0.0007052951388888889,0.023783365885416668,1.0,0.014827487881380098,0.25,0.75
prostate,client4,Domain4,keypoint,Case36_9.h5,147456,52,104,4060,0.00035264756944444444,0.0007052951388888889,0.027533637152777776,0.9807692307692307,0.012561576354679803,0.25,0.7307692307692307
prostate,client4,Domain4,keypoint,Case37_10.h5,147456,52,104,4127,0.00035264756944444444,0.0007052951388888889,0.027988009982638888,0.9230769230769231,0.011630724497213472,0.2692307692307692,0.6538461538461539
prostate,client4,Domain4,keypoint,Case37_11.h5,147456,52,104,4509,0.00035264756944444444,0.0007052951388888889,0.03057861328125,0.9807692307692307,0.011310711909514305,0.23076923076923078,0.75
prostate,client4,Domain4,keypoint,Case37_12.h5,147456,52,104,4929,0.00035264756944444444,0.0007052951388888889,0.033426920572916664,0.9230769230769231,0.009738283627510651,0.19230769230769232,0.7307692307692307
prostate,client4,Domain4,keypoint,Case37_13.h5,147456,52,104,5236,0.00035264756944444444,0.0007052951388888889,0.03550889756944445,0.9807692307692307,0.00974025974025974,0.3076923076923077,0.6730769230769231
prostate,client4,Domain4,keypoint,Case37_14.h5,147456,52,104,5217,0.00035264756944444444,0.0007052951388888889,0.035380045572916664,1.0,0.009967414222733373,0.23076923076923078,0.7692307692307693
prostate,client4,Domain4,keypoint,Case37_15.h5,147456,52,104,4493,0.00035264756944444444,0.0007052951388888889,0.030470106336805556,1.0,0.011573558869352326,0.25,0.75
prostate,client4,Domain4,keypoint,Case37_16.h5,147456,52,104,4275,0.00035264756944444444,0.0007052951388888889,0.02899169921875,1.0,0.012163742690058479,0.11538461538461539,0.8846153846153846
prostate,client4,Domain4,keypoint,Case37_17.h5,147456,52,104,3263,0.00035264756944444444,0.0007052951388888889,0.022128634982638888,0.9807692307692307,0.01562978853815507,0.23076923076923078,0.75
prostate,client4,Domain4,keypoint,Case37_5.h5,147456,52,104,1586,0.00035264756944444444,0.0007052951388888889,0.010755750868055556,1.0,0.03278688524590164,0.15384615384615385,0.8461538461538461
prostate,client4,Domain4,keypoint,Case37_6.h5,147456,52,104,2704,0.00035264756944444444,0.0007052951388888889,0.018337673611111112,0.9038461538461539,0.017381656804733726,0.6346153846153846,0.2692307692307692
prostate,client4,Domain4,keypoint,Case37_7.h5,147456,52,104,3068,0.00035264756944444444,0.0007052951388888889,0.020806206597222224,0.9230769230769231,0.01564537157757497,0.5192307692307693,0.40384615384615385
prostate,client4,Domain4,keypoint,Case37_8.h5,147456,52,104,3109,0.00035264756944444444,0.0007052951388888889,0.021084255642361112,0.9038461538461539,0.015117401093599228,0.6346153846153846,0.2692307692307692
prostate,client4,Domain4,keypoint,Case37_9.h5,147456,52,104,3874,0.00035264756944444444,0.0007052951388888889,0.026272243923611112,0.9230769230769231,0.0123902942694889,0.2692307692307692,0.6538461538461539
prostate,client5,Domain5,scribble,Case00_12.h5,147456,342,3064,2246,0.0023193359375,0.020779079861111112,0.015231662326388888,1.0,0.1522707034728406,0.38011695906432746,0.6198830409356725
prostate,client5,Domain5,scribble,Case00_13.h5,147456,403,3178,3291,0.0027330186631944445,0.021552191840277776,0.022318522135416668,1.0,0.1224551807961106,0.3424317617866005,0.6575682382133995
prostate,client5,Domain5,scribble,Case00_14.h5,147456,699,1089,3999,0.004740397135416667,0.00738525390625,0.027119954427083332,1.0,0.17479369842460615,0.3090128755364807,0.6909871244635193
prostate,client5,Domain5,scribble,Case00_15.h5,147456,714,3606,5561,0.004842122395833333,0.024454752604166668,0.037712944878472224,1.0,0.12839417370976444,0.3081232492997199,0.6918767507002801
prostate,client5,Domain5,scribble,Case00_16.h5,147456,715,3631,5796,0.004848904079861111,0.024624294704861112,0.039306640625,1.0,0.12336093857832989,0.4167832167832168,0.5832167832167832
prostate,client5,Domain5,scribble,Case00_17.h5,147456,782,1065,6683,0.005303276909722222,0.007222493489583333,0.04532199435763889,1.0,0.11701331737243753,0.2851662404092072,0.7148337595907929
prostate,client5,Domain5,scribble,Case00_18.h5,147456,613,3595,7773,0.004157172309027778,0.024380154079861112,0.052714029947916664,1.0,0.07886272996269136,0.20228384991843393,0.797716150081566
prostate,client5,Domain5,scribble,Case00_19.h5,147456,381,742,8478,0.0025838216145833335,0.005032009548611111,0.0574951171875,1.0,0.04493984430290163,0.6036745406824147,0.3963254593175853
prostate,client5,Domain5,scribble,Case00_20.h5,147456,607,3625,9288,0.004116482204861111,0.024583604600694444,0.06298828125,1.0,0.06535314384151593,0.32948929159802304,0.6705107084019769
prostate,client5,Domain5,scribble,Case00_21.h5,147456,624,1024,9726,0.004231770833333333,0.006944444444444444,0.06595865885416667,1.0,0.06415792720542875,0.22756410256410256,0.7724358974358975
prostate,client5,Domain5,scribble,Case00_22.h5,147456,580,3634,9987,0.003933376736111111,0.024644639756944444,0.06772867838541667,1.0,0.05807549814759187,0.253448275862069,0.746551724137931
prostate,client5,Domain5,scribble,Case00_23.h5,147456,639,3658,9849,0.00433349609375,0.024807400173611112,0.06679280598958333,1.0,0.06487968321657021,0.1486697965571205,0.8513302034428795
prostate,client5,Domain5,scribble,Case00_24.h5,147456,639,3688,10414,0.00433349609375,0.025010850694444444,0.07062445746527778,1.0,0.06135970808526983,0.23943661971830985,0.7605633802816901
prostate,client5,Domain5,scribble,Case00_25.h5,147456,586,3605,9601,0.003974066840277778,0.024447970920138888,0.06511094835069445,1.0,0.06103530882199771,0.19965870307167236,0.8003412969283277
prostate,client5,Domain5,scribble,Case00_26.h5,147456,1048,1455,9837,0.007107204861111111,0.009867350260416666,0.06671142578125,1.0,0.10653654569482565,0.29866412213740456,0.7013358778625954
prostate,client5,Domain5,scribble,Case00_27.h5,147456,923,3950,9622,0.006259494357638889,0.026787651909722224,0.06525336371527778,1.0,0.09592600290999792,0.26652221018418204,0.733477789815818
prostate,client5,Domain5,scribble,Case00_28.h5,147456,438,3407,7585,0.0029703776041666665,0.023105197482638888,0.05143907335069445,0.9452054794520548,0.054581410678971654,0.3904109589041096,0.5547945205479452
prostate,client5,Domain5,scribble,Case00_29.h5,147456,376,3314,7162,0.0025499131944444445,0.022474500868055556,0.04857042100694445,0.8803191489361702,0.04621614074280927,0.1622340425531915,0.7180851063829787
prostate,client5,Domain5,scribble,Case00_30.h5,147456,874,3783,6254,0.005927191840277778,0.025655110677083332,0.042412651909722224,1.0,0.13975055964182923,0.4759725400457666,0.5240274599542334
prostate,client5,Domain5,scribble,Case00_31.h5,147456,391,3245,4920,0.002651638454861111,0.022006564670138888,0.033365885416666664,1.0,0.07947154471544715,0.45524296675191817,0.5447570332480819
prostate,client5,Domain5,scribble,Case00_32.h5,147456,404,3189,3065,0.002739800347222222,0.021626790364583332,0.020785861545138888,1.0,0.13181076672104405,0.25742574257425743,0.7425742574257426
prostate,client5,Domain5,scribble,Case00_33.h5,147456,470,3165,1979,0.0031873914930555555,0.021464029947916668,0.013420952690972222,1.0,0.23749368367862556,0.5276595744680851,0.4723404255319149
prostate,client5,Domain5,scribble,Case00_34.h5,147456,480,3154,1788,0.0032552083333333335,0.021389431423611112,0.012125651041666666,1.0,0.2684563758389262,0.42291666666666666,0.5770833333333333
prostate,client5,Domain5,scribble,Case00_35.h5,147456,76,2621,688,0.0005154079861111111,0.017774793836805556,0.004665798611111111,1.0,0.11046511627906977,0.039473684210526314,0.9605263157894737
prostate,client5,Domain5,scribble,Case00_36.h5,147456,79,2548,163,0.0005357530381944445,0.017279730902777776,0.0011054144965277778,0.6075949367088608,0.294478527607362,0.6075949367088608,0.0
prostate,client5,Domain5,scribble,Case02_17.h5,147456,335,2973,1070,0.0022718641493055555,0.020161946614583332,0.007256401909722222,1.0,0.3130841121495327,0.44477611940298506,0.5552238805970149
prostate,client5,Domain5,scribble,Case02_18.h5,147456,242,2929,1347,0.0016411675347222222,0.019863552517361112,0.009134928385416666,1.0,0.17965850037119524,0.15702479338842976,0.8429752066115702
prostate,client5,Domain5,scribble,Case02_19.h5,147456,515,3248,1925,0.0034925672743055555,0.022026909722222224,0.013054741753472222,1.0,0.2675324675324675,0.4330097087378641,0.566990291262136
prostate,client5,Domain5,scribble,Case02_20.h5,147456,548,3332,3086,0.003716362847222222,0.022596571180555556,0.020928276909722224,1.0,0.17757615035644847,0.5054744525547445,0.49452554744525545
prostate,client5,Domain5,scribble,Case02_21.h5,147456,389,3237,4301,0.0026380750868055555,0.021952311197916668,0.029168023003472224,1.0,0.0904440827714485,0.2776349614395887,0.7223650385604113
prostate,client5,Domain5,scribble,Case02_22.h5,147456,285,3163,4997,0.0019327799479166667,0.021450466579861112,0.03388807508680555,1.0,0.057034220532319393,0.6140350877192983,0.38596491228070173
prostate,client5,Domain5,scribble,Case02_23.h5,147456,499,3415,5699,0.003384060329861111,0.023159450954861112,0.03864881727430555,1.0,0.08755922091595017,0.2925851703406814,0.7074148296593187
prostate,client5,Domain5,scribble,Case02_24.h5,147456,656,3583,6326,0.004448784722222222,0.024298773871527776,0.042900933159722224,1.0,0.10369901991779956,0.33384146341463417,0.6661585365853658
prostate,client5,Domain5,scribble,Case02_25.h5,147456,635,3591,6564,0.004306369357638889,0.02435302734375,0.044514973958333336,1.0,0.09673979280926265,0.2755905511811024,0.7244094488188977
prostate,client5,Domain5,scribble,Case02_26.h5,147456,609,3562,6943,0.004130045572916667,0.024156358506944444,0.04708523220486111,1.0,0.08771424456286908,0.2824302134646962,0.7175697865353038
prostate,client5,Domain5,scribble,Case02_27.h5,147456,652,3613,6992,0.004421657986111111,0.024502224392361112,0.047417534722222224,1.0,0.09324942791762014,0.4340490797546012,0.5659509202453987
prostate,client5,Domain5,scribble,Case02_28.h5,147456,699,3659,6889,0.004740397135416667,0.024814181857638888,0.04671902126736111,1.0,0.101466105385397,0.3977110157367668,0.6022889842632332
prostate,client5,Domain5,scribble,Case02_29.h5,147456,607,3580,7019,0.004116482204861111,0.024278428819444444,0.047600640190972224,1.0,0.08647955549223536,0.24052718286655683,0.7594728171334432
prostate,client5,Domain5,scribble,Case02_30.h5,147456,734,3690,6716,0.004977756076388889,0.0250244140625,0.04554578993055555,1.0,0.10929124478856463,0.3079019073569482,0.6920980926430518
prostate,client5,Domain5,scribble,Case02_31.h5,147456,887,3867,7257,0.006015353732638889,0.026224772135416668,0.049214680989583336,1.0,0.12222681548849387,0.4464487034949267,0.5535512965050733
prostate,client5,Domain5,scribble,Case02_32.h5,147456,662,3631,7015,0.004489474826388889,0.024624294704861112,0.04757351345486111,0.972809667673716,0.09180327868852459,0.34441087613293053,0.6283987915407855
prostate,client5,Domain5,scribble,Case02_33.h5,147456,637,3557,5950,0.004319932725694444,0.024122450086805556,0.040351019965277776,1.0,0.10705882352941176,0.4050235478806907,0.5949764521193093
prostate,client5,Domain5,scribble,Case02_34.h5,147456,507,3354,4120,0.0034383138020833335,0.022745768229166668,0.027940538194444444,1.0,0.12305825242718446,0.32938856015779094,0.6706114398422091
prostate,client5,Domain5,scribble,Case02_35.h5,147456,389,3185,3306,0.0026380750868055555,0.021599663628472224,0.022420247395833332,1.0,0.117664851784634,0.4138817480719794,0.5861182519280206
prostate,client5,Domain5,scribble,Case02_36.h5,147456,270,2914,1031,0.0018310546875,0.019761827256944444,0.006991916232638889,0.8555555555555555,0.22405431619786614,0.34814814814814815,0.5074074074074074
prostate,client5,Domain5,scribble,Case03_10.h5,147456,751,3575,3604,0.005093044704861111,0.024244520399305556,0.024441189236111112,1.0,0.2083795782463929,0.36351531291611183,0.6364846870838882
prostate,client5,Domain5,scribble,Case03_11.h5,147456,691,3541,4404,0.004686143663194444,0.024013943142361112,0.029866536458333332,0.9971056439942113,0.15644868301544052,0.3994211287988423,0.597684515195369
prostate,client5,Domain5,scribble,Case03_12.h5,147456,282,3161,5076,0.0019124348958333333,0.021436903211805556,0.034423828125,1.0,0.05555555555555555,0.06382978723404255,0.9361702127659575
prostate,client5,Domain5,scribble,Case03_13.h5,147456,683,3574,5327,0.004631890190972222,0.024237738715277776,0.036126030815972224,1.0,0.12821475502158813,0.36749633967789164,0.6325036603221084
prostate,client5,Domain5,scribble,Case03_14.h5,147456,545,3445,5500,0.003696017795138889,0.023362901475694444,0.037299262152777776,1.0,0.09909090909090909,0.3889908256880734,0.6110091743119266
prostate,client5,Domain5,scribble,Case03_15.h5,147456,603,3501,5461,0.00408935546875,0.02374267578125,0.03703477647569445,1.0,0.110419337117744,0.4295190713101161,0.5704809286898839
prostate,client5,Domain5,scribble,Case03_16.h5,147456,459,3377,5772,0.00311279296875,0.022901746961805556,0.039143880208333336,1.0,0.07952182952182953,0.3464052287581699,0.6535947712418301
prostate,client5,Domain5,scribble,Case03_17.h5,147456,483,3392,5441,0.0032755533854166665,0.023003472222222224,0.03689914279513889,1.0,0.0887704466090792,0.34368530020703936,0.6563146997929606
prostate,client5,Domain5,scribble,Case03_18.h5,147456,540,3456,5670,0.003662109375,0.0234375,0.0384521484375,0.9981481481481481,0.09506172839506173,0.1962962962962963,0.8018518518518518
prostate,client5,Domain5,scribble,Case03_19.h5,147456,563,3456,5190,0.003818088107638889,0.0234375,0.035196940104166664,1.0,0.10847784200385356,0.17229129662522202,0.827708703374778
prostate,client5,Domain5,scribble,Case03_20.h5,147456,427,3322,5165,0.002895779079861111,0.022528754340277776,0.035027398003472224,1.0,0.08267182962245886,0.48243559718969553,0.5175644028103045
prostate,client5,Domain5,scribble,Case03_21.h5,147456,684,3574,4827,0.004638671875,0.024237738715277776,0.032735188802083336,1.0,0.14170292106898694,0.47514619883040937,0.5248538011695907
prostate,client5,Domain5,scribble,Case03_22.h5,147456,581,3460,4640,0.003940158420138889,0.023464626736111112,0.03146701388888889,1.0,0.1252155172413793,0.5163511187607573,0.4836488812392427
prostate,client5,Domain5,scribble,Case03_23.h5,147456,596,3444,4338,0.004041883680555556,0.023356119791666668,0.0294189453125,1.0,0.13739050253573076,0.6258389261744967,0.37416107382550334
prostate,client5,Domain5,scribble,Case03_5.h5,147456,354,3010,1184,0.0024007161458333335,0.020412868923611112,0.008029513888888888,0.9887005649717514,0.2956081081081081,0.5169491525423728,0.4717514124293785
prostate,client5,Domain5,scribble,Case03_6.h5,147456,529,3232,1712,0.0035875108506944445,0.021918402777777776,0.011610243055555556,1.0,0.30899532710280375,0.5066162570888468,0.4933837429111531
prostate,client5,Domain5,scribble,Case03_7.h5,147456,381,3108,2200,0.0025838216145833335,0.021077473958333332,0.014919704861111112,1.0,0.1731818181818182,0.2047244094488189,0.7952755905511811
prostate,client5,Domain5,scribble,Case03_8.h5,147456,353,3125,2943,0.0023939344618055555,0.021192762586805556,0.01995849609375,1.0,0.1199456337071016,0.5580736543909348,0.44192634560906513
prostate,client5,Domain5,scribble,Case03_9.h5,147456,367,3188,3667,0.0024888780381944445,0.021620008680555556,0.024868435329861112,1.0,0.10008181074447778,0.23978201634877383,0.7602179836512262
prostate,client5,Domain5,scribble,Case05_10.h5,147456,790,1095,2435,0.005357530381944444,0.007425944010416667,0.016513400607638888,0.8658227848101265,0.28090349075975357,0.6354430379746835,0.23037974683544304
prostate,client5,Domain5,scribble,Case05_11.h5,147456,467,3315,2907,0.003167046440972222,0.022481282552083332,0.01971435546875,0.9764453961456103,0.1568627450980392,0.25481798715203424,0.721627408993576
prostate,client5,Domain5,scribble,Case05_12.h5,147456,368,3243,3480,0.002495659722222222,0.021993001302083332,0.023600260416666668,1.0,0.10574712643678161,0.06793478260869565,0.9320652173913043
prostate,client5,Domain5,scribble,Case05_13.h5,147456,585,3468,3893,0.00396728515625,0.023518880208333332,0.026401095920138888,1.0,0.1502697148728487,0.3111111111111111,0.6888888888888889
prostate,client5,Domain5,scribble,Case05_14.h5,147456,761,3644,4533,0.005160861545138889,0.024712456597222224,0.030741373697916668,0.9684625492772667,0.16258548422678137,0.442838370565046,0.5256241787122208
prostate,client5,Domain5,scribble,Case05_15.h5,147456,366,3296,6144,0.0024820963541666665,0.022352430555555556,0.041666666666666664,1.0,0.0595703125,0.08743169398907104,0.912568306010929
prostate,client5,Domain5,scribble,Case05_16.h5,147456,764,3739,6916,0.005181206597222222,0.025356716579861112,0.04690212673611111,1.0,0.11046847888953153,0.3599476439790576,0.6400523560209425
prostate,client5,Domain5,scribble,Case05_17.h5,147456,513,3529,8293,0.00347900390625,0.023932562934027776,0.05624050564236111,1.0,0.061859399493548774,0.7309941520467836,0.26900584795321636
prostate,client5,Domain5,scribble,Case05_18.h5,147456,1091,4169,9666,0.007398817274305556,0.028272840711805556,0.0655517578125,1.0,0.11286985309331678,0.3767186067827681,0.6232813932172319
prostate,client5,Domain5,scribble,Case05_19.h5,147456,763,3868,10756,0.005174424913194444,0.026231553819444444,0.07294379340277778,1.0,0.07093715135738192,0.15072083879423329,0.8492791612057667
prostate,client5,Domain5,scribble,Case05_20.h5,147456,568,3717,12118,0.003851996527777778,0.02520751953125,0.0821804470486111,1.0,0.046872421191615776,0.19014084507042253,0.8098591549295775
prostate,client5,Domain5,scribble,Case05_21.h5,147456,497,3670,13205,0.0033704969618055555,0.024888780381944444,0.08955213758680555,1.0,0.037637258614161305,0.3983903420523139,0.6016096579476862
prostate,client5,Domain5,scribble,Case05_22.h5,147456,1105,4284,13692,0.007493760850694444,0.029052734375,0.09285481770833333,1.0,0.08070406076541047,0.3095022624434389,0.6904977375565611
prostate,client5,Domain5,scribble,Case05_23.h5,147456,748,3948,13520,0.005072699652777778,0.026774088541666668,0.09168836805555555,0.9812834224598931,0.05428994082840237,0.26336898395721925,0.7179144385026738
prostate,client5,Domain5,scribble,Case05_24.h5,147456,952,4159,14268,0.006456163194444444,0.028205023871527776,0.09676106770833333,1.0,0.06672273619287918,0.14285714285714285,0.8571428571428571
prostate,client5,Domain5,scribble,Case05_25.h5,147456,985,4184,13596,0.006679958767361111,0.028374565972222224,0.09220377604166667,1.0,0.07244777875845837,0.2730964467005076,0.7269035532994924
prostate,client5,Domain5,scribble,Case05_26.h5,147456,966,4163,13427,0.006551106770833333,0.028232150607638888,0.09105767144097222,1.0,0.07194458926044538,0.463768115942029,0.5362318840579711
prostate,client5,Domain5,scribble,Case05_27.h5,147456,754,3949,13164,0.005113389756944444,0.026780870225694444,0.08927408854166667,1.0,0.05727742327560012,0.13793103448275862,0.8620689655172413
prostate,client5,Domain5,scribble,Case05_28.h5,147456,482,3666,12393,0.003268771701388889,0.024861653645833332,0.08404541015625,1.0,0.03889292342451384,0.3630705394190871,0.6369294605809128
prostate,client5,Domain5,scribble,Case05_29.h5,147456,1206,4329,10575,0.0081787109375,0.02935791015625,0.07171630859375,1.0,0.11404255319148936,0.3648424543946932,0.6351575456053068
prostate,client5,Domain5,scribble,Case05_30.h5,147456,284,3114,4372,0.001925998263888889,0.0211181640625,0.029649522569444444,0.9753521126760564,0.06335773101555352,0.18309859154929578,0.7922535211267606
prostate,client5,Domain5,scribble,Case05_31.h5,147456,639,3429,3331,0.00433349609375,0.02325439453125,0.022589789496527776,0.974960876369327,0.18703092164515162,0.25039123630672927,0.7245696400625978
prostate,client5,Domain5,scribble,Case05_32.h5,147456,174,2829,1634,0.0011800130208333333,0.019185384114583332,0.011081271701388888,0.9425287356321839,0.1003671970624235,0.25862068965517243,0.6839080459770115
prostate,client5,Domain5,scribble,Case05_7.h5,147456,190,2709,313,0.0012885199652777778,0.01837158203125,0.0021226671006944445,0.8526315789473684,0.5175718849840255,0.6526315789473685,0.2
prostate,client5,Domain5,scribble,Case05_8.h5,147456,339,3038,1427,0.0022989908854166665,0.020602756076388888,0.009677463107638888,0.7433628318584071,0.17659425367904696,0.41002949852507375,0.3333333333333333
prostate,client5,Domain5,scribble,Case05_9.h5,147456,345,3149,2269,0.0023396809895833335,0.021355523003472224,0.015387641059027778,0.8898550724637682,0.13530189510797708,0.2985507246376812,0.591304347826087
prostate,client5,Domain5,scribble,Case06_10.h5,147456,364,3227,4035,0.002468532986111111,0.021884494357638888,0.027364095052083332,1.0,0.09021065675340768,0.18406593406593408,0.8159340659340659
prostate,client5,Domain5,scribble,Case06_11.h5,147456,637,3548,5184,0.004319932725694444,0.024061414930555556,0.03515625,0.9905808477237049,0.12172067901234568,0.20094191522762953,0.7896389324960753
prostate,client5,Domain5,scribble,Case06_12.h5,147456,821,3795,6873,0.005567762586805556,0.025736490885416668,0.046610514322916664,0.976857490864799,0.11668849119743925,0.26552984165651644,0.7113276492082826
prostate,client5,Domain5,scribble,Case06_13.h5,147456,426,3494,8686,0.0028889973958333335,0.023695203993055556,0.058905707465277776,0.8826291079812206,0.04328804973520608,0.3544600938967136,0.528169014084507
prostate,client5,Domain5,scribble,Case06_14.h5,147456,991,1269,9921,0.006720648871527778,0.00860595703125,0.06728108723958333,1.0,0.09988912408023384,0.2462159434914228,0.7537840565085772
prostate,client5,Domain5,scribble,Case06_15.h5,147456,786,3952,11586,0.005330403645833333,0.026801215277777776,0.07857259114583333,1.0,0.06784049715173485,0.49872773536895676,0.5012722646310432
prostate,client5,Domain5,scribble,Case06_16.h5,147456,859,3991,11715,0.005825466579861111,0.027065700954861112,0.07944742838541667,1.0,0.07332479726845924,0.3492433061699651,0.6507566938300349
prostate,client5,Domain5,scribble,Case06_17.h5,147456,651,3820,13039,0.004414876302083333,0.025906032986111112,0.08842637803819445,1.0,0.049927141651967176,0.07834101382488479,0.9216589861751152
prostate,client5,Domain5,scribble,Case06_18.h5,147456,1206,1403,14464,0.0081787109375,0.009514702690972222,0.09809027777777778,0.9950248756218906,0.08296460176991151,0.3034825870646766,0.6915422885572139
prostate,client5,Domain5,scribble,Case06_19.h5,147456,734,965,15142,0.004977756076388889,0.006544325086805556,0.1026882595486111,1.0,0.04847444194954431,0.2452316076294278,0.7547683923705722
prostate,client5,Domain5,scribble,Case06_20.h5,147456,979,4212,15498,0.006639268663194444,0.028564453125,0.1051025390625,1.0,0.06316944121822171,0.34933605720122574,0.6506639427987743
prostate,client5,Domain5,scribble,Case06_21.h5,147456,702,982,16572,0.0047607421875,0.006659613715277778,0.11238606770833333,1.0,0.042360608254887765,0.13817663817663817,0.8618233618233618
prostate,client5,Domain5,scribble,Case06_22.h5,147456,936,1216,16053,0.00634765625,0.008246527777777778,0.10886637369791667,1.0,0.05830685853111568,0.4337606837606838,0.5662393162393162
prostate,client5,Domain5,scribble,Case06_23.h5,147456,1180,1483,15891,0.008002387152777778,0.010057237413194444,0.10776774088541667,1.0,0.07425586810144107,0.15677966101694915,0.8432203389830508
prostate,client5,Domain5,scribble,Case06_24.h5,147456,824,4069,15799,0.005588107638888889,0.027594672309027776,0.1071438259548611,0.9611650485436893,0.050129755047787834,0.13349514563106796,0.8276699029126213
prostate,client5,Domain5,scribble,Case06_25.h5,147456,790,4008,14906,0.005357530381944444,0.027180989583333332,0.10108778211805555,1.0,0.052998792432577484,0.22278481012658227,0.7772151898734178
prostate,client5,Domain5,scribble,Case06_26.h5,147456,943,4148,14931,0.006395128038194444,0.028130425347222224,0.10125732421875,1.0,0.06315718973946823,0.06468716861081654,0.9353128313891834
prostate,client5,Domain5,scribble,Case06_27.h5,147456,610,3798,14468,0.004136827256944444,0.0257568359375,0.0981174045138889,1.0,0.04216201271772187,0.20327868852459016,0.7967213114754098
prostate,client5,Domain5,scribble,Case06_28.h5,147456,917,4048,12596,0.006218804253472222,0.027452256944444444,0.0854220920138889,1.0,0.07280088917116545,0.29225736095965105,0.707742639040349
prostate,client5,Domain5,scribble,Case06_29.h5,147456,721,3781,9593,0.004889594184027778,0.025641547309027776,0.06505669487847222,1.0,0.07515897008235171,0.36754507628294036,0.6324549237170597
prostate,client5,Domain5,scribble,Case06_30.h5,147456,720,3709,7645,0.0048828125,0.025153266059027776,0.05184597439236111,1.0,0.09417920209287116,0.5347222222222222,0.4652777777777778
prostate,client5,Domain5,scribble,Case06_31.h5,147456,317,3258,6388,0.0021497938368055555,0.0220947265625,0.04332139756944445,1.0,0.04962429555416406,0.2996845425867508,0.7003154574132492
prostate,client5,Domain5,scribble,Case06_32.h5,147456,815,3796,7009,0.005527072482638889,0.025743272569444444,0.04753282335069445,1.0,0.11627906976744186,0.4245398773006135,0.5754601226993865
prostate,client5,Domain5,scribble,Case06_33.h5,147456,665,3527,4146,0.004509819878472222,0.023918999565972224,0.028116861979166668,0.9924812030075187,0.15918958031837915,0.4180451127819549,0.5744360902255639
prostate,client5,Domain5,scribble,Case06_34.h5,147456,545,3329,3201,0.003696017795138889,0.022576226128472224,0.021708170572916668,1.0,0.1702592939706342,0.44220183486238535,0.5577981651376147
prostate,client5,Domain5,scribble,Case06_35.h5,147456,462,3163,1767,0.0031331380208333335,0.021450466579861112,0.011983235677083334,0.9783549783549783,0.255800792303339,0.4155844155844156,0.5627705627705628
prostate,client5,Domain5,scribble,Case06_7.h5,147456,435,3227,2544,0.0029500325520833335,0.021884494357638888,0.017252604166666668,1.0,0.17099056603773585,0.20919540229885059,0.7908045977011494
prostate,client5,Domain5,scribble,Case06_8.h5,147456,453,3268,2965,0.0030721028645833335,0.022162543402777776,0.020107693142361112,0.8807947019867549,0.1345699831365936,0.36644591611479027,0.5143487858719646
prostate,client5,Domain5,scribble,Case06_9.h5,147456,572,916,3620,0.003879123263888889,0.006212022569444444,0.024549696180555556,0.8006993006993007,0.12651933701657458,0.27797202797202797,0.5227272727272727
prostate,client5,Domain5,scribble,Case07_10.h5,147456,457,3339,5342,0.0030992296006944445,0.02264404296875,0.03622775607638889,0.9781181619256017,0.08367652564582553,0.4135667396061269,0.5645514223194749
prostate,client5,Domain5,scribble,Case07_11.h5,147456,259,3214,7771,0.0017564561631944445,0.021796332465277776,0.05270046657986111,1.0,0.033329043881096386,0.44015444015444016,0.5598455598455598
prostate,client5,Domain5,scribble,Case07_12.h5,147456,691,3682,8541,0.004686143663194444,0.024970160590277776,0.05792236328125,0.9797395079594791,0.07926472310033954,0.4081041968162084,0.5716353111432706
prostate,client5,Domain5,scribble,Case07_13.h5,147456,920,1340,9234,0.006239149305555556,0.009087456597222222,0.0626220703125,0.9576086956521739,0.09540827377084687,0.29782608695652174,0.6597826086956522
prostate,client5,Domain5,scribble,Case07_14.h5,147456,671,3691,9686,0.004550509982638889,0.025031195746527776,0.06568739149305555,1.0,0.06927524261821186,0.45156482861400893,0.5484351713859911
prostate,client5,Domain5,scribble,Case07_15.h5,147456,323,3354,9892,0.002190483940972222,0.022745768229166668,0.06708441840277778,1.0,0.032652648604933276,0.13003095975232198,0.8699690402476781
prostate,client5,Domain5,scribble,Case07_16.h5,147456,263,3301,9827,0.0017835828993055555,0.022386338975694444,0.06664360894097222,1.0,0.026762999898239544,0.38022813688212925,0.6197718631178707
prostate,client5,Domain5,scribble,Case07_17.h5,147456,243,3259,9770,0.00164794921875,0.022101508246527776,0.0662570529513889,1.0,0.024872057318321393,0.27983539094650206,0.720164609053498
prostate,client5,Domain5,scribble,Case07_18.h5,147456,798,1258,7949,0.005411783854166667,0.008531358506944444,0.05390760633680555,1.0,0.10038998616178135,0.32706766917293234,0.6729323308270677
prostate,client5,Domain5,scribble,Case07_19.h5,147456,773,832,8048,0.005242241753472222,0.005642361111111111,0.05457899305555555,1.0,0.09604870775347912,0.07115135834411385,0.9288486416558862
prostate,client5,Domain5,scribble,Case07_20.h5,147456,204,2939,3244,0.0013834635416666667,0.019931369357638888,0.021999782986111112,1.0,0.06288532675709001,0.37745098039215685,0.6225490196078431
prostate,client5,Domain5,scribble,Case07_5.h5,147456,186,2847,1240,0.0012613932291666667,0.019307454427083332,0.008409288194444444,1.0,0.15,0.40860215053763443,0.5913978494623656
prostate,client5,Domain5,scribble,Case07_6.h5,147456,429,869,2272,0.0029093424479166665,0.005893283420138889,0.015407986111111112,1.0,0.18882042253521128,0.337995337995338,0.662004662004662
prostate,client5,Domain5,scribble,Case07_7.h5,147456,468,3230,2623,0.003173828125,0.021904839409722224,0.017788357204861112,0.9957264957264957,0.1776591688905833,0.43803418803418803,0.5576923076923077
prostate,client5,Domain5,scribble,Case07_8.h5,147456,476,3307,4052,0.003228081597222222,0.022427029079861112,0.027479383680555556,1.0,0.11747285291214216,0.4684873949579832,0.5315126050420168
prostate,client5,Domain5,scribble,Case07_9.h5,147456,481,3348,4962,0.003261990017361111,0.022705078125,0.033650716145833336,1.0,0.09693671906489319,0.1891891891891892,0.8108108108108109
prostate,client5,Domain5,scribble,Case08_10.h5,147456,163,2890,3048,0.0011054144965277778,0.019599066840277776,0.020670572916666668,0.8220858895705522,0.043963254593175856,0.1411042944785276,0.6809815950920245
prostate,client5,Domain5,scribble,Case08_11.h5,147456,515,3281,3579,0.0034925672743055555,0.022250705295138888,0.024271647135416668,0.945631067961165,0.13607152835987707,0.16116504854368932,0.7844660194174757
prostate,client5,Domain5,scribble,Case08_12.h5,147456,338,3139,4798,0.002292209201388889,0.021287706163194444,0.032538519965277776,1.0,0.07044601917465611,0.11242603550295859,0.8875739644970414
prostate,client5,Domain5,scribble,Case08_13.h5,147456,459,3283,4829,0.00311279296875,0.022264268663194444,0.03274875217013889,1.0,0.09505073514185132,0.2636165577342048,0.7363834422657952
prostate,client5,Domain5,scribble,Case08_14.h5,147456,578,3404,5257,0.003919813368055556,0.023084852430555556,0.035651312934027776,0.9653979238754326,0.1061441887007799,0.2577854671280277,0.7076124567474048
prostate,client5,Domain5,scribble,Case08_15.h5,147456,340,3169,5484,0.0023057725694444445,0.021491156684027776,0.037190755208333336,0.9,0.05579868708971553,0.16176470588235295,0.7382352941176471
prostate,client5,Domain5,scribble,Case08_16.h5,147456,458,3310,5880,0.003106011284722222,0.022447374131944444,0.039876302083333336,1.0,0.07789115646258503,0.0982532751091703,0.9017467248908297
prostate,client5,Domain5,scribble,Case08_17.h5,147456,624,3454,5409,0.004231770833333333,0.023423936631944444,0.03668212890625,1.0,0.115363283416528,0.2916666666666667,0.7083333333333334
prostate,client5,Domain5,scribble,Case08_18.h5,147456,608,3404,5013,0.004123263888888889,0.023084852430555556,0.03399658203125,0.9901315789473685,0.12008777179333732,0.3667763157894737,0.6233552631578947
prostate,client5,Domain5,scribble,Case08_19.h5,147456,96,2872,4479,0.0006510416666666666,0.019476996527777776,0.030375162760416668,1.0,0.021433355659745478,0.09375,0.90625
prostate,client5,Domain5,scribble,Case08_20.h5,147456,170,2940,4649,0.0011528862847222222,0.019938151041666668,0.03152804904513889,1.0,0.03656700365670037,0.11176470588235295,0.888235294117647
prostate,client5,Domain5,scribble,Case08_21.h5,147456,325,3051,3890,0.002204047309027778,0.02069091796875,0.026380750868055556,1.0,0.08354755784061697,0.13230769230769232,0.8676923076923077
prostate,client5,Domain5,scribble,Case08_6.h5,147456,253,2814,736,0.0017157660590277778,0.019083658854166668,0.004991319444444444,0.8932806324110671,0.3070652173913043,0.5098814229249012,0.383399209486166
prostate,client5,Domain5,scribble,Case08_7.h5,147456,157,2739,825,0.001064724392361111,0.018575032552083332,0.005594889322916667,0.9936305732484076,0.1890909090909091,0.5477707006369427,0.445859872611465
prostate,client5,Domain5,scribble,Case08_8.h5,147456,155,2790,1735,0.0010511610243055555,0.0189208984375,0.011766221788194444,1.0,0.0893371757925072,0.22580645161290322,0.7741935483870968
prostate,client5,Domain5,scribble,Case08_9.h5,147456,405,3088,2492,0.00274658203125,0.020941840277777776,0.016899956597222224,0.9654320987654321,0.15690208667736757,0.4074074074074074,0.5580246913580247
prostate,client5,Domain5,scribble,Case09_10.h5,147456,411,3252,4491,0.0027872721354166665,0.022054036458333332,0.03045654296875,0.9221411192214112,0.08439100423068359,0.1654501216545012,0.7566909975669099
prostate,client5,Domain5,scribble,Case09_11.h5,147456,732,1183,4421,0.004964192708333333,0.008022732204861112,0.029981825086805556,1.0,0.16557339968332957,0.31010928961748635,0.6898907103825137
prostate,client5,Domain5,scribble,Case09_12.h5,147456,108,2940,4661,0.000732421875,0.019938151041666668,0.031609429253472224,1.0,0.023170993349066724,0.3333333333333333,0.6666666666666666
prostate,client5,Domain5,scribble,Case09_13.h5,147456,391,3220,4956,0.002651638454861111,0.021837022569444444,0.033610026041666664,1.0,0.07889426957223568,0.10485933503836317,0.8951406649616368
prostate,client5,Domain5,scribble,Case09_14.h5,147456,341,3211,5667,0.002312554253472222,0.021775987413194444,0.038431803385416664,1.0,0.060172931004058586,0.12903225806451613,0.8709677419354839
prostate,client5,Domain5,scribble,Case09_15.h5,147456,466,3380,7355,0.0031602647569444445,0.022922092013888888,0.04987928602430555,0.9914163090128756,0.0628144119646499,0.07510729613733906,0.9163090128755365
prostate,client5,Domain5,scribble,Case09_16.h5,147456,715,3664,8170,0.004848904079861111,0.024848090277777776,0.05540635850694445,0.9440559440559441,0.08261933904528763,0.18041958041958042,0.7636363636363637
prostate,client5,Domain5,scribble,Case09_17.h5,147456,593,3582,9027,0.004021538628472222,0.0242919921875,0.06121826171875,1.0,0.06569181344854326,0.209106239460371,0.790893760539629
prostate,client5,Domain5,scribble,Case09_18.h5,147456,717,3704,9540,0.004862467447916667,0.025119357638888888,0.064697265625,1.0,0.07515723270440251,0.18828451882845187,0.8117154811715481
prostate,client5,Domain5,scribble,Case09_19.h5,147456,726,3753,10470,0.004923502604166667,0.02545166015625,0.07100423177083333,1.0,0.06934097421203439,0.5206611570247934,0.4793388429752066
prostate,client5,Domain5,scribble,Case09_20.h5,147456,919,3944,10814,0.006232367621527778,0.026746961805555556,0.0733371310763889,1.0,0.08498243018309598,0.4776931447225245,0.5223068552774756
prostate,client5,Domain5,scribble,Case09_21.h5,147456,912,3987,12202,0.006184895833333333,0.02703857421875,0.08275010850694445,1.0,0.07474184559908212,0.3300438596491228,0.6699561403508771
prostate,client5,Domain5,scribble,Case09_22.h5,147456,998,4083,12607,0.006768120659722222,0.027689615885416668,0.08549669053819445,1.0,0.07916237011184263,0.2124248496993988,0.7875751503006012
prostate,client5,Domain5,scribble,Case09_23.h5,147456,548,3655,13171,0.003716362847222222,0.024787055121527776,0.0893215603298611,1.0,0.04160655986637309,0.42700729927007297,0.572992700729927
prostate,client5,Domain5,scribble,Case09_24.h5,147456,676,3776,12245,0.004584418402777778,0.025607638888888888,0.0830417209201389,1.0,0.055206206614944874,0.07840236686390532,0.9215976331360947
prostate,client5,Domain5,scribble,Case09_25.h5,147456,714,3738,11144,0.004842122395833333,0.025349934895833332,0.07557508680555555,1.0,0.06407035175879397,0.29551820728291317,0.7044817927170869
prostate,client5,Domain5,scribble,Case09_26.h5,147456,1063,1546,11368,0.007208930121527778,0.010484483506944444,0.07709418402777778,1.0,0.09350809289232935,0.17779868297271872,0.8222013170272813
prostate,client5,Domain5,scribble,Case09_27.h5,147456,769,3788,10303,0.005215115017361111,0.025689019097222224,0.06987169053819445,1.0,0.07463845481898476,0.28998699609882966,0.7100130039011704
prostate,client5,Domain5,scribble,Case09_28.h5,147456,501,3470,8946,0.0033976236979166665,0.023532443576388888,0.0606689453125,1.0,0.056002682763246145,0.2754491017964072,0.7245508982035929
prostate,client5,Domain5,scribble,Case09_29.h5,147456,600,3495,6985,0.004069010416666667,0.023701985677083332,0.047370062934027776,1.0,0.08589835361488905,0.27666666666666667,0.7233333333333334
prostate,client5,Domain5,scribble,Case09_30.h5,147456,472,3290,5418,0.003200954861111111,0.022311740451388888,0.0367431640625,1.0,0.08711701734957548,0.2860169491525424,0.7139830508474576
prostate,client5,Domain5,scribble,Case09_31.h5,147456,806,3570,4255,0.005466037326388889,0.024210611979166668,0.028856065538194444,0.9292803970223326,0.17602820211515863,0.3684863523573201,0.5607940446650124
prostate,client5,Domain5,scribble,Case09_32.h5,147456,168,2872,3300,0.0011393229166666667,0.019476996527777776,0.022379557291666668,1.0,0.05090909090909091,0.19642857142857142,0.8035714285714286
prostate,client5,Domain5,scribble,Case09_33.h5,147456,196,2878,2239,0.0013292100694444445,0.019517686631944444,0.015184190538194444,1.0,0.08753907994640464,0.29591836734693877,0.7040816326530612
prostate,client5,Domain5,scribble,Case09_8.h5,147456,347,3139,3601,0.002353244357638889,0.021287706163194444,0.024420844184027776,0.9827089337175793,0.09469591780061094,0.2507204610951009,0.7319884726224783
prostate,client5,Domain5,scribble,Case09_9.h5,147456,299,3110,4123,0.0020277235243055555,0.021091037326388888,0.027960883246527776,1.0,0.07252000970167354,0.03678929765886288,0.9632107023411371
prostate,client5,Domain5,scribble,Case10_10.h5,147456,674,3595,5879,0.004570855034722222,0.024380154079861112,0.03986952039930555,1.0,0.11464534784827352,0.24629080118694363,0.7537091988130564
prostate,client5,Domain5,scribble,Case10_11.h5,147456,776,3723,6580,0.005262586805555556,0.025248209635416668,0.044623480902777776,1.0,0.11793313069908815,0.23067010309278352,0.7693298969072165
prostate,client5,Domain5,scribble,Case10_12.h5,147456,733,3703,7266,0.004970974392361111,0.025112575954861112,0.049275716145833336,0.9931787175989086,0.1001926782273603,0.3328785811732606,0.660300136425648
prostate,client5,Domain5,scribble,Case10_13.h5,147456,452,3455,8095,0.0030653211805555555,0.023430718315972224,0.05489773220486111,1.0,0.05583693638048178,0.5132743362831859,0.48672566371681414
prostate,client5,Domain5,scribble,Case10_14.h5,147456,461,3447,8206,0.0031263563368055555,0.02337646484375,0.05565049913194445,1.0,0.05617840604435779,0.1822125813449024,0.8177874186550976
prostate,client5,Domain5,scribble,Case10_15.h5,147456,751,3752,7978,0.005093044704861111,0.025444878472222224,0.05410427517361111,1.0,0.09413386813737779,0.2836218375499334,0.7163781624500666
prostate,client5,Domain5,scribble,Case10_16.h5,147456,624,3595,7411,0.004231770833333333,0.024380154079861112,0.05025906032986111,1.0,0.0841991634057482,0.2483974358974359,0.7516025641025641
prostate,client5,Domain5,scribble,Case10_17.h5,147456,506,3466,6668,0.0034315321180555555,0.023505316840277776,0.045220269097222224,1.0,0.07588482303539291,0.31225296442687744,0.6877470355731226
prostate,client5,Domain5,scribble,Case10_18.h5,147456,438,788,6412,0.0029703776041666665,0.005343967013888889,0.04348415798611111,1.0,0.06830941983780411,0.1872146118721461,0.8127853881278538
prostate,client5,Domain5,scribble,Case10_19.h5,147456,556,3443,4871,0.0037706163194444445,0.023349338107638888,0.03303358289930555,1.0,0.11414493943748717,0.17805755395683454,0.8219424460431655
prostate,client5,Domain5,scribble,Case10_20.h5,147456,519,3370,3946,0.0035196940104166665,0.022854275173611112,0.026760525173611112,1.0,0.13152559553978713,0.31213872832369943,0.6878612716763006
prostate,client5,Domain5,scribble,Case10_5.h5,147456,385,3116,2285,0.0026109483506944445,0.021131727430555556,0.015496148003472222,0.8519480519480519,0.1435448577680525,0.3116883116883117,0.5402597402597402
prostate,client5,Domain5,scribble,Case10_6.h5,147456,599,3354,2776,0.004062228732638889,0.022745768229166668,0.018825954861111112,0.9248747913188647,0.19956772334293948,0.2570951585976628,0.667779632721202
prostate,client5,Domain5,scribble,Case10_7.h5,147456,87,2889,3261,0.0005900065104166666,0.01959228515625,0.022115071614583332,0.9655172413793104,0.025758969641214352,0.6666666666666666,0.2988505747126437
prostate,client5,Domain5,scribble,Case10_8.h5,147456,514,3349,4017,0.003485785590277778,0.022711859809027776,0.027242024739583332,1.0,0.1279561862086134,0.2704280155642023,0.7295719844357976
prostate,client5,Domain5,scribble,Case10_9.h5,147456,432,3303,4512,0.0029296875,0.02239990234375,0.030598958333333332,1.0,0.09574468085106383,0.30092592592592593,0.6990740740740741
prostate,client6,Domain6,box,Case39_10.h5,147456,840,135936,4868,0.005696614583333333,0.921875,0.033013237847222224,1.0,0.1725554642563681,0.0,1.0
prostate,client6,Domain6,box,Case39_11.h5,147456,960,135186,5385,0.006510416666666667,0.9167887369791666,0.036519368489583336,1.0,0.17827298050139276,0.0,1.0
prostate,client6,Domain6,box,Case39_12.h5,147456,986,134743,5477,0.006686740451388889,0.9137844509548612,0.03714328342013889,1.0,0.18002556143874385,0.0,1.0
prostate,client6,Domain6,box,Case39_13.h5,147456,952,135340,5246,0.006456163194444444,0.9178331163194444,0.035576714409722224,1.0,0.18147159740754862,0.0,1.0
prostate,client6,Domain6,box,Case39_14.h5,147456,1064,133856,5616,0.007215711805555556,0.9077690972222222,0.0380859375,1.0,0.18945868945868946,0.0,1.0
prostate,client6,Domain6,box,Case39_15.h5,147456,900,135246,5244,0.006103515625,0.9171956380208334,0.035563151041666664,1.0,0.17162471395881007,0.0,1.0
prostate,client6,Domain6,box,Case39_16.h5,147456,672,137626,4102,0.004557291666666667,0.9333360460069444,0.027818467881944444,1.0,0.16382252559726962,0.0,1.0
prostate,client6,Domain6,box,Case39_3.h5,147456,36,144268,481,0.000244140625,0.9783799913194444,0.003261990017361111,1.0,0.07484407484407485,0.08333333333333333,0.9166666666666666
prostate,client6,Domain6,box,Case39_4.h5,147456,190,141906,1464,0.0012885199652777778,0.9623616536458334,0.009928385416666666,1.0,0.12978142076502733,0.0,1.0
prostate,client6,Domain6,box,Case39_5.h5,147456,266,141080,1717,0.001803927951388889,0.9567599826388888,0.011644151475694444,1.0,0.15492137449039023,0.0,1.0
prostate,client6,Domain6,box,Case39_6.h5,147456,396,140026,2396,0.002685546875,0.9496120876736112,0.016248914930555556,1.0,0.1652754590984975,0.0,1.0
prostate,client6,Domain6,box,Case39_7.h5,147456,550,138214,3164,0.003729926215277778,0.9373236762152778,0.021457248263888888,1.0,0.1738305941845765,0.0,1.0
prostate,client6,Domain6,box,Case39_8.h5,147456,625,137617,3669,0.004238552517361111,0.9332750108506944,0.024881998697916668,1.0,0.17034614336331425,0.0,1.0
prostate,client6,Domain6,box,Case39_9.h5,147456,784,136740,4322,0.005316840277777778,0.9273274739583334,0.029310438368055556,1.0,0.1813975011568718,0.0,1.0
prostate,client6,Domain6,box,Case40_10.h5,147456,768,135750,4013,0.005208333333333333,0.9206136067708334,0.027214898003472224,1.0,0.19137802143035135,0.0,1.0
prostate,client6,Domain6,box,Case40_11.h5,147456,850,134813,4208,0.005764431423611111,0.9142591688368056,0.028537326388888888,1.0,0.20199619771863117,0.01647058823529412,0.9835294117647059
prostate,client6,Domain6,box,Case40_12.h5,147456,768,136540,3880,0.005208333333333333,0.9259711371527778,0.026312934027777776,1.0,0.1979381443298969,0.0,1.0
prostate,client6,Domain6,box,Case40_13.h5,147456,660,137538,3592,0.004475911458333333,0.9327392578125,0.024359809027777776,1.0,0.18374164810690424,0.0,1.0
prostate,client6,Domain6,box,Case40_14.h5,147456,616,137688,3274,0.004177517361111111,0.9337565104166666,0.022203233506944444,1.0,0.18814905314599878,0.0,1.0
prostate,client6,Domain6,box,Case40_15.h5,147456,420,139362,2397,0.0028483072916666665,0.9451090494791666,0.016255696614583332,0.9976190476190476,0.17480183562786816,0.047619047619047616,0.95
prostate,client6,Domain6,box,Case40_16.h5,147456,96,142929,942,0.0006510416666666666,0.96929931640625,0.006388346354166667,1.0,0.10191082802547771,0.0,1.0
prostate,client6,Domain6,box,Case40_3.h5,147456,72,142878,963,0.00048828125,0.9689534505208334,0.00653076171875,1.0,0.07476635514018691,0.0,1.0
prostate,client6,Domain6,box,Case40_4.h5,147456,112,142948,1118,0.0007595486111111111,0.9694281684027778,0.007581922743055556,1.0,0.1001788908765653,0.0,1.0
prostate,client6,Domain6,box,Case40_5.h5,147456,130,142618,1204,0.0008816189236111111,0.9671902126736112,0.008165147569444444,1.0,0.1079734219269103,0.0,1.0
prostate,client6,Domain6,box,Case40_6.h5,147456,360,139899,1942,0.00244140625,0.9487508138020834,0.013170030381944444,1.0,0.18537590113285274,0.0,1.0
prostate,client6,Domain6,box,Case40_7.h5,147456,440,138016,2367,0.002983940972222222,0.9359809027777778,0.01605224609375,1.0,0.18588931136459655,0.0,1.0
prostate,client6,Domain6,box,Case40_8.h5,147456,550,137433,2883,0.003729926215277778,0.9320271809895834,0.019551595052083332,1.0,0.19077349982656955,0.0,1.0
prostate,client6,Domain6,box,Case40_9.h5,147456,720,135753,3777,0.0048828125,0.9206339518229166,0.025614420572916668,1.0,0.19062748212867356,0.0,1.0
prostate,client6,Domain6,box,Case41_10.h5,147456,357,140586,2250,0.0024210611979166665,0.9534098307291666,0.0152587890625,1.0,0.15866666666666668,0.0,1.0
prostate,client6,Domain6,box,Case41_11.h5,147456,468,139564,2879,0.003173828125,0.9464789496527778,0.019524468315972224,1.0,0.16255644320944773,0.0,1.0
prostate,client6,Domain6,box,Case41_12.h5,147456,616,138127,3490,0.004177517361111111,0.9367336697048612,0.023668077256944444,1.0,0.17650429799426934,0.0,1.0
prostate,client6,Domain6,box,Case41_13.h5,147456,580,138397,3457,0.003933376736111111,0.9385647243923612,0.023444281684027776,1.0,0.16777552791437664,0.0,1.0
prostate,client6,Domain6,box,Case41_14.h5,147456,560,138241,3397,0.0037977430555555555,0.9375067816840278,0.023037380642361112,1.0,0.16485133941713276,0.0,1.0
prostate,client6,Domain6,box,Case41_15.h5,147456,288,141056,2134,0.001953125,0.9565972222222222,0.014472113715277778,1.0,0.13495782567947517,0.0,1.0
prostate,client6,Domain6,box,Case41_16.h5,147456,238,141790,1731,0.001614040798611111,0.9615749782986112,0.011739095052083334,1.0,0.13749277874061236,0.0,1.0
prostate,client6,Domain6,box,Case41_17.h5,147456,120,143341,902,0.0008138020833333334,0.9720933702256944,0.006117078993055556,1.0,0.13303769401330376,0.0,1.0
prostate,client6,Domain6,box,Case41_7.h5,147456,72,143502,849,0.00048828125,0.9731852213541666,0.005757649739583333,1.0,0.08480565371024736,0.0,1.0
prostate,client6,Domain6,box,Case41_8.h5,147456,180,142410,1302,0.001220703125,0.9657796223958334,0.008829752604166666,1.0,0.1382488479262673,0.0,1.0
prostate,client6,Domain6,box,Case41_9.h5,147456,256,141348,1676,0.001736111111111111,0.9585774739583334,0.011366102430555556,1.0,0.15274463007159905,0.0,1.0
prostate,client6,Domain6,box,Case42_10.h5,147456,1368,131358,8235,0.00927734375,0.8908284505208334,0.05584716796875,1.0,0.16612021857923498,0.0,1.0
prostate,client6,Domain6,box,Case42_11.h5,147456,1482,130938,8550,0.010050455729166666,0.8879801432291666,0.0579833984375,1.0,0.17333333333333334,0.0,1.0
prostate,client6,Domain6,box,Case42_12.h5,147456,1520,130800,8724,0.010308159722222222,0.8870442708333334,0.059163411458333336,1.0,0.17423200366804217,0.0,1.0
prostate,client6,Domain6,box,Case42_13.h5,147456,1512,130880,8733,0.01025390625,0.8875868055555556,0.059224446614583336,1.0,0.17313637925111647,0.0,1.0
prostate,client6,Domain6,box,Case42_14.h5,147456,1326,132145,7724,0.008992513020833334,0.8961656358506944,0.05238172743055555,1.0,0.17167270844122218,0.0,1.0
prostate,client6,Domain6,box,Case42_15.h5,147456,1292,131984,7799,0.008761935763888888,0.8950737847222222,0.05289035373263889,1.0,0.16566226439287088,0.0,1.0
prostate,client6,Domain6,box,Case42_16.h5,147456,1155,133518,6570,0.007832845052083334,0.9054768880208334,0.0445556640625,1.0,0.17579908675799086,0.0,1.0
prostate,client6,Domain6,box,Case42_17.h5,147456,992,134496,5759,0.006727430555555556,0.912109375,0.039055718315972224,1.0,0.17225212710540025,0.0,1.0
prostate,client6,Domain6,box,Case42_18.h5,147456,900,135772,5156,0.006103515625,0.9207628038194444,0.034966362847222224,1.0,0.17455391776570986,0.0,1.0
prostate,client6,Domain6,box,Case42_19.h5,147456,756,136942,4412,0.005126953125,0.9286973741319444,0.029920789930555556,1.0,0.17135086128739802,0.0,1.0
prostate,client6,Domain6,box,Case42_2.h5,147456,72,143508,807,0.00048828125,0.9732259114583334,0.005472819010416667,1.0,0.08921933085501858,0.0,1.0
prostate,client6,Domain6,box,Case42_20.h5,147456,624,138000,3917,0.004231770833333333,0.9358723958333334,0.026563856336805556,1.0,0.15930559101353076,0.0,1.0
prostate,client6,Domain6,box,Case42_21.h5,147456,528,138508,3417,0.0035807291666666665,0.9393174913194444,0.023173014322916668,1.0,0.15452151009657594,0.0,1.0
prostate,client6,Domain6,box,Case42_22.h5,147456,400,140066,2533,0.002712673611111111,0.9498833550347222,0.017178005642361112,1.0,0.15791551519936833,0.0,1.0
prostate,client6,Domain6,box,Case42_23.h5,147456,195,142279,1410,0.0013224283854166667,0.9648912217881944,0.009562174479166666,1.0,0.13829787234042554,0.0,1.0
prostate,client6,Domain6,box,Case42_3.h5,147456,192,142254,1164,0.0013020833333333333,0.9647216796875,0.007893880208333334,1.0,0.16494845360824742,0.0,1.0
prostate,client6,Domain6,box,Case42_4.h5,147456,330,140918,1822,0.0022379557291666665,0.9556613498263888,0.012356228298611112,1.0,0.18111964873765093,0.0,1.0
prostate,client6,Domain6,box,Case42_5.h5,147456,560,138620,3151,0.0037977430555555555,0.9400770399305556,0.021369086371527776,1.0,0.17772135829895272,0.0,1.0
prostate,client6,Domain6,box,Case42_6.h5,147456,864,136195,4895,0.005859375,0.9236314561631944,0.033196343315972224,1.0,0.17650663942798775,0.0,1.0
prostate,client6,Domain6,box,Case42_7.h5,147456,1020,134826,5914,0.006917317708333333,0.9143473307291666,0.040106879340277776,1.0,0.17247210010145417,0.0,1.0
prostate,client6,Domain6,box,Case42_8.h5,147456,1120,133434,6832,0.007595486111111111,0.9049072265625,0.046332465277777776,1.0,0.16393442622950818,0.0,1.0
prostate,client6,Domain6,box,Case42_9.h5,147456,1406,131487,8016,0.009535047743055556,0.8917032877604166,0.054361979166666664,1.0,0.1753992015968064,0.0,1.0
prostate,client6,Domain6,box,Case43_1.h5,147456,108,142884,1101,0.000732421875,0.968994140625,0.007466634114583333,1.0,0.09809264305177112,0.0,1.0
prostate,client6,Domain6,box,Case43_10.h5,147456,962,134796,5982,0.006523980034722222,0.9141438802083334,0.040568033854166664,1.0,0.1608157806753594,0.0,1.0
prostate,client6,Domain6,box,Case43_11.h5,147456,912,135208,5429,0.006184895833333333,0.9169379340277778,0.03681776258680555,1.0,0.16798673788911403,0.0,1.0
prostate,client6,Domain6,box,Case43_12.h5,147456,988,134954,5577,0.006700303819444444,0.9152153862847222,0.037821451822916664,1.0,0.17715617715617715,0.0,1.0
prostate,client6,Domain6,box,Case43_13.h5,147456,816,136169,4840,0.005533854166666667,0.9234551323784722,0.03282335069444445,1.0,0.16859504132231404,0.0,1.0
prostate,client6,Domain6,box,Case43_14.h5,147456,448,139172,2577,0.0030381944444444445,0.9438205295138888,0.017476399739583332,0.9464285714285714,0.16453240201785022,0.22098214285714285,0.7254464285714286
prostate,client6,Domain6,box,Case43_2.h5,147456,112,142677,1045,0.0007595486111111111,0.96759033203125,0.007086859809027778,1.0,0.10717703349282297,0.0,1.0
prostate,client6,Domain6,box,Case43_3.h5,147456,256,140918,1467,0.001736111111111111,0.9556613498263888,0.00994873046875,1.0,0.17450579413769599,0.0,1.0
prostate,client6,Domain6,box,Case43_4.h5,147456,288,140397,1816,0.001953125,0.9521280924479166,0.012315538194444444,1.0,0.15859030837004406,0.003472222222222222,0.9965277777777778
prostate,client6,Domain6,box,Case43_5.h5,147456,546,137552,2876,0.0037027994791666665,0.9328342013888888,0.019504123263888888,1.0,0.1898470097357441,0.0,1.0
prostate,client6,Domain6,box,Case43_6.h5,147456,572,138038,3483,0.003879123263888889,0.9361300998263888,0.02362060546875,1.0,0.1642262417456216,0.0,1.0
prostate,client6,Domain6,box,Case43_7.h5,147456,720,136681,4347,0.0048828125,0.9269273546006944,0.02947998046875,1.0,0.16563146997929606,0.0,1.0
prostate,client6,Domain6,box,Case43_8.h5,147456,884,135210,5293,0.005995008680555556,0.9169514973958334,0.035895453559027776,1.0,0.1670130360853958,0.0,1.0
prostate,client6,Domain6,box,Case43_9.h5,147456,1008,134216,5999,0.0068359375,0.9102105034722222,0.04068332248263889,1.0,0.16802800466744458,0.0,1.0
prostate,client6,Domain6,box,Case45_10.h5,147456,522,138815,3082,0.0035400390625,0.9413994683159722,0.020901150173611112,1.0,0.16937053861129137,0.0,1.0
prostate,client6,Domain6,box,Case45_11.h5,147456,540,138602,3150,0.003662109375,0.9399549696180556,0.0213623046875,1.0,0.17142857142857143,0.0,1.0
prostate,client6,Domain6,box,Case45_12.h5,147456,540,138724,3218,0.003662109375,0.9407823350694444,0.021823459201388888,1.0,0.1678060907395898,0.0,1.0
prostate,client6,Domain6,box,Case45_13.h5,147456,540,138358,3136,0.003662109375,0.9383002387152778,0.021267361111111112,1.0,0.17219387755102042,0.0,1.0
prostate,client6,Domain6,box,Case45_14.h5,147456,420,139527,2459,0.0028483072916666665,0.94622802734375,0.016676161024305556,1.0,0.17080113867425784,0.15,0.85
prostate,client6,Domain6,box,Case45_15.h5,147456,220,141805,1481,0.001491970486111111,0.9616767035590278,0.010043674045138888,1.0,0.1485482781904119,0.17272727272727273,0.8272727272727273
prostate,client6,Domain6,box,Case45_5.h5,147456,112,143079,1004,0.0007595486111111111,0.9703165690104166,0.006808810763888889,1.0,0.11155378486055777,0.0,1.0
prostate,client6,Domain6,box,Case45_6.h5,147456,120,143168,977,0.0008138020833333334,0.9709201388888888,0.006625705295138889,1.0,0.12282497441146366,0.0,1.0
prostate,client6,Domain6,box,Case45_7.h5,147456,260,141702,1541,0.0017632378472222222,0.9609781901041666,0.010450575086805556,1.0,0.16872160934458144,0.0,1.0
prostate,client6,Domain6,box,Case45_8.h5,147456,364,140450,2169,0.002468532986111111,0.9524875217013888,0.01470947265625,1.0,0.16781927155371137,0.0,1.0
prostate,client6,Domain6,box,Case45_9.h5,147456,416,140102,2433,0.0028211805555555555,0.9501274956597222,0.016499837239583332,1.0,0.1709823263460748,0.0,1.0
prostate,client6,Domain6,box,Case47_10.h5,147456,744,137164,4035,0.005045572916666667,0.9302029079861112,0.027364095052083332,1.0,0.18438661710037174,0.0,1.0
prostate,client6,Domain6,box,Case47_11.h5,147456,750,136711,4227,0.005086263020833333,0.9271308051215278,0.028666178385416668,1.0,0.177430801987225,0.0,1.0
prostate,client6,Domain6,box,Case47_12.h5,147456,800,136445,4504,0.005425347222222222,0.9253268771701388,0.030544704861111112,1.0,0.17761989342806395,0.0,1.0
prostate,client6,Domain6,box,Case47_13.h5,147456,725,136995,4054,0.004916720920138889,0.9290568033854166,0.027492947048611112,1.0,0.1788357178095708,0.0,1.0
prostate,client6,Domain6,box,Case47_14.h5,147456,700,137064,3916,0.004747178819444444,0.9295247395833334,0.026557074652777776,1.0,0.1787538304392237,0.0,1.0
prostate,client6,Domain6,box,Case47_15.h5,147456,396,139794,2629,0.002685546875,0.9480387369791666,0.017829047309027776,1.0,0.1506276150627615,0.0,1.0
prostate,client6,Domain6,box,Case47_16.h5,147456,168,142674,1159,0.0011393229166666667,0.9675699869791666,0.007859971788194444,1.0,0.1449525452976704,0.0,1.0
prostate,client6,Domain6,box,Case47_17.h5,147456,48,144088,569,0.0003255208333333333,0.9771592881944444,0.0038587782118055555,1.0,0.0843585237258348,0.0,1.0
prostate,client6,Domain6,box,Case47_6.h5,147456,210,141826,1534,0.0014241536458333333,0.9618191189236112,0.010403103298611112,1.0,0.13689700130378096,0.0,1.0
prostate,client6,Domain6,box,Case47_7.h5,147456,256,141100,1876,0.001736111111111111,0.9568956163194444,0.012722439236111112,1.0,0.13646055437100213,0.0,1.0
prostate,client6,Domain6,box,Case47_8.h5,147456,440,139614,2773,0.002983940972222222,0.9468180338541666,0.018805609809027776,1.0,0.1586729174179589,0.0,1.0
prostate,client6,Domain6,box,Case47_9.h5,147456,572,138197,3630,0.003879123263888889,0.9372083875868056,0.024617513020833332,1.0,0.15757575757575756,0.0,1.0
prostate,client6,Domain6,box,Case48_10.h5,147456,560,138222,3366,0.0037977430555555555,0.9373779296875,0.0228271484375,1.0,0.16636957813428402,0.0,1.0
prostate,client6,Domain6,box,Case48_11.h5,147456,748,136367,4511,0.005072699652777778,0.9247979058159722,0.030592176649305556,1.0,0.1658168920416759,0.0,1.0
prostate,client6,Domain6,box,Case48_12.h5,147456,792,136688,4741,0.00537109375,0.9269748263888888,0.03215196397569445,1.0,0.16705336426914152,0.0,1.0
prostate,client6,Domain6,box,Case48_13.h5,147456,864,135716,5156,0.005859375,0.9203830295138888,0.034966362847222224,1.0,0.16757176105508145,0.0,1.0
prostate,client6,Domain6,box,Case48_14.h5,147456,962,135352,5439,0.006523980034722222,0.9179144965277778,0.036885579427083336,1.0,0.17687074829931973,0.0,1.0
prostate,client6,Domain6,box,Case48_15.h5,147456,1008,135175,5652,0.0068359375,0.9167141384548612,0.038330078125,1.0,0.17834394904458598,0.0,1.0
prostate,client6,Domain6,box,Case48_16.h5,147456,918,135473,5259,0.0062255859375,0.9187350802951388,0.035664876302083336,1.0,0.17455790074158586,0.0,1.0
prostate,client6,Domain6,box,Case48_17.h5,147456,780,136716,4610,0.005289713541666667,0.9271647135416666,0.03126356336805555,1.0,0.16919739696312364,0.0,1.0
prostate,client6,Domain6,box,Case48_18.h5,147456,650,137860,3952,0.004408094618055556,0.9349229600694444,0.026801215277777776,1.0,0.16447368421052633,0.0,1.0
prostate,client6,Domain6,box,Case48_19.h5,147456,32,144023,594,0.00021701388888888888,0.9767184787326388,0.0040283203125,1.0,0.05387205387205387,0.0,1.0
prostate,client6,Domain6,box,Case48_7.h5,147456,104,142803,1056,0.0007052951388888889,0.96844482421875,0.007161458333333333,1.0,0.09848484848484848,0.0,1.0
prostate,client6,Domain6,box,Case48_8.h5,147456,224,141538,1523,0.0015190972222222222,0.9598659939236112,0.010328504774305556,1.0,0.14707813525935653,0.0,1.0
prostate,client6,Domain6,box,Case48_9.h5,147456,540,137280,2880,0.003662109375,0.9309895833333334,0.01953125,1.0,0.1875,0.0,1.0
prostate,client6,Domain6,box,Case49_10.h5,147456,832,136192,4850,0.005642361111111111,0.9236111111111112,0.032891167534722224,1.0,0.17154639175257733,0.0,1.0
prostate,client6,Domain6,box,Case49_11.h5,147456,884,135272,5361,0.005995008680555556,0.9173719618055556,0.036356608072916664,1.0,0.16489460921469876,0.0,1.0
prostate,client6,Domain6,box,Case49_12.h5,147456,952,135507,5503,0.006456163194444444,0.9189656575520834,0.03731960720486111,1.0,0.17299654733781575,0.0,1.0
prostate,client6,Domain6,box,Case49_13.h5,147456,782,136534,4799,0.005303276909722222,0.9259304470486112,0.03254530164930555,1.0,0.1629506147113982,0.0,1.0
prostate,client6,Domain6,box,Case49_14.h5,147456,720,136708,3847,0.0048828125,0.9271104600694444,0.026089138454861112,1.0,0.18715882505848713,0.0,1.0
prostate,client6,Domain6,box,Case49_4.h5,147456,160,142336,1433,0.0010850694444444445,0.9652777777777778,0.009718153211805556,1.0,0.11165387299371947,0.0,1.0
prostate,client6,Domain6,box,Case49_5.h5,147456,400,139417,2079,0.002712673611111111,0.9454820421006944,0.01409912109375,1.0,0.1924001924001924,0.0225,0.9775
prostate,client6,Domain6,box,Case49_6.h5,147456,528,139059,2592,0.0035807291666666665,0.94305419921875,0.017578125,1.0,0.2037037037037037,0.001893939393939394,0.9981060606060606
prostate,client6,Domain6,box,Case49_7.h5,147456,480,139456,2668,0.0032552083333333335,0.9457465277777778,0.018093532986111112,1.0,0.17991004497751126,0.0,1.0
prostate,client6,Domain6,box,Case49_8.h5,147456,616,138182,3406,0.004177517361111111,0.9371066623263888,0.023098415798611112,1.0,0.180857310628303,0.0,1.0
prostate,client6,Domain6,box,Case49_9.h5,147456,720,137496,3870,0.0048828125,0.9324544270833334,0.0262451171875,1.0,0.18604651162790697,0.0,1.0
