round,client,confidence_mean,need_mean,source_file,slot_0,slot_1,slot_2,slot_3
50,0,0.37069,0.62931,client0.log,0.2681,0.3183,0.4343,0.462
50,1,0.388581,0.611419,client1.log,0.4783,0.5333,0.2051,0.3377
50,2,0.375869,0.624131,client2.log,0.2616,0.4904,0.3182,0.4332
50,3,0.364945,0.635055,client3.log,0.3525,0.3513,0.359,0.3969
50,4,0.374681,0.625319,client4.log,0.492,0.4137,0.3058,0.2873
100,0,0.36532,0.63468,client0.log,0.331,0.3462,0.4355,0.3485
100,1,0.373299,0.626701,client1.log,0.3948,0.2691,0.4705,0.3588
100,2,0.367387,0.632613,client2.log,0.319,0.4663,0.3231,0.3612
100,3,0.398309,0.601691,client3.log,0.1706,0.4708,0.4215,0.5303
100,4,0.367063,0.632937,client4.log,0.357,0.4052,0.3367,0.3694
150,0,0.386866,0.613134,client0.log,0.2014,0.3488,0.4975,0.4998
150,1,0.371118,0.628882,client1.log,0.4081,0.2773,0.3851,0.414
150,2,0.373187,0.626813,client2.log,0.3901,0.2667,0.427,0.4089
150,3,0.363964,0.636036,client3.log,0.4589,0.2917,0.3563,0.349
150,4,0.389673,0.610327,client4.log,0.604,0.4131,0.2992,0.2423
200,0,0.367505,0.632495,client0.log,0.2857,0.395,0.409,0.3804
200,1,0.384618,0.615382,client1.log,0.4554,0.2428,0.5438,0.2965
200,2,0.374884,0.625116,client2.log,0.5233,0.2876,0.3894,0.2992
200,3,0.368863,0.631137,client3.log,0.257,0.4561,0.355,0.4074
200,4,0.373662,0.626338,client4.log,0.3483,0.2608,0.468,0.4175
250,0,0.366393,0.633607,client0.log,0.3865,0.3536,0.3891,0.3363
250,1,0.370198,0.629802,client1.log,0.4349,0.3874,0.3649,0.2935
250,2,0.381048,0.618952,client2.log,0.282,0.5117,0.2771,0.4534
250,3,0.369832,0.630168,client3.log,0.4351,0.3059,0.4317,0.3067
250,4,0.368365,0.631635,client4.log,0.3666,0.3077,0.4294,0.3697
300,0,0.365299,0.634701,client0.log,0.4015,0.3359,0.3786,0.3452
300,1,0.386133,0.613868,client1.log,0.3758,0.5123,0.2062,0.4502
300,2,0.377208,0.622792,client2.log,0.3341,0.4571,0.2631,0.4544
300,3,0.376295,0.623705,client3.log,0.4879,0.3939,0.3663,0.2571
300,4,0.368548,0.631452,client4.log,0.3655,0.3716,0.4201,0.3171
350,0,0.364096,0.635904,client0.log,0.3904,0.3577,0.3891,0.3192
350,1,0.371004,0.628996,client1.log,0.4302,0.3242,0.4216,0.3081
350,2,0.36682,0.63318,client2.log,0.3494,0.3548,0.3887,0.3744
350,3,0.367912,0.632088,client3.log,0.3515,0.3316,0.3978,0.3908
350,4,0.370524,0.629476,client4.log,0.3256,0.3092,0.4591,0.3883
400,0,0.371922,0.628078,client0.log,0.4402,0.3142,0.4334,0.2999
400,1,0.373475,0.626525,client1.log,0.4356,0.4232,0.3691,0.266
400,2,0.398656,0.601344,client2.log,0.5349,0.187,0.5365,0.3362
400,3,0.370858,0.629142,client3.log,0.4347,0.3289,0.4109,0.309
400,4,0.367507,0.632493,client4.log,0.4074,0.3374,0.3836,0.3416
450,0,0.375665,0.624335,client0.log,0.4997,0.3116,0.4197,0.2717
450,1,0.371377,0.628623,client1.log,0.4323,0.4049,0.3666,0.2817
450,2,0.378291,0.621709,client2.log,0.2668,0.5036,0.3192,0.4236
450,3,0.377815,0.622185,client3.log,0.3509,0.5421,0.3115,0.3067
450,4,0.369511,0.630489,client4.log,0.4601,0.316,0.3602,0.3417
500,0,0.366278,0.633722,client0.log,0.3984,0.3339,0.4085,0.3243
500,1,0.369303,0.630697,client1.log,0.4275,0.3872,0.3074,0.3552
500,2,0.37653,0.62347,client2.log,0.3167,0.4826,0.2775,0.4294
500,3,0.368247,0.631753,client3.log,0.3489,0.3928,0.3348,0.3964
500,4,0.372433,0.627567,client4.log,0.3106,0.4358,0.3071,0.4363
550,0,0.362724,0.637276,client0.log,0.3582,0.363,0.3493,0.3805
550,1,0.367182,0.632818,client1.log,0.3515,0.3675,0.3981,0.3517
550,2,0.379457,0.620543,client2.log,0.4956,0.3008,0.4504,0.2709
550,3,0.371515,0.628485,client3.log,0.3647,0.4276,0.2876,0.4062
550,4,0.367612,0.632388,client4.log,0.3512,0.4019,0.3376,0.3797
600,0,0.367242,0.632758,client0.log,0.3872,0.3187,0.411,0.352
600,1,0.371548,0.628452,client1.log,0.3623,0.4375,0.2842,0.4021
600,2,0.376716,0.623284,client2.log,0.4867,0.3077,0.4291,0.2833
600,3,0.369964,0.630036,client3.log,0.366,0.3492,0.442,0.3226
600,4,0.371511,0.628489,client4.log,0.4106,0.4497,0.3122,0.3136
650,0,0.36355,0.63645,client0.log,0.3692,0.3726,0.3519,0.3606
650,1,0.38059,0.61941,client1.log,0.4844,0.2704,0.4799,0.2876
650,2,0.379069,0.620931,client2.log,0.3346,0.4456,0.2522,0.4839
650,3,0.368945,0.631055,client3.log,0.3309,0.4079,0.3427,0.3943
650,4,0.369956,0.630044,client4.log,0.3623,0.4489,0.3314,0.3373
700,0,0.366225,0.633775,client0.log,0.3376,0.3955,0.3273,0.4045
700,1,0.368196,0.631804,client1.log,0.4235,0.3443,0.3709,0.334
700,2,0.368976,0.631024,client2.log,0.4185,0.3417,0.391,0.3247
700,3,0.368384,0.631616,client3.log,0.3443,0.3634,0.4141,0.3517
700,4,0.366833,0.633167,client4.log,0.365,0.3671,0.3729,0.3623
750,0,0.374298,0.625702,client0.log,0.2925,0.4527,0.2948,0.4572
750,1,0.367822,0.632178,client1.log,0.3613,0.3376,0.3967,0.3757
750,2,0.368255,0.631745,client2.log,0.3884,0.353,0.4016,0.33
750,3,0.379162,0.620838,client3.log,0.4809,0.2795,0.4658,0.2904
750,4,0.368213,0.631787,client4.log,0.3667,0.3214,0.3968,0.388
800,0,0.366273,0.633727,client0.log,0.3765,0.3464,0.3826,0.3596
800,1,0.372578,0.627422,client1.log,0.4457,0.3138,0.4263,0.3044
800,2,0.368547,0.631453,client2.log,0.34,0.4008,0.3294,0.404
800,3,0.367774,0.632226,client3.log,0.3869,0.3581,0.3836,0.3425
800,4,0.4104,0.5896,client4.log,0.5931,0.2251,0.5955,0.2279
850,0,0.366304,0.633696,client0.log,0.3366,0.3891,0.3427,0.3968
850,1,0.371277,0.628723,client1.log,0.4119,0.3015,0.4435,0.3283
850,2,0.367976,0.632024,client2.log,0.3923,0.3412,0.3909,0.3475
850,3,0.375658,0.624342,client3.log,0.2934,0.4604,0.3011,0.4478
850,4,0.367111,0.632889,client4.log,0.3685,0.3497,0.3805,0.3697
900,0,0.370392,0.629608,client0.log,0.3179,0.4218,0.3118,0.4301
900,1,0.367613,0.632387,client1.log,0.3347,0.3868,0.3533,0.3957
900,2,0.375393,0.624607,client2.log,0.4521,0.3002,0.4524,0.2969
900,3,0.375623,0.624377,client3.log,0.4664,0.3065,0.439,0.2906
900,4,0.369261,0.630739,client4.log,0.327,0.4217,0.3291,0.3993
950,0,0.366382,0.633618,client0.log,0.358,0.3754,0.3591,0.373
950,1,0.367819,0.632181,client1.log,0.3569,0.3891,0.336,0.3893
950,2,0.366936,0.633064,client2.log,0.3688,0.3622,0.3703,0.3665
950,3,0.367787,0.632213,client3.log,0.3943,0.3577,0.3588,0.3603
950,4,0.367347,0.632653,client4.log,0.3858,0.35,0.3749,0.3587
1000,0,0.387617,0.612383,client0.log,0.262,0.5083,0.2612,0.519
1000,1,0.368892,0.631108,client1.log,0.4122,0.3268,0.404,0.3326
1000,2,0.370129,0.629871,client2.log,0.325,0.4103,0.3283,0.417
1000,3,0.370338,0.629662,client3.log,0.3216,0.415,0.3212,0.4235
1000,4,0.373657,0.626343,client4.log,0.3128,0.4549,0.2961,0.4308
1050,0,0.371266,0.628734,client0.log,0.3204,0.4281,0.3068,0.4298
1050,1,0.37625,0.62375,client1.log,0.2768,0.4636,0.3111,0.4536
1050,2,0.3674,0.6326,client2.log,0.373,0.3665,0.3676,0.3624
1050,3,0.373151,0.626849,client3.log,0.3026,0.4251,0.3153,0.4497
1050,4,0.372543,0.627457,client4.log,0.3,0.4457,0.3185,0.4259
1100,0,0.365997,0.634003,client0.log,0.3487,0.3787,0.3506,0.386
1100,1,0.372251,0.627749,client1.log,0.3923,0.4586,0.2896,0.3485
1100,2,0.368082,0.631918,client2.log,0.3349,0.3951,0.3421,0.4002
1100,3,0.368978,0.631022,client3.log,0.4005,0.34,0.4047,0.3307
1100,4,0.367313,0.632687,client4.log,0.3773,0.3518,0.3731,0.367
1150,0,0.371399,0.628601,client0.log,0.4304,0.3143,0.4291,0.3117
1150,1,0.370847,0.629153,client1.log,0.4388,0.3409,0.4041,0.2996
1150,2,0.374538,0.625462,client2.log,0.2995,0.4473,0.3031,0.4484
1150,3,0.374106,0.625893,client3.log,0.4422,0.3081,0.447,0.2991
1150,4,0.373411,0.626589,client4.log,0.4475,0.3135,0.4339,0.2987
1200,0,0.366113,0.633887,client0.log,0.3557,0.3754,0.3538,0.3795
1200,1,0.374544,0.625456,client1.log,0.4774,0.3788,0.3699,0.2721
1200,2,0.368371,0.631629,client2.log,0.3389,0.3965,0.346,0.392
1200,3,0.367767,0.632233,client3.log,0.3788,0.3736,0.3735,0.3452
1200,4,0.36641,0.63359,client4.log,0.3573,0.3797,0.3538,0.3749
1250,0,0.381702,0.618298,client0.log,0.2706,0.4881,0.2763,0.4918
1250,1,0.367318,0.632682,client1.log,0.3635,0.3838,0.3462,0.3758
1250,2,0.368749,0.631251,client2.log,0.3985,0.338,0.4004,0.3381
1250,3,0.379745,0.620255,client3.log,0.287,0.477,0.2818,0.4733
1250,4,0.367281,0.632719,client4.log,0.365,0.38,0.354,0.3702
1300,0,0.368082,0.631918,client0.log,0.4067,0.3253,0.4093,0.331
1300,1,0.37463,0.62537,client1.log,0.4506,0.3015,0.4486,0.2977
1300,2,0.368234,0.631766,client2.log,0.3922,0.3487,0.3894,0.3427
1300,3,0.367438,0.632562,client3.log,0.365,0.3779,0.3605,0.3663
1300,4,0.368566,0.631434,client4.log,0.3988,0.359,0.398,0.3185
1350,0,0.384888,0.615112,client0.log,0.5126,0.2708,0.4924,0.2637
1350,1,0.368273,0.631727,client1.log,0.401,0.3338,0.3977,0.3407
1350,2,0.375272,0.624728,client2.log,0.298,0.4447,0.3017,0.4567
1350,3,0.367698,0.632302,client3.log,0.3822,0.3601,0.3723,0.3561
1350,4,0.366892,0.633108,client4.log,0.3782,0.3543,0.3791,0.3559
1400,0,0.368677,0.631323,client0.log,0.3311,0.4093,0.3263,0.408
1400,1,0.367363,0.632637,client1.log,0.3407,0.36,0.3762,0.3926
1400,2,0.368823,0.631177,client2.log,0.3362,0.3997,0.3395,0.3999
1400,3,0.371742,0.628258,client3.log,0.4315,0.3083,0.4239,0.3233
1400,4,0.367457,0.632543,client4.log,0.3632,0.3822,0.3514,0.3731
1450,0,0.370515,0.629485,client0.log,0.4213,0.3194,0.4236,0.3177
1450,1,0.370241,0.629759,client1.log,0.3357,0.4195,0.3095,0.4162
1450,2,0.403226,0.596774,client2.log,0.2418,0.5675,0.2333,0.5703
1450,3,0.369428,0.630572,client3.log,0.4067,0.3274,0.409,0.3346
1450,4,0.39243,0.60757,client4.log,0.5324,0.2588,0.5299,0.2487
1500,0,0.366672,0.633328,client0.log,0.3479,0.3822,0.353,0.3835
1500,1,0.367221,0.632779,client1.log,0.3604,0.3546,0.3847,0.3692
1500,2,0.367637,0.632363,client2.log,0.3645,0.3692,0.37,0.3668
1500,3,0.368789,0.631211,client3.log,0.3983,0.3355,0.3993,0.342
1500,4,0.377528,0.622472,client4.log,0.4739,0.2877,0.4576,0.2909
1550,0,0.368678,0.631322,client0.log,0.3238,0.4099,0.3282,0.4129
1550,1,0.376419,0.623581,client1.log,0.4586,0.2994,0.4594,0.2882
1550,2,0.370656,0.629344,client2.log,0.3269,0.4212,0.3161,0.4184
1550,3,0.368144,0.631856,client3.log,0.3502,0.3897,0.3439,0.3887
1550,4,0.369142,0.630858,client4.log,0.3396,0.4074,0.3244,0.4051
1600,0,0.366045,0.633955,client0.log,0.3518,0.3677,0.3578,0.3868
1600,1,0.369205,0.630795,client1.log,0.4231,0.339,0.3908,0.3239
1600,2,0.367538,0.632462,client2.log,0.3726,0.3597,0.3782,0.3596
1600,3,0.374245,0.625755,client3.log,0.3107,0.4457,0.2968,0.4439
1600,4,0.369326,0.630674,client4.log,0.4109,0.3392,0.4022,0.3251
1650,0,0.367958,0.632042,client0.log,0.3273,0.3935,0.3453,0.4058
1650,1,0.367137,0.632863,client1.log,0.3786,0.3675,0.3697,0.3528
1650,2,0.370251,0.629749,client2.log,0.4205,0.3234,0.4085,0.3287
1650,3,0.368084,0.631916,client3.log,0.3504,0.4017,0.3438,0.3765
1650,4,0.367386,0.632614,client4.log,0.3658,0.3665,0.3645,0.3727
1700,0,0.367218,0.632782,client0.log,0.3776,0.3539,0.3794,0.3579
1700,1,0.374518,0.625482,client1.log,0.3056,0.4531,0.2978,0.4417
1700,2,0.367639,0.632361,client2.log,0.3717,0.3545,0.3785,0.3658
1700,3,0.367637,0.632363,client3.log,0.3616,0.3789,0.3546,0.3754
1700,4,0.368946,0.631054,client4.log,0.4006,0.3369,0.4093,0.3289
1750,0,0.376368,0.623632,client0.log,0.2907,0.4555,0.2969,0.4623
1750,1,0.37638,0.62362,client1.log,0.4711,0.3077,0.4444,0.2823
1750,2,0.381215,0.618786,client2.log,0.2792,0.4859,0.2808,0.4789
1750,3,0.371136,0.628864,client3.log,0.3243,0.424,0.3159,0.4203
1750,4,0.369121,0.630879,client4.log,0.4215,0.3454,0.3854,0.3241
1800,0,0.369296,0.630704,client0.log,0.3156,0.4047,0.3331,0.4238
1800,1,0.36919,0.63081,client1.log,0.4114,0.3184,0.4009,0.346
1800,2,0.369656,0.630344,client2.log,0.4108,0.3335,0.4076,0.3267
1800,3,0.369013,0.630987,client3.log,0.4104,0.3366,0.3923,0.3367
1800,4,0.375701,0.624299,client4.log,0.2995,0.4528,0.2932,0.4573
1850,0,0.366413,0.633586,client0.log,0.3555,0.3723,0.3604,0.3775
1850,1,0.367498,0.632502,client1.log,0.3582,0.3797,0.3603,0.3717
1850,2,0.368905,0.631095,client2.log,0.3991,0.3344,0.4019,0.3402
1850,3,0.368949,0.631051,client3.log,0.3328,0.3996,0.3394,0.404
1850,4,0.375621,0.624379,client4.log,0.2927,0.4433,0.3002,0.4663
1900,0,0.365159,0.634841,client0.log,0.3682,0.3523,0.376,0.3641
1900,1,0.384192,0.615808,client1.log,0.2841,0.5124,0.2601,0.4802
1900,2,0.371162,0.628838,client2.log,0.3187,0.4298,0.3207,0.4155
1900,3,0.371327,0.628673,client3.log,0.4277,0.3171,0.4217,0.3187
1900,4,0.393546,0.606454,client4.log,0.2412,0.5245,0.2637,0.5448
1950,0,0.367543,0.632457,client0.log,0.3557,0.3847,0.3388,0.391
1950,1,0.378988,0.621012,client1.log,0.2881,0.4617,0.2844,0.4818
1950,2,0.367368,0.632632,client2.log,0.3636,0.369,0.3619,0.375
1950,3,0.371676,0.628324,client3.log,0.4398,0.3266,0.4118,0.3086
1950,4,0.385788,0.614212,client4.log,0.504,0.2713,0.5034,0.2644
2000,0,0.367774,0.632226,client0.log,0.3918,0.3417,0.3943,0.3433
2000,1,0.374728,0.625272,client1.log,0.2962,0.4495,0.3054,0.4478
2000,2,0.389048,0.610952,client2.log,0.5165,0.2626,0.5184,0.2586
2000,3,0.370842,0.629158,client3.log,0.3241,0.4226,0.3193,0.4173
2000,4,0.36737,0.63263,client4.log,0.3719,0.3581,0.3718,0.3677
2050,0,0.369152,0.630848,client0.log,0.3223,0.4212,0.3189,0.4142
2050,1,0.367887,0.632113,client1.log,0.3634,0.3896,0.3426,0.3759
2050,2,0.374271,0.625729,client2.log,0.3043,0.4383,0.3041,0.4503
2050,3,0.377276,0.622724,client3.log,0.2993,0.472,0.2853,0.4525
2050,4,0.368148,0.631852,client4.log,0.3905,0.3451,0.3923,0.3446
2100,0,0.367675,0.632325,client0.log,0.3526,0.3777,0.3384,0.402
2100,1,0.373647,0.626353,client1.log,0.3064,0.4366,0.3039,0.4477
2100,2,0.373559,0.626441,client2.log,0.4377,0.3047,0.4419,0.3099
2100,3,0.370014,0.629986,client3.log,0.3351,0.4189,0.3205,0.4055
2100,4,0.370059,0.629941,client4.log,0.329,0.412,0.3201,0.4192
2150,0,0.367108,0.632892,client0.log,0.3546,0.3739,0.3618,0.3781
2150,1,0.367441,0.632559,client1.log,0.3638,0.3593,0.3784,0.3682
2150,2,0.367674,0.632326,client2.log,0.363,0.3724,0.3656,0.3696
2150,3,0.367604,0.632396,client3.log,0.3603,0.3681,0.3654,0.3766
2150,4,0.36922,0.63078,client4.log,0.4117,0.3351,0.3979,0.3322
2200,0,0.366596,0.633404,client0.log,0.3586,0.3496,0.3805,0.3778
2200,1,0.367667,0.632333,client1.log,0.3562,0.3872,0.341,0.3862
2200,2,0.375873,0.624127,client2.log,0.4564,0.298,0.4513,0.2979
2200,3,0.381894,0.618106,client3.log,0.4827,0.2781,0.4889,0.2779
2200,4,0.375203,0.624797,client4.log,0.4551,0.2928,0.4484,0.3044
2250,0,0.374671,0.625329,client0.log,0.4273,0.2942,0.4711,0.3062
2250,1,0.379676,0.620324,client1.log,0.4949,0.2991,0.4544,0.2703
2250,2,0.376484,0.623516,client2.log,0.2924,0.4554,0.2987,0.4595
2250,3,0.36778,0.63222,client3.log,0.3561,0.3845,0.3546,0.376
2250,4,0.367406,0.632594,client4.log,0.3727,0.3656,0.3743,0.3571
2300,0,0.365939,0.634061,client0.log,0.3818,0.3483,0.3791,0.3545
2300,1,0.369593,0.630407,client1.log,0.4031,0.331,0.4152,0.3291
2300,2,0.368229,0.631771,client2.log,0.3477,0.3873,0.3477,0.3902
2300,3,0.368143,0.631857,client3.log,0.3485,0.3915,0.3459,0.3867
2300,4,0.440798,0.559202,client4.log,0.6946,0.2056,0.6737,0.1893
2350,0,0.366842,0.633158,client0.log,0.3553,0.3619,0.3698,0.3803
2350,1,0.383112,0.616888,client1.log,0.4903,0.2847,0.4919,0.2656
2350,2,0.372449,0.627551,client2.log,0.4311,0.312,0.4335,0.3132
2350,3,0.378112,0.621888,client3.log,0.4604,0.2818,0.4723,0.298
2350,4,0.37689,0.62311,client4.log,0.4666,0.3033,0.4555,0.2821
2400,0,0.38249,0.61751,client0.log,0.2654,0.4873,0.2831,0.4941
2400,1,0.369462,0.630538,client1.log,0.3175,0.3597,0.3655,0.4351
2400,2,0.37318,0.62682,client2.log,0.4335,0.3079,0.441,0.3104
2400,3,0.370025,0.629975,client3.log,0.4222,0.351,0.3949,0.312
2400,4,0.367414,0.632586,client4.log,0.3524,0.3857,0.3496,0.3819
2450,0,0.366821,0.633179,client0.log,0.3682,0.3617,0.3737,0.3637
2450,1,0.368413,0.631587,client1.log,0.3518,0.4142,0.333,0.3747
2450,2,0.386471,0.613529,client2.log,0.2667,0.5197,0.2663,0.4932
2450,3,0.368998,0.631002,client3.log,0.4039,0.336,0.3983,0.3378
2450,4,0.375211,0.624789,client4.log,0.2906,0.4275,0.3109,0.4719
2500,0,0.371177,0.628823,client0.log,0.4206,0.3066,0.4312,0.3264
2500,1,0.384161,0.615839,client1.log,0.2772,0.5027,0.2646,0.4922
2500,2,0.368906,0.631094,client2.log,0.3379,0.387,0.3413,0.4094
2500,3,0.36861,0.63139,client3.log,0.342,0.3891,0.3398,0.4035
2500,4,0.369428,0.630572,client4.log,0.3246,0.4047,0.334,0.4144
2550,0,0.380571,0.619429,client0.log,0.2744,0.4748,0.2855,0.4876
2550,1,0.367132,0.632868,client1.log,0.3633,0.3579,0.3832,0.3641
2550,2,0.371677,0.628323,client2.log,0.422,0.3087,0.431,0.325
2550,3,0.373527,0.626473,client3.log,0.3005,0.4434,0.3142,0.436
2550,4,0.368674,0.631326,client4.log,0.4171,0.34,0.3806,0.337
2600,0,0.399129,0.60087,client0.log,0.568,0.2402,0.5446,0.2438
2600,1,0.367696,0.632304,client1.log,0.3872,0.3504,0.3814,0.3518
2600,2,0.36859,0.63141,client2.log,0.3886,0.3366,0.404,0.3451
2600,3,0.371221,0.628779,client3.log,0.4408,0.3339,0.4008,0.3095
2600,4,0.368388,0.631612,client4.log,0.3357,0.395,0.3456,0.3973
2650,0,0.367829,0.632171,client0.log,0.3826,0.3336,0.4044,0.3507
2650,1,0.371675,0.628325,client1.log,0.3081,0.4217,0.3193,0.4376
2650,2,0.367754,0.632246,client2.log,0.3543,0.3699,0.3675,0.3793
2650,3,0.368054,0.631946,client3.log,0.395,0.3746,0.3651,0.3375
2650,4,0.368267,0.631733,client4.log,0.3955,0.3448,0.3946,0.3382
2700,0,0.366935,0.633065,client0.log,0.3641,0.3486,0.3926,0.3625
2700,1,0.367365,0.632635,client1.log,0.3791,0.3458,0.3648,0.3797
2700,2,0.367812,0.632189,client2.log,0.3871,0.363,0.3667,0.3545
2700,3,0.368099,0.631901,client3.log,0.344,0.3766,0.3554,0.3965
2700,4,0.368321,0.631679,client4.log,0.3978,0.3565,0.3869,0.3321
2750,0,0.371188,0.628812,client0.log,0.4075,0.3053,0.4443,0.3277
2750,1,0.369367,0.630633,client1.log,0.3991,0.3148,0.4158,0.3478
2750,2,0.368222,0.631778,client2.log,0.3524,0.4017,0.3408,0.378
2750,3,0.375946,0.624054,client3.log,0.3099,0.4681,0.2865,0.4393
2750,4,0.366605,0.633395,client4.log,0.3652,0.3866,0.3445,0.3702
2800,0,0.36827,0.63173,client0.log,0.3829,0.3309,0.4067,0.3527
2800,1,0.373836,0.626164,client1.log,0.314,0.4216,0.2956,0.4641
2800,2,0.367522,0.632478,client2.log,0.3658,0.3819,0.356,0.3664
2800,3,0.36935,0.63065,client3.log,0.4122,0.3893,0.3589,0.3169
2800,4,0.371852,0.628148,client4.log,0.298,0.3855,0.3426,0.4614
2850,0,0.368464,0.631536,client0.log,0.3514,0.4131,0.3262,0.3831
2850,1,0.367543,0.632457,client1.log,0.3842,0.3824,0.3474,0.3562
2850,2,0.368908,0.631092,client2.log,0.3305,0.4006,0.3428,0.4016
2850,3,0.370444,0.629556,client3.log,0.3639,0.4432,0.3134,0.3613
2850,4,0.368915,0.631085,client4.log,0.345,0.4095,0.3268,0.3943
2900,0,0.375291,0.624709,client0.log,0.4386,0.2818,0.4636,0.3172
2900,1,0.370191,0.629809,client1.log,0.394,0.3054,0.4349,0.3465
2900,2,0.369381,0.630619,client2.log,0.3236,0.3905,0.3453,0.4181
2900,3,0.368573,0.631427,client3.log,0.3489,0.3941,0.3361,0.3952
2900,4,0.36795,0.63205,client4.log,0.3664,0.404,0.3489,0.3525
2950,0,0.370478,0.629522,client0.log,0.3218,0.4239,0.3181,0.4182
2950,1,0.367407,0.632593,client1.log,0.3784,0.3395,0.3916,0.36
2950,2,0.373399,0.626601,client2.log,0.3354,0.4604,0.2907,0.407
2950,3,0.371384,0.628616,client3.log,0.3018,0.3946,0.3459,0.4432
2950,4,0.367575,0.632425,client4.log,0.3728,0.3491,0.39,0.3583
3000,0,0.367623,0.632377,client0.log,0.3379,0.3814,0.3591,0.3921
3000,1,0.370573,0.629427,client1.log,0.3095,0.4187,0.3254,0.4287
3000,2,0.375955,0.624045,client2.log,0.3051,0.4546,0.2899,0.4542
3000,3,0.394412,0.605588,client3.log,0.5429,0.2605,0.5317,0.2425
3000,4,0.368673,0.631327,client4.log,0.3433,0.3952,0.3332,0.403
3050,0,0.3673,0.6327,client0.log,0.3537,0.3694,0.3616,0.3845
3050,1,0.371352,0.628648,client1.log,0.3035,0.4184,0.329,0.4345
3050,2,0.371595,0.628405,client2.log,0.3355,0.4403,0.3047,0.4059
3050,3,0.368038,0.631962,client3.log,0.3885,0.3516,0.3813,0.3507
3050,4,0.368014,0.631986,client4.log,0.3563,0.3963,0.3389,0.3806
3100,0,0.369024,0.630976,client0.log,0.3917,0.3122,0.4234,0.3488
3100,1,0.370997,0.629003,client1.log,0.31,0.4281,0.3263,0.4196
3100,2,0.380028,0.619972,client2.log,0.2819,0.4757,0.2853,0.4771
3100,3,0.372137,0.627863,client3.log,0.312,0.4145,0.3164,0.4456
3100,4,0.368516,0.631484,client4.log,0.3283,0.3725,0.3637,0.4096
3150,0,0.371799,0.628201,client0.log,0.4089,0.3005,0.4504,0.3274
3150,1,0.385779,0.614221,client1.log,0.272,0.5086,0.2628,0.4998
3150,2,0.367681,0.632319,client2.log,0.3635,0.3587,0.3813,0.3672
3150,3,0.368834,0.631166,client3.log,0.4041,0.3878,0.3562,0.3274
3150,4,0.372976,0.627024,client4.log,0.3205,0.4585,0.3002,0.4128
3200,0,0.370898,0.629102,client0.log,0.3876,0.3126,0.4542,0.3291
3200,1,0.367394,0.632606,client1.log,0.3986,0.3625,0.3548,0.3536
3200,2,0.3681,0.6319,client2.log,0.3475,0.3859,0.3476,0.3914
3200,3,0.393931,0.606069,client3.log,0.5499,0.2644,0.5197,0.2417
3200,4,0.369946,0.630054,client4.log,0.4127,0.3192,0.4218,0.3261
3250,0,0.368795,0.631205,client0.log,0.3388,0.4097,0.3293,0.3974
3250,1,0.368603,0.631397,client1.log,0.4006,0.3463,0.3966,0.3309
3250,2,0.367641,0.632359,client2.log,0.3604,0.3817,0.3574,0.3711
3250,3,0.377642,0.622358,client3.log,0.4807,0.2971,0.4464,0.2864
3250,4,0.380801,0.619199,client4.log,0.3006,0.4747,0.2633,0.4846
3300,0,0.394436,0.605564,client0.log,0.5185,0.2283,0.5541,0.2768
3300,1,0.373844,0.626156,client1.log,0.4305,0.3536,0.4391,0.2722
3300,2,0.368348,0.631652,client2.log,0.337,0.3814,0.3567,0.3983
3300,3,0.369443,0.630557,client3.log,0.4199,0.3358,0.3898,0.3323
3300,4,0.367227,0.632773,client4.log,0.366,0.3588,0.3794,0.3648
3350,0,0.372286,0.627714,client0.log,0.298,0.4168,0.3258,0.4486
3350,1,0.369444,0.630556,client1.log,0.4143,0.3265,0.4036,0.3333
3350,2,0.368888,0.631112,client2.log,0.3401,0.4026,0.3376,0.3953
3350,3,0.367735,0.632265,client3.log,0.3535,0.3815,0.3663,0.3696
3350,4,0.369728,0.630272,client4.log,0.3245,0.404,0.3322,0.4182
3400,0,0.37095,0.62905,client0.log,0.3158,0.4208,0.3187,0.4285
3400,1,0.369943,0.630057,client1.log,0.4116,0.3187,0.4155,0.3341
3400,2,0.370094,0.629906,client2.log,0.3314,0.4077,0.3239,0.4174
3400,3,0.368202,0.631798,client3.log,0.399,0.3524,0.3739,0.3476
3400,4,0.368696,0.631304,client4.log,0.3263,0.3907,0.3503,0.4075
3450,0,0.368451,0.631549,client0.log,0.3215,0.3961,0.3509,0.4053
3450,1,0.373583,0.626417,client1.log,0.4652,0.2998,0.4139,0.3154
3450,2,0.369826,0.630174,client2.log,0.3186,0.41,0.3428,0.4079
3450,3,0.368046,0.631954,client3.log,0.3708,0.3395,0.3886,0.3733
3450,4,0.376273,0.623727,client4.log,0.4668,0.2966,0.4502,0.2915
3500,0,0.369465,0.630535,client0.log,0.4028,0.3219,0.4194,0.3337
3500,1,0.367692,0.632308,client1.log,0.368,0.3464,0.394,0.3623
3500,2,0.369032,0.630968,client2.log,0.407,0.3497,0.392,0.3274
3500,3,0.369404,0.630596,client3.log,0.4059,0.3827,0.3777,0.3113
3500,4,0.373312,0.626688,client4.log,0.4551,0.3154,0.4228,0.2999
3550,0,0.367156,0.632844,client0.log,0.3602,0.3633,0.3745,0.3706
3550,1,0.378461,0.621539,client1.log,0.4613,0.2893,0.4772,0.286
3550,2,0.368271,0.631729,client2.log,0.3706,0.3392,0.3978,0.3654
3550,3,0.378005,0.621995,client3.log,0.2821,0.4672,0.2985,0.4642
3550,4,0.375654,0.624346,client4.log,0.465,0.3164,0.4407,0.2805
3600,0,0.379794,0.620206,client0.log,0.2706,0.4787,0.2941,0.4757
3600,1,0.387709,0.612291,client1.log,0.509,0.26,0.5159,0.266
3600,2,0.369995,0.630005,client2.log,0.3876,0.3205,0.4304,0.3415
3600,3,0.367995,0.632005,client3.log,0.3401,0.3752,0.3714,0.3853
3600,4,0.374292,0.625708,client4.log,0.4841,0.3435,0.3848,0.2847
3650,0,0.369987,0.630013,client0.log,0.43,0.3337,0.4031,0.3132
3650,1,0.368029,0.631971,client1.log,0.3439,0.3959,0.343,0.3893
3650,2,0.368493,0.631507,client2.log,0.3341,0.3873,0.354,0.3986
3650,3,0.381092,0.618908,client3.log,0.464,0.286,0.4979,0.2765
3650,4,0.374506,0.625494,client4.log,0.3053,0.4415,0.2979,0.4533
3700,0,0.369878,0.630122,client0.log,0.4324,0.3336,0.4002,0.3132
3700,1,0.369712,0.630288,client1.log,0.3749,0.3181,0.4455,0.3403
3700,2,0.370139,0.629861,client2.log,0.3144,0.3969,0.3448,0.4244
3700,3,0.368366,0.631634,client3.log,0.3385,0.3979,0.3567,0.3804
3700,4,0.367689,0.632311,client4.log,0.3601,0.3758,0.3484,0.3865
3750,0,0.366794,0.633206,client0.log,0.3585,0.3646,0.371,0.373
3750,1,0.368525,0.631475,client1.log,0.3477,0.406,0.3311,0.3893
3750,2,0.376988,0.623012,client2.log,0.4572,0.2697,0.458,0.3231
3750,3,0.368344,0.631656,client3.log,0.3681,0.4058,0.3549,0.3446
3750,4,0.367299,0.632701,client4.log,0.357,0.3714,0.3644,0.3764
3800,0,0.367415,0.632585,client0.log,0.3694,0.3437,0.3856,0.3709
3800,1,0.367485,0.632515,client1.log,0.3743,0.3865,0.3485,0.3606
3800,2,0.368389,0.631611,client2.log,0.3937,0.375,0.3768,0.3281
3800,3,0.370352,0.629648,client3.log,0.4226,0.3352,0.4055,0.3181
3800,4,0.368012,0.631988,client4.log,0.338,0.3805,0.3584,0.3952
3850,0,0.396584,0.603416,client0.log,0.2563,0.5321,0.2385,0.5594
3850,1,0.36992,0.63008,client1.log,0.4309,0.3461,0.3882,0.3145
3850,2,0.368666,0.631334,client2.log,0.3362,0.397,0.3465,0.3949
3850,3,0.369614,0.630386,client3.log,0.3256,0.3858,0.3414,0.4257
3850,4,0.369195,0.630805,client4.log,0.4222,0.3572,0.3786,0.3189
3900,0,0.367375,0.632625,client0.log,0.3763,0.3418,0.355,0.3964
3900,1,0.36777,0.63223,client1.log,0.3475,0.3932,0.3516,0.3788
3900,2,0.368966,0.631034,client2.log,0.3882,0.3354,0.4116,0.3407
3900,3,0.370492,0.629508,client3.log,0.3386,0.3171,0.4363,0.39
3900,4,0.372233,0.627767,client4.log,0.4,0.2944,0.4537,0.3408
3950,0,0.368167,0.631833,client0.log,0.3994,0.3313,0.3935,0.3484
3950,1,0.380234,0.619766,client1.log,0.2763,0.4609,0.282,0.5017
3950,2,0.374232,0.625768,client2.log,0.4566,0.3099,0.4304,0.3
3950,3,0.377813,0.622187,client3.log,0.4791,0.3136,0.4462,0.2724
3950,4,0.369454,0.630546,client4.log,0.4112,0.3626,0.3965,0.3075
4000,0,0.407562,0.592438,client0.log,0.6212,0.2287,0.5469,0.2335
4000,1,0.37229,0.62771,client1.log,0.3131,0.4261,0.3089,0.441
4000,2,0.368639,0.631361,client2.log,0.333,0.3801,0.3571,0.4043
4000,3,0.367622,0.632378,client3.log,0.3546,0.3742,0.3671,0.3746
4000,4,0.378008,0.621992,client4.log,0.2843,0.4646,0.2946,0.4686
4050,0,0.36788,0.63212,client0.log,0.3395,0.3676,0.3609,0.4035
4050,1,0.368813,0.631187,client1.log,0.3443,0.4132,0.3275,0.3902
4050,2,0.368863,0.631137,client2.log,0.3213,0.4001,0.3623,0.3917
4050,3,0.370104,0.629896,client3.log,0.3103,0.4143,0.3524,0.4034
4050,4,0.367607,0.632393,client4.log,0.3846,0.3563,0.3559,0.3737
4100,0,0.387035,0.612965,client0.log,0.4944,0.2595,0.5243,0.2699
4100,1,0.369682,0.630318,client1.log,0.3187,0.3962,0.3388,0.425
4100,2,0.368793,0.631207,client2.log,0.3557,0.3996,0.3283,0.3915
4100,3,0.369039,0.630961,client3.log,0.3625,0.4176,0.3275,0.3685
4100,4,0.367603,0.632397,client4.log,0.3474,0.3713,0.3844,0.3674
4150,0,0.367339,0.632661,client0.log,0.3428,0.3852,0.3448,0.3966
4150,1,0.368202,0.631798,client1.log,0.4022,0.3427,0.3787,0.3492
4150,2,0.38382,0.61618,client2.log,0.526,0.2749,0.4598,0.2745
4150,3,0.368149,0.631851,client3.log,0.3629,0.3407,0.3893,0.3797
4150,4,0.368749,0.631251,client4.log,0.3758,0.3229,0.4138,0.3625
4200,0,0.368409,0.63159,client0.log,0.3381,0.4017,0.3352,0.3986
4200,1,0.367299,0.632701,client1.log,0.3667,0.3532,0.3785,0.3708
4200,2,0.373178,0.626822,client2.log,0.298,0.3994,0.3299,0.4655
4200,3,0.373141,0.626859,client3.log,0.2928,0.3894,0.3412,0.4691
4200,4,0.368999,0.631001,client4.log,0.3576,0.3195,0.3887,0.4103
4250,0,0.367025,0.632975,client0.log,0.3521,0.3725,0.3636,0.3799
4250,1,0.367952,0.632048,client1.log,0.3852,0.3882,0.3589,0.3395
4250,2,0.36842,0.63158,client2.log,0.3913,0.347,0.392,0.3433
4250,3,0.368096,0.631904,client3.log,0.3943,0.3667,0.3694,0.3421
4250,4,0.368215,0.631785,client4.log,0.3615,0.35,0.4129,0.3485
4300,0,0.37045,0.62955,client0.log,0.4216,0.3083,0.4276,0.3243
4300,1,0.367777,0.632223,client1.log,0.3888,0.3546,0.3487,0.379
4300,2,0.381343,0.618657,client2.log,0.274,0.4895,0.2869,0.475
4300,3,0.368952,0.631048,client3.log,0.3979,0.3216,0.39,0.3662
4300,4,0.367625,0.632375,client4.log,0.3832,0.365,0.3793,0.343
4350,0,0.375633,0.624367,client0.log,0.483,0.3027,0.4253,0.2916
4350,1,0.373003,0.626997,client1.log,0.4715,0.3436,0.3842,0.2927
4350,2,0.382542,0.617458,client2.log,0.2924,0.5075,0.2641,0.4661
4350,3,0.371312,0.628688,client3.log,0.4042,0.3316,0.4387,0.3107
4350,4,0.374221,0.62578,client4.log,0.3039,0.4517,0.3013,0.44
4400,0,0.369267,0.630733,client0.log,0.3471,0.3217,0.4331,0.3752
4400,1,0.375669,0.624331,client1.log,0.451,0.3012,0.4572,0.2932
4400,2,0.370582,0.629418,client2.log,0.4251,0.322,0.4094,0.3259
4400,3,0.368069,0.631931,client3.log,0.369,0.3526,0.396,0.3547
4400,4,0.370158,0.629842,client4.log,0.3293,0.4168,0.3189,0.4156
4450,0,0.372161,0.627839,client0.log,0.4062,0.3014,0.455,0.3261
4450,1,0.376451,0.623549,client1.log,0.2733,0.4714,0.3219,0.4393
4450,2,0.367971,0.632029,client2.log,0.3465,0.3675,0.3637,0.3942
4450,3,0.368013,0.631987,client3.log,0.348,0.3826,0.3559,0.3855
4450,4,0.374358,0.625642,client4.log,0.3216,0.4688,0.2896,0.4174
4500,0,0.367176,0.632824,client0.log,0.3691,0.3523,0.385,0.3623
4500,1,0.367513,0.632487,client1.log,0.3606,0.3711,0.387,0.3514
4500,2,0.383715,0.616285,client2.log,0.2671,0.4797,0.2808,0.5073
4500,3,0.368017,0.631983,client3.log,0.3889,0.3846,0.3482,0.3504
4500,4,0.369777,0.630223,client4.log,0.4068,0.3318,0.4162,0.3243
4550,0,0.372914,0.627086,client0.log,0.2909,0.4357,0.3237,0.4413
4550,1,0.367661,0.632339,client1.log,0.3489,0.3825,0.3551,0.3841
4550,2,0.368425,0.631575,client2.log,0.3529,0.3936,0.3373,0.3899
4550,3,0.376018,0.623982,client3.log,0.3024,0.4406,0.2933,0.4678
4550,4,0.367363,0.632637,client4.log,0.3625,0.3599,0.3719,0.3752
4600,0,0.372312,0.627688,client0.log,0.2906,0.3905,0.3458,0.4624
4600,1,0.367782,0.632218,client1.log,0.3589,0.3442,0.392,0.3761
4600,2,0.373286,0.626714,client2.log,0.2987,0.4239,0.3202,0.4504
4600,3,0.367957,0.632043,client3.log,0.3885,0.373,0.3637,0.3466
4600,4,0.368711,0.631289,client4.log,0.3742,0.3459,0.4187,0.3361
4650,0,0.369903,0.630097,client0.log,0.3108,0.4084,0.3328,0.4276
4650,1,0.387972,0.612028,client1.log,0.5427,0.2967,0.4732,0.2392
4650,2,0.36919,0.63081,client2.log,0.3522,0.4232,0.3288,0.3724
4650,3,0.3715,0.6285,client3.log,0.3963,0.3055,0.4457,0.3385
4650,4,0.372479,0.627521,client4.log,0.3498,0.4377,0.2854,0.4169
4700,0,0.367224,0.632776,client0.log,0.3763,0.376,0.3516,0.3651
4700,1,0.369163,0.630837,client1.log,0.4056,0.3438,0.4069,0.3203
4700,2,0.373413,0.626587,client2.log,0.2966,0.4174,0.3222,0.4576
4700,3,0.372567,0.627433,client3.log,0.3095,0.4238,0.3156,0.4414
4700,4,0.367531,0.632469,client4.log,0.3762,0.3645,0.3819,0.3475
4750,0,0.367799,0.632201,client0.log,0.3661,0.3357,0.3997,0.3697
4750,1,0.386068,0.613932,client1.log,0.505,0.261,0.5049,0.2734
4750,2,0.391079,0.608921,client2.log,0.523,0.2531,0.5258,0.2624
4750,3,0.374868,0.625131,client3.log,0.2738,0.4154,0.3461,0.4642
4750,4,0.36817,0.63183,client4.log,0.3934,0.3487,0.3953,0.3352
4800,0,0.376112,0.623888,client0.log,0.2939,0.4576,0.2948,0.4581
4800,1,0.371982,0.628018,client1.log,0.3033,0.4282,0.3229,0.4335
4800,2,0.368493,0.631507,client2.log,0.4004,0.3827,0.3601,0.3308
4800,3,0.368838,0.631162,client3.log,0.3553,0.4151,0.3349,0.3701
4800,4,0.375954,0.624046,client4.log,0.4832,0.3009,0.4253,0.2945
4850,0,0.370843,0.629157,client0.log,0.3237,0.4202,0.3137,0.4257
4850,1,0.371078,0.628922,client1.log,0.294,0.419,0.3517,0.4196
4850,2,0.369262,0.630738,client2.log,0.327,0.4059,0.3401,0.4041
4850,3,0.367903,0.632097,client3.log,0.3474,0.3799,0.3614,0.3829
4850,4,0.36943,0.63057,client4.log,0.3048,0.3916,0.3732,0.4081
4900,0,0.367559,0.632441,client0.log,0.3482,0.3863,0.347,0.3887
4900,1,0.367948,0.632052,client1.log,0.3493,0.3439,0.3965,0.382
4900,2,0.367784,0.632216,client2.log,0.3461,0.3633,0.3825,0.3791
4900,3,0.370939,0.629061,client3.log,0.4205,0.3094,0.418,0.3359
4900,4,0.367353,0.632647,client4.log,0.3599,0.3472,0.3764,0.3859
4950,0,0.367348,0.632652,client0.log,0.3954,0.3466,0.3817,0.3457
4950,1,0.367299,0.632701,client1.log,0.3686,0.3455,0.3904,0.3647
4950,2,0.371331,0.628669,client2.log,0.3307,0.4261,0.3069,0.4216
4950,3,0.369196,0.630804,client3.log,0.3444,0.3928,0.3277,0.4118
4950,4,0.384121,0.615879,client4.log,0.5047,0.2831,0.4873,0.2613
5000,0,0.372816,0.627184,client0.log,0.4055,0.4636,0.3257,0.2964
5000,1,0.371529,0.628471,client1.log,0.3234,0.4415,0.3118,0.4093
5000,2,0.368076,0.631924,client2.log,0.387,0.3828,0.3587,0.3438
5000,3,0.372456,0.627544,client3.log,0.2949,0.421,0.3356,0.4383
5000,4,0.367603,0.632397,client4.log,0.3564,0.3831,0.3476,0.3833
5050,0,0.371484,0.628516,client0.log,0.2948,0.3982,0.349,0.4439
5050,1,0.367652,0.632348,client1.log,0.3457,0.3608,0.3659,0.3982
5050,2,0.374607,0.625393,client2.log,0.4269,0.2959,0.4641,0.3115
5050,3,0.38019,0.61981,client3.log,0.4907,0.2993,0.4606,0.2702
5050,4,0.37541,0.62459,client4.log,0.3016,0.456,0.2945,0.4494
5100,0,0.377834,0.622166,client0.log,0.454,0.2853,0.4786,0.2934
5100,1,0.370329,0.629671,client1.log,0.4278,0.3478,0.3986,0.3071
5100,2,0.370737,0.629263,client2.log,0.4078,0.3153,0.4304,0.3294
5100,3,0.386272,0.613728,client3.log,0.3248,0.5648,0.2395,0.416
5100,4,0.37721,0.62279,client4.log,0.3902,0.2544,0.4924,0.3719
5150,0,0.380368,0.619632,client0.log,0.5135,0.3094,0.4355,0.263
5150,1,0.373894,0.626106,client1.log,0.3092,0.4494,0.2955,0.4415
5150,2,0.380887,0.619113,client2.log,0.4947,0.2883,0.4653,0.2752
5150,3,0.372956,0.627044,client3.log,0.3363,0.4778,0.3065,0.3712
5150,4,0.369127,0.630873,client4.log,0.4057,0.339,0.4032,0.3286
5200,0,0.372476,0.627524,client0.log,0.2941,0.3952,0.3373,0.4633
5200,1,0.368069,0.631931,client1.log,0.4027,0.3719,0.3678,0.33
5200,2,0.367675,0.632325,client2.log,0.3678,0.3697,0.3592,0.374
5200,3,0.371975,0.628025,client3.log,0.323,0.472,0.3351,0.3578
5200,4,0.367733,0.632267,client4.log,0.3546,0.347,0.3772,0.3922
5250,0,0.390743,0.609257,client0.log,0.5119,0.253,0.5373,0.2607
5250,1,0.368005,0.631995,client1.log,0.3871,0.3407,0.3971,0.3472
5250,2,0.379782,0.620218,client2.log,0.2879,0.4868,0.2814,0.463
5250,3,0.368579,0.631421,client3.log,0.364,0.3472,0.3505,0.4125
5250,4,0.36818,0.63182,client4.log,0.3772,0.3563,0.4025,0.3367
5300,0,0.368081,0.631919,client0.log,0.3613,0.4162,0.324,0.3708
5300,1,0.37613,0.62387,client1.log,0.2807,0.4399,0.3131,0.4708
5300,2,0.368552,0.631448,client2.log,0.3964,0.3461,0.3914,0.3403
5300,3,0.386088,0.613912,client3.log,0.4218,0.2374,0.5591,0.3261
5300,4,0.380446,0.619555,client4.log,0.4461,0.2692,0.508,0.2985
5350,0,0.382203,0.617797,client0.log,0.3001,0.4918,0.2567,0.4802
5350,1,0.37441,0.62559,client1.log,0.454,0.3232,0.4359,0.2846
5350,2,0.370505,0.629495,client2.log,0.3201,0.3907,0.3328,0.4384
5350,3,0.36805,0.63195,client3.log,0.3891,0.3489,0.3809,0.3533
5350,4,0.395365,0.604635,client4.log,0.2391,0.557,0.2596,0.5258
5400,0,0.368149,0.631851,client0.log,0.336,0.3924,0.3525,0.3917
5400,1,0.370511,0.629489,client1.log,0.3727,0.4408,0.3067,0.3619
5400,2,0.374601,0.625399,client2.log,0.3027,0.4399,0.3031,0.4526
5400,3,0.375017,0.624983,client3.log,0.3534,0.2724,0.4727,0.4016
5400,4,0.372183,0.627817,client4.log,0.4377,0.3324,0.4226,0.296
5450,0,0.37289,0.62711,client0.log,0.291,0.426,0.3277,0.4469
5450,1,0.371564,0.628436,client1.log,0.4032,0.3186,0.4466,0.3178
5450,2,0.369068,0.630932,client2.log,0.393,0.3297,0.4085,0.3452
5450,3,0.370928,0.629072,client3.log,0.4112,0.3135,0.4275,0.3315
5450,4,0.367398,0.632602,client4.log,0.3664,0.356,0.3742,0.373
5500,0,0.376242,0.623758,client0.log,0.289,0.449,0.2966,0.4704
5500,1,0.372687,0.627313,client1.log,0.4218,0.2856,0.4384,0.3449
5500,2,0.384361,0.615639,client2.log,0.5021,0.279,0.4908,0.2656
5500,3,0.371397,0.628603,client3.log,0.4124,0.4345,0.3154,0.3233
5500,4,0.372004,0.627996,client4.log,0.3864,0.2965,0.4589,0.3462
5550,0,0.367869,0.632131,client0.log,0.3405,0.3779,0.3535,0.3995
5550,1,0.375918,0.624082,client1.log,0.2915,0.4347,0.3029,0.4746
5550,2,0.388052,0.611948,client2.log,0.2566,0.5217,0.2718,0.5021
5550,3,0.371429,0.628571,client3.log,0.3475,0.4251,0.2982,0.4149
5550,4,0.372861,0.627139,client4.log,0.321,0.4209,0.2992,0.4504
5600,0,0.368129,0.631871,client0.log,0.3209,0.3601,0.3983,0.3932
5600,1,0.367518,0.632482,client1.log,0.3758,0.3516,0.3765,0.3662
5600,2,0.369898,0.630102,client2.log,0.3249,0.4124,0.333,0.4093
5600,3,0.367819,0.632181,client3.log,0.3712,0.3576,0.385,0.3575
5600,4,0.374514,0.625486,client4.log,0.4488,0.2981,0.4484,0.3028
5650,0,0.373027,0.626973,client0.log,0.3496,0.4562,0.2801,0.4063
5650,1,0.367897,0.632102,client1.log,0.3389,0.3817,0.3636,0.3874
5650,2,0.369044,0.630956,client2.log,0.3553,0.3562,0.4244,0.3403
5650,3,0.375442,0.624558,client3.log,0.447,0.3764,0.4192,0.2591
5650,4,0.391393,0.608607,client4.log,0.5017,0.263,0.5498,0.2511
5700,0,0.369001,0.630999,client0.log,0.3197,0.3867,0.3483,0.4213
5700,1,0.391028,0.608972,client1.log,0.5362,0.2723,0.5113,0.2443
5700,2,0.36778,0.63222,client2.log,0.3795,0.3502,0.3731,0.3682
5700,3,0.370699,0.629301,client3.log,0.418,0.3178,0.4171,0.3298
5700,4,0.372461,0.627539,client4.log,0.422,0.2903,0.4393,0.3383
5750,0,0.36825,0.63175,client0.log,0.3912,0.3327,0.4095,0.3396
5750,1,0.377868,0.622132,client1.log,0.2706,0.4572,0.3114,0.4723
5750,2,0.36801,0.63199,client2.log,0.3532,0.3497,0.3785,0.3906
5750,3,0.367796,0.632204,client3.log,0.3783,0.3501,0.3766,0.3662
5750,4,0.368076,0.631924,client4.log,0.3905,0.3413,0.3915,0.349
5800,0,0.380908,0.619092,client0.log,0.2866,0.4836,0.2726,0.4807
5800,1,0.36749,0.63251,client1.log,0.3554,0.3769,0.3608,0.3769
5800,2,0.368819,0.631181,client2.log,0.3555,0.4198,0.3434,0.3566
5800,3,0.367776,0.632224,client3.log,0.3585,0.3669,0.3648,0.3809
5800,4,0.368327,0.631673,client4.log,0.396,0.3492,0.393,0.3351
5850,0,0.369494,0.630506,client0.log,0.4183,0.3273,0.407,0.3253
5850,1,0.371447,0.628553,client1.log,0.3074,0.4346,0.3244,0.4193
5850,2,0.388111,0.611889,client2.log,0.2626,0.5201,0.2649,0.5048
5850,3,0.374897,0.625103,client3.log,0.388,0.2812,0.4851,0.3453
5850,4,0.36975,0.63025,client4.log,0.424,0.3902,0.3558,0.3091
5900,0,0.370932,0.629068,client0.log,0.3213,0.4239,0.3139,0.4247
5900,1,0.368173,0.631827,client1.log,0.3903,0.3391,0.3972,0.3462
5900,2,0.36984,0.63016,client2.log,0.326,0.4053,0.3304,0.4176
5900,3,0.368893,0.631107,client3.log,0.4051,0.3271,0.3887,0.3547
5900,4,0.370234,0.629766,client4.log,0.3968,0.3104,0.4286,0.3452
5950,0,0.379168,0.620832,client0.log,0.3395,0.4964,0.2498,0.431
5950,1,0.368445,0.631555,client1.log,0.351,0.4102,0.3339,0.3787
5950,2,0.36887,0.63113,client2.log,0.3362,0.3922,0.3436,0.4034
5950,3,0.37102,0.62898,client3.log,0.4247,0.4174,0.3141,0.3279
5950,4,0.367699,0.632301,client4.log,0.3573,0.3971,0.3568,0.3596
6000,0,0.368127,0.631873,client0.log,0.3376,0.3999,0.341,0.394
6000,1,0.373758,0.626242,client1.log,0.3178,0.4468,0.2942,0.4362
6000,2,0.375626,0.624374,client2.log,0.4579,0.289,0.4465,0.3092
6000,3,0.374365,0.625635,client3.log,0.3575,0.4736,0.2777,0.3887
6000,4,0.368489,0.631511,client4.log,0.4067,0.36,0.378,0.3293
6050,0,0.368023,0.631977,client0.log,0.3834,0.3315,0.4002,0.357
6050,1,0.379036,0.620964,client1.log,0.2939,0.4303,0.2842,0.5078
6050,2,0.370184,0.629816,client2.log,0.3154,0.4134,0.3403,0.4116
6050,3,0.370539,0.629461,client3.log,0.4364,0.3774,0.3607,0.3076
6050,4,0.367497,0.632503,client4.log,0.3686,0.3569,0.3555,0.389
6100,0,0.367746,0.632254,client0.log,0.3443,0.3805,0.3528,0.3934
6100,1,0.369846,0.630154,client1.log,0.3967,0.3047,0.4315,0.3465
6100,2,0.367889,0.632111,client2.log,0.3471,0.3775,0.3669,0.38
6100,3,0.370338,0.629662,client3.log,0.4243,0.4019,0.3176,0.3376
6100,4,0.372897,0.627103,client4.log,0.3104,0.4459,0.3088,0.4265
6150,0,0.375278,0.624722,client0.log,0.4588,0.2876,0.446,0.3086
6150,1,0.377237,0.622763,client1.log,0.3058,0.4566,0.2789,0.4676
6150,2,0.368313,0.631687,client2.log,0.3998,0.3524,0.3885,0.3326
6150,3,0.371422,0.628578,client3.log,0.4176,0.3403,0.4264,0.3014
6150,4,0.367881,0.632119,client4.log,0.3786,0.3513,0.3941,0.3475
6200,0,0.367278,0.632722,client0.log,0.3868,0.3501,0.3853,0.3469
6200,1,0.370859,0.629141,client1.log,0.4503,0.3468,0.3781,0.3082
6200,2,0.368652,0.631348,client2.log,0.4082,0.3749,0.3567,0.3348
6200,3,0.369901,0.630099,client3.log,0.4161,0.3565,0.3956,0.3114
6200,4,0.374008,0.625992,client4.log,0.3311,0.4542,0.2835,0.4272
6250,0,0.372475,0.627525,client0.log,0.3137,0.4219,0.3063,0.448
6250,1,0.368057,0.631943,client1.log,0.3857,0.3491,0.3964,0.341
6250,2,0.368715,0.631285,client2.log,0.3995,0.3453,0.3944,0.3357
6250,3,0.370552,0.629448,client3.log,0.3132,0.3986,0.3406,0.4298
6250,4,0.368502,0.631498,client4.log,0.4043,0.3396,0.3922,0.3379
6300,0,0.367495,0.632505,client0.log,0.3419,0.3701,0.3565,0.4016
6300,1,0.377916,0.622084,client1.log,0.2987,0.4971,0.2802,0.4356
6300,2,0.368469,0.631531,client2.log,0.3696,0.353,0.409,0.3422
6300,3,0.370207,0.629793,client3.log,0.4019,0.3075,0.416,0.3554
6300,4,0.372725,0.627275,client4.log,0.4625,0.3678,0.3744,0.2862
6350,0,0.377252,0.622748,client0.log,0.3549,0.5115,0.2652,0.3774
6350,1,0.381149,0.618851,client1.log,0.2855,0.4653,0.2752,0.4986
6350,2,0.379702,0.620298,client2.log,0.2821,0.4678,0.2869,0.482
6350,3,0.369507,0.630493,client3.log,0.347,0.3233,0.4185,0.3892
6350,4,0.370242,0.629758,client4.log,0.414,0.3212,0.4204,0.3253
6400,0,0.372944,0.627056,client0.log,0.3064,0.4426,0.3077,0.435
6400,1,0.368111,0.631889,client1.log,0.344,0.3395,0.3846,0.4044
6400,2,0.367878,0.632122,client2.log,0.3844,0.3594,0.3766,0.3511
6400,3,0.370625,0.629375,client3.log,0.3914,0.342,0.4358,0.3134
6400,4,0.367593,0.632407,client4.log,0.3707,0.3475,0.3792,0.3729
6450,0,0.409499,0.590501,client0.log,0.2103,0.5478,0.2512,0.6288
6450,1,0.367798,0.632202,client1.log,0.3583,0.3491,0.3958,0.3681
6450,2,0.370046,0.629954,client2.log,0.3435,0.4324,0.3213,0.383
6450,3,0.371085,0.628915,client3.log,0.3455,0.4526,0.3134,0.3728
6450,4,0.367834,0.632166,client4.log,0.345,0.3723,0.3608,0.3934
6500,0,0.369504,0.630496,client0.log,0.4097,0.3295,0.4112,0.3276
6500,1,0.37864,0.62136,client1.log,0.5019,0.3109,0.4299,0.2718
6500,2,0.370445,0.629555,client2.log,0.4109,0.3167,0.418,0.3362
6500,3,0.36817,0.63183,client3.log,0.3616,0.3675,0.3466,0.3969
6500,4,0.367811,0.632189,client4.log,0.3879,0.347,0.3745,0.3619
6550,0,0.367917,0.632083,client0.log,0.3435,0.3893,0.3505,0.3884
6550,1,0.369274,0.630726,client1.log,0.3231,0.4101,0.333,0.4109
6550,2,0.368074,0.631926,client2.log,0.39,0.3509,0.3784,0.353
6550,3,0.373968,0.626032,client3.log,0.3054,0.4403,0.3064,0.4438
6550,4,0.387552,0.612448,client4.log,0.2896,0.5355,0.2443,0.4808
6600,0,0.367585,0.632415,client0.log,0.3413,0.3784,0.3609,0.3897
6600,1,0.368501,0.631499,client1.log,0.3888,0.3367,0.4023,0.3462
6600,2,0.385562,0.614438,client2.log,0.2732,0.5051,0.2657,0.4983
6600,3,0.375786,0.624214,client3.log,0.3056,0.4606,0.2911,0.4458
6600,4,0.370241,0.629759,client4.log,0.3187,0.3535,0.3603,0.4485
6650,0,0.371789,0.628211,client0.log,0.4488,0.3232,0.4084,0.3068
6650,1,0.368198,0.631802,client1.log,0.4071,0.3677,0.3407,0.3573
6650,2,0.380205,0.619795,client2.log,0.4364,0.2841,0.5132,0.2871
6650,3,0.380847,0.619153,client3.log,0.5092,0.2899,0.4488,0.2755
6650,4,0.36791,0.63209,client4.log,0.3394,0.3614,0.381,0.3898
6700,0,0.367976,0.632024,client0.log,0.3322,0.3926,0.3446,0.4025
6700,1,0.377463,0.622537,client1.log,0.3229,0.4888,0.2693,0.4289
6700,2,0.371348,0.628652,client2.log,0.39,0.3227,0.4512,0.3215
6700,3,0.377421,0.622579,client3.log,0.4877,0.3342,0.4222,0.2656
6700,4,0.367836,0.632164,client4.log,0.3594,0.3804,0.3428,0.3887
6750,0,0.367383,0.632617,client0.log,0.3524,0.3631,0.3735,0.3805
6750,1,0.367443,0.632557,client1.log,0.3626,0.3697,0.3723,0.3652
6750,2,0.379189,0.620811,client2.log,0.2682,0.4582,0.3082,0.4821
6750,3,0.373402,0.626598,client3.log,0.4153,0.2974,0.4574,0.3236
6750,4,0.37995,0.62005,client4.log,0.4392,0.2699,0.5093,0.3014
6800,0,0.368101,0.631899,client0.log,0.3625,0.3985,0.3319,0.3795
6800,1,0.367487,0.632513,client1.log,0.3757,0.3687,0.3624,0.363
6800,2,0.381263,0.618737,client2.log,0.2962,0.483,0.2664,0.4794
6800,3,0.367707,0.632293,client3.log,0.3554,0.3709,0.3651,0.3794
6800,4,0.367816,0.632184,client4.log,0.3655,0.3544,0.4008,0.3506
6850,0,0.367447,0.632552,client0.log,0.3563,0.3487,0.3725,0.3923
6850,1,0.367424,0.632576,client1.log,0.3759,0.3703,0.3722,0.3513
6850,2,0.371235,0.628765,client2.log,0.3283,0.4311,0.3112,0.4144
6850,3,0.370008,0.629992,client3.log,0.4263,0.3532,0.3863,0.3142
6850,4,0.373725,0.626275,client4.log,0.298,0.4413,0.3137,0.4418
6900,0,0.369105,0.630895,client0.log,0.3972,0.33,0.4111,0.3382
6900,1,0.375154,0.624846,client1.log,0.4742,0.3092,0.4253,0.2919
6900,2,0.380952,0.619048,client2.log,0.2814,0.4883,0.2806,0.4736
6900,3,0.369901,0.630099,client3.log,0.3864,0.3141,0.424,0.3552
6900,4,0.367822,0.632178,client4.log,0.3936,0.3623,0.3746,0.3409
6950,0,0.367481,0.632519,client0.log,0.362,0.3771,0.3481,0.3827
6950,1,0.374436,0.625564,client1.log,0.4477,0.3293,0.4395,0.2812
6950,2,0.369713,0.630287,client2.log,0.3411,0.4238,0.3232,0.3908
6950,3,0.370717,0.629283,client3.log,0.3584,0.4216,0.3007,0.4022
6950,4,0.380844,0.619156,client4.log,0.4495,0.2651,0.5071,0.3016
7000,0,0.367944,0.632056,client0.log,0.3451,0.3818,0.3438,0.401
7000,1,0.368016,0.631984,client1.log,0.3318,0.3699,0.3954,0.3749
7000,2,0.369239,0.630761,client2.log,0.3967,0.3229,0.4143,0.3431
7000,3,0.36883,0.63117,client3.log,0.3869,0.3597,0.4024,0.3264
7000,4,0.367604,0.632396,client4.log,0.3469,0.3712,0.3736,0.3788
7050,0,0.377912,0.622088,client0.log,0.4804,0.2826,0.4542,0.2945
7050,1,0.383223,0.616777,client1.log,0.3099,0.5308,0.2505,0.4417
7050,2,0.367715,0.632285,client2.log,0.3587,0.3785,0.3585,0.3751
7050,3,0.369069,0.630931,client3.log,0.3224,0.4022,0.3564,0.3952
7050,4,0.38012,0.61988,client4.log,0.4222,0.2604,0.5176,0.3203
7100,0,0.370385,0.629615,client0.log,0.3247,0.4237,0.3183,0.4149
7100,1,0.380661,0.619339,client1.log,0.4818,0.2788,0.4806,0.2814
7100,2,0.370266,0.629734,client2.log,0.3572,0.3209,0.4471,0.3559
7100,3,0.371143,0.628857,client3.log,0.327,0.3924,0.32,0.4451
7100,4,0.371239,0.628761,client4.log,0.3066,0.3331,0.4087,0.4365
7150,0,0.374717,0.625283,client0.log,0.3486,0.4985,0.2848,0.367
7150,1,0.367353,0.632647,client1.log,0.3501,0.3885,0.3683,0.3626
7150,2,0.378419,0.621581,client2.log,0.466,0.2876,0.4698,0.2902
7150,3,0.367884,0.632116,client3.log,0.3888,0.3568,0.3683,0.3576
7150,4,0.372846,0.627154,client4.log,0.4374,0.2952,0.4336,0.3252
7200,0,0.368134,0.631866,client0.log,0.3913,0.3333,0.3956,0.3524
7200,1,0.373872,0.626128,client1.log,0.4437,0.3189,0.4405,0.2924
7200,2,0.369865,0.630135,client2.log,0.315,0.3657,0.3668,0.4319
7200,3,0.376963,0.623037,client3.log,0.2707,0.4573,0.3236,0.4563
7200,4,0.368881,0.631119,client4.log,0.3248,0.3593,0.417,0.3745
7250,0,0.374846,0.625154,client0.log,0.2894,0.4574,0.3097,0.4428
7250,1,0.369939,0.63006,client1.log,0.4027,0.3212,0.4216,0.3342
7250,2,0.385014,0.614986,client2.log,0.5211,0.2816,0.4756,0.2617
7250,3,0.369619,0.630381,client3.log,0.3518,0.4165,0.318,0.3922
7250,4,0.370251,0.629749,client4.log,0.4068,0.2962,0.4034,0.3745
7300,0,0.368614,0.631386,client0.log,0.4144,0.3303,0.3845,0.3452
7300,1,0.376329,0.623671,client1.log,0.3418,0.4787,0.2656,0.4192
7300,2,0.370803,0.629197,client2.log,0.3117,0.4181,0.3336,0.4198
7300,3,0.377148,0.622852,client3.log,0.3204,0.2761,0.4939,0.4182
7300,4,0.367901,0.632099,client4.log,0.3451,0.3659,0.3607,0.3998
7350,0,0.367567,0.632433,client0.log,0.3566,0.3648,0.3554,0.3934
7350,1,0.368707,0.631293,client1.log,0.41,0.3393,0.3867,0.3388
7350,2,0.376607,0.623393,client2.log,0.4771,0.3083,0.4365,0.2846
7350,3,0.385155,0.614845,client3.log,0.4377,0.2458,0.5458,0.3114
7350,4,0.371199,0.628801,client4.log,0.3351,0.4476,0.3073,0.3948
7400,0,0.36887,0.63113,client0.log,0.3331,0.4094,0.3318,0.4011
7400,1,0.40473,0.59527,client1.log,0.2338,0.5428,0.2362,0.6061
7400,2,0.396444,0.603556,client2.log,0.2607,0.5418,0.2366,0.5467
7400,3,0.384447,0.615553,client3.log,0.2432,0.4694,0.312,0.5132
7400,4,0.390242,0.609758,client4.log,0.2629,0.5563,0.257,0.4848
7450,0,0.369271,0.630729,client0.log,0.3342,0.4137,0.3271,0.402
7450,1,0.368667,0.631333,client1.log,0.3249,0.3744,0.3601,0.4153
7450,2,0.370697,0.629303,client2.log,0.3191,0.4184,0.3256,0.4197
7450,3,0.381017,0.618983,client3.log,0.2751,0.4395,0.2922,0.5173
7450,4,0.383006,0.616994,client4.log,0.2744,0.4981,0.2755,0.4841
7500,0,0.367689,0.632311,client0.log,0.389,0.3507,0.3822,0.3489
7500,1,0.367193,0.632807,client1.log,0.3568,0.3679,0.3716,0.3724
7500,2,0.368143,0.631857,client2.log,0.3498,0.3508,0.3867,0.3854
7500,3,0.372582,0.627418,client3.log,0.3237,0.4357,0.3024,0.4285
7500,4,0.371591,0.628409,client4.log,0.416,0.2916,0.4299,0.3488
7550,0,0.375851,0.624149,client0.log,0.2842,0.4293,0.3091,0.4808
7550,1,0.367233,0.632767,client1.log,0.3694,0.3698,0.364,0.3657
7550,2,0.367954,0.632046,client2.log,0.3584,0.3933,0.3566,0.3634
7550,3,0.368657,0.631343,client3.log,0.4026,0.3406,0.3876,0.3438
7550,4,0.369324,0.630676,client4.log,0.3361,0.4186,0.3282,0.3944
7600,0,0.369128,0.630872,client0.log,0.4215,0.337,0.3873,0.3307
7600,1,0.367724,0.632276,client1.log,0.3375,0.4118,0.3405,0.381
7600,2,0.372861,0.627139,client2.log,0.3024,0.4389,0.3199,0.4303
7600,3,0.368837,0.631163,client3.log,0.3591,0.4064,0.3292,0.3806
7600,4,0.376395,0.623605,client4.log,0.286,0.4313,0.3068,0.4815
7650,0,0.385609,0.614391,client0.log,0.5138,0.286,0.4901,0.2526
7650,1,0.36884,0.63116,client1.log,0.3619,0.3202,0.3849,0.4084
7650,2,0.371478,0.628522,client2.log,0.3963,0.3056,0.4441,0.34
7650,3,0.368572,0.631428,client3.log,0.3498,0.3371,0.3969,0.3905
7650,4,0.383714,0.616286,client4.log,0.4998,0.272,0.4888,0.2743
7700,0,0.36714,0.63286,client0.log,0.3535,0.3679,0.3725,0.3746
7700,1,0.377771,0.622229,client1.log,0.2979,0.443,0.2847,0.4855
7700,2,0.369463,0.630537,client2.log,0.4076,0.3309,0.4025,0.3367
7700,3,0.374524,0.625476,client3.log,0.4791,0.3339,0.398,0.2872
7700,4,0.38227,0.61773,client4.log,0.2909,0.5022,0.2641,0.4719
7750,0,0.36736,0.63264,client0.log,0.3561,0.3863,0.3485,0.3785
7750,1,0.367835,0.632165,client1.log,0.3859,0.3539,0.38,0.3515
7750,2,0.377522,0.622478,client2.log,0.4834,0.3174,0.4363,0.2729
7750,3,0.370983,0.629017,client3.log,0.4367,0.372,0.3761,0.2991
7750,4,0.368817,0.631183,client4.log,0.4162,0.3304,0.3758,0.3529
7800,0,0.37237,0.62763,client0.log,0.349,0.4439,0.2852,0.4113
7800,1,0.375974,0.624026,client1.log,0.3063,0.4789,0.2899,0.4288
7800,2,0.374914,0.625086,client2.log,0.2978,0.452,0.305,0.4449
7800,3,0.368138,0.631862,client3.log,0.3732,0.3765,0.3382,0.3847
7800,4,0.367979,0.632021,client4.log,0.3393,0.3958,0.3663,0.3705
7850,0,0.367151,0.632849,client0.log,0.3601,0.358,0.3812,0.3693
7850,1,0.380039,0.619961,client1.log,0.3227,0.4777,0.2531,0.4666
7850,2,0.368055,0.631945,client2.log,0.391,0.3461,0.3767,0.3584
7850,3,0.368479,0.631521,client3.log,0.356,0.387,0.3347,0.3962
7850,4,0.386706,0.613294,client4.log,0.5006,0.2655,0.514,0.2667
7900,0,0.399295,0.600705,client0.log,0.5586,0.2513,0.5535,0.2339
7900,1,0.377266,0.622734,client1.log,0.4701,0.3222,0.4489,0.2678
7900,2,0.369265,0.630736,client2.log,0.3351,0.407,0.3344,0.4007
7900,3,0.372224,0.627776,client3.log,0.4112,0.3038,0.4449,0.329
7900,4,0.368436,0.631564,client4.log,0.4159,0.3548,0.3596,0.3434
7950,0,0.373661,0.626339,client0.log,0.3058,0.4342,0.3034,0.4512
7950,1,0.367293,0.632707,client1.log,0.3722,0.3625,0.3813,0.3532
7950,2,0.367781,0.632219,client2.log,0.3766,0.3648,0.3724,0.3572
7950,3,0.369355,0.630645,client3.log,0.3572,0.4111,0.3192,0.39
7950,4,0.369618,0.630382,client4.log,0.3566,0.4415,0.3327,0.3477
8000,0,0.367465,0.632535,client0.log,0.35,0.3454,0.3944,0.3801
8000,1,0.367608,0.632392,client1.log,0.35,0.3732,0.3579,0.3893
8000,2,0.368254,0.631746,client2.log,0.3696,0.3463,0.404,0.3531
8000,3,0.375774,0.624226,client3.log,0.2984,0.3062,0.4071,0.4914
8000,4,0.36894,0.63106,client4.log,0.3825,0.3424,0.4191,0.3318
8050,0,0.368526,0.631474,client0.log,0.3745,0.3315,0.4194,0.3487
8050,1,0.368823,0.631177,client1.log,0.4218,0.3618,0.3692,0.3225
8050,2,0.382006,0.617994,client2.log,0.4996,0.2813,0.471,0.276
8050,3,0.367888,0.632112,client3.log,0.3726,0.3542,0.384,0.3607
8050,4,0.380157,0.619843,client4.log,0.3346,0.5156,0.2535,0.4169
8100,0,0.379656,0.620344,client0.log,0.4772,0.2861,0.475,0.2803
8100,1,0.372756,0.627244,client1.log,0.3005,0.4386,0.3202,0.4318
8100,2,0.368419,0.631581,client2.log,0.4001,0.3412,0.3849,0.3475
8100,3,0.368125,0.631875,client3.log,0.3644,0.3443,0.3972,0.3667
8100,4,0.371411,0.628589,client4.log,0.3531,0.2988,0.4502,0.3836
8150,0,0.370321,0.629679,client0.log,0.3077,0.3918,0.3473,0.4345
8150,1,0.373777,0.626223,client1.log,0.4577,0.3918,0.3729,0.2727
8150,2,0.368398,0.631602,client2.log,0.332,0.3898,0.3619,0.3898
8150,3,0.36898,0.63102,client3.log,0.3722,0.4102,0.3242,0.3693
8150,4,0.372469,0.627531,client4.log,0.2757,0.3796,0.4196,0.415
8200,0,0.367556,0.632444,client0.log,0.3801,0.366,0.3771,0.347
8200,1,0.38189,0.61811,client1.log,0.259,0.4582,0.299,0.5114
8200,2,0.391255,0.608745,client2.log,0.5253,0.2578,0.525,0.257
8200,3,0.372082,0.627918,client3.log,0.4441,0.3167,0.4122,0.3153
8200,4,0.369008,0.630992,client4.log,0.3663,0.4141,0.3168,0.3788
8250,0,0.369996,0.630004,client0.log,0.3946,0.3194,0.4337,0.3323
8250,1,0.368498,0.631502,client1.log,0.3609,0.3244,0.4088,0.3799
8250,2,0.369377,0.630623,client2.log,0.4205,0.3832,0.3214,0.3524
8250,3,0.371508,0.628492,client3.log,0.3059,0.3845,0.3436,0.4521
8250,4,0.367878,0.632122,client4.log,0.3873,0.3412,0.3866,0.3565
8300,0,0.367617,0.632383,client0.log,0.3789,0.345,0.3888,0.3578
8300,1,0.36935,0.63065,client1.log,0.3382,0.4122,0.3285,0.3986
8300,2,0.368151,0.631849,client2.log,0.3911,0.383,0.3489,0.3496
8300,3,0.374762,0.625238,client3.log,0.2923,0.4349,0.3142,0.4577
8300,4,0.372998,0.627002,client4.log,0.4217,0.2996,0.4504,0.3204
8350,0,0.369636,0.630364,client0.log,0.3502,0.4265,0.3164,0.3855
8350,1,0.376187,0.623813,client1.log,0.3129,0.4759,0.2819,0.4341
8350,2,0.368146,0.631854,client2.log,0.3916,0.3484,0.3822,0.3504
8350,3,0.371298,0.628702,client3.log,0.3075,0.3445,0.45,0.3831
8350,4,0.368457,0.631544,client4.log,0.3946,0.3923,0.3635,0.3235
8400,0,0.36831,0.63169,client0.log,0.3415,0.3889,0.3389,0.4039
8400,1,0.36838,0.63162,client1.log,0.3436,0.4023,0.3411,0.3866
8400,2,0.369174,0.630826,client2.log,0.4018,0.3273,0.4071,0.3405
8400,3,0.370912,0.629089,client3.log,0.364,0.4551,0.3223,0.3422
8400,4,0.390411,0.609588,client4.log,0.2417,0.4998,0.279,0.5412
8450,0,0.368649,0.631351,client0.log,0.322,0.3951,0.3486,0.4088
8450,1,0.370348,0.629652,client1.log,0.3855,0.3069,0.4364,0.3525
8450,2,0.369436,0.630564,client2.log,0.3798,0.3499,0.424,0.3241
8450,3,0.373224,0.626776,client3.log,0.3152,0.4408,0.3035,0.4333
8450,4,0.375392,0.624608,client4.log,0.3248,0.4273,0.2786,0.4709
8500,0,0.372961,0.627039,client0.log,0.3218,0.442,0.2966,0.4315
8500,1,0.371816,0.628184,client1.log,0.4507,0.3187,0.4014,0.3164
8500,2,0.368834,0.631166,client2.log,0.3986,0.3211,0.3824,0.3732
8500,3,0.369109,0.630891,client3.log,0.3242,0.355,0.3895,0.4078
8500,4,0.368942,0.631058,client4.log,0.3773,0.4166,0.3225,0.3593
8550,0,0.386173,0.613827,client0.log,0.4994,0.2519,0.5089,0.2845
8550,1,0.367809,0.632191,client1.log,0.3639,0.395,0.3394,0.373
8550,2,0.370647,0.629353,client2.log,0.4037,0.3177,0.4295,0.3317
8550,3,0.370795,0.629205,client3.log,0.4525,0.3457,0.3665,0.3185
8550,4,0.368438,0.631562,client4.log,0.3608,0.4067,0.3308,0.3755
8600,0,0.369617,0.630383,client0.log,0.4105,0.4087,0.3445,0.3148
8600,1,0.370328,0.629672,client1.log,0.3258,0.4322,0.3237,0.3996
8600,2,0.37095,0.62905,client2.log,0.3163,0.4194,0.3268,0.4213
8600,3,0.368478,0.631522,client3.log,0.3388,0.3894,0.351,0.3946
8600,4,0.375088,0.624912,client4.log,0.2994,0.4534,0.2997,0.4478
8650,0,0.37205,0.62795,client0.log,0.3069,0.3683,0.3408,0.4722
8650,1,0.37452,0.62548,client1.log,0.2916,0.3486,0.3569,0.501
8650,2,0.37219,0.62781,client2.log,0.3796,0.4577,0.2948,0.3567
8650,3,0.36914,0.63086,client3.log,0.3969,0.3864,0.3159,0.3774
8650,4,0.3698,0.6302,client4.log,0.3213,0.4105,0.3354,0.4121
8700,0,0.372208,0.627792,client0.log,0.439,0.3182,0.4253,0.3064
8700,1,0.373479,0.626521,client1.log,0.4037,0.2921,0.468,0.3301
8700,2,0.369603,0.630397,client2.log,0.3726,0.4199,0.3147,0.3713
8700,3,0.378568,0.621432,client3.log,0.4558,0.2654,0.4752,0.3178
8700,4,0.367773,0.632227,client4.log,0.3538,0.3529,0.3936,0.3707
8750,0,0.369373,0.630628,client0.log,0.4158,0.3912,0.3165,0.354
8750,1,0.367806,0.632194,client1.log,0.3965,0.3638,0.365,0.346
8750,2,0.380059,0.619941,client2.log,0.4991,0.2831,0.452,0.2859
8750,3,0.370356,0.629645,client3.log,0.4257,0.3972,0.3472,0.3113
8750,4,0.375479,0.624521,client4.log,0.2908,0.4461,0.3048,0.4601
8800,0,0.384073,0.615927,client0.log,0.5124,0.2619,0.4796,0.2824
8800,1,0.368164,0.631836,client1.log,0.3427,0.3837,0.3448,0.4014
8800,2,0.368761,0.631239,client2.log,0.3869,0.3376,0.4106,0.34
8800,3,0.380403,0.619597,client3.log,0.4649,0.2811,0.4909,0.2847
8800,4,0.3678,0.6322,client4.log,0.3785,0.3793,0.3742,0.3392
8850,0,0.372859,0.627141,client0.log,0.3033,0.4167,0.3168,0.4547
8850,1,0.368239,0.631761,client1.log,0.3445,0.3427,0.3848,0.401
8850,2,0.36924,0.63076,client2.log,0.3777,0.4044,0.3142,0.3806
8850,3,0.368552,0.631448,client3.log,0.3955,0.3903,0.354,0.3344
8850,4,0.369834,0.630166,client4.log,0.4095,0.3117,0.4087,0.3494
8900,0,0.370048,0.629952,client0.log,0.4394,0.3254,0.3827,0.3326
8900,1,0.378188,0.621812,client1.log,0.2787,0.4718,0.2998,0.4625
8900,2,0.367694,0.632306,client2.log,0.3661,0.3678,0.369,0.3679
8900,3,0.368125,0.631875,client3.log,0.3389,0.3685,0.3726,0.3925
8900,4,0.368621,0.631379,client4.log,0.3317,0.3482,0.3861,0.4084
8950,0,0.368302,0.631698,client0.log,0.3888,0.3437,0.4004,0.3403
8950,1,0.390666,0.609334,client1.log,0.5144,0.2362,0.5275,0.2846
8950,2,0.368434,0.631566,client2.log,0.4047,0.3809,0.3514,0.3368
8950,3,0.368591,0.631409,client3.log,0.4131,0.3486,0.3567,0.356
8950,4,0.376678,0.623322,client4.log,0.4686,0.3274,0.4426,0.2682
9000,0,0.370674,0.629326,client0.log,0.425,0.312,0.4244,0.3213
9000,1,0.379258,0.620742,client1.log,0.2945,0.5165,0.2831,0.423
9000,2,0.36781,0.63219,client2.log,0.3574,0.369,0.364,0.3809
9000,3,0.368047,0.631953,client3.log,0.3652,0.3493,0.3943,0.3634
9000,4,0.372622,0.627378,client4.log,0.3236,0.4305,0.2998,0.4366
9050,0,0.368853,0.631147,client0.log,0.386,0.3257,0.4145,0.3493
9050,1,0.367558,0.632442,client1.log,0.3595,0.374,0.3564,0.3803
9050,2,0.368621,0.631379,client2.log,0.3867,0.3389,0.4041,0.3448
9050,3,0.370154,0.629846,client3.log,0.3568,0.3221,0.4412,0.3604
9050,4,0.367483,0.632517,client4.log,0.3671,0.3572,0.3885,0.3571
9100,0,0.367306,0.632694,client0.log,0.3847,0.3676,0.3712,0.3457
9100,1,0.373962,0.626038,client1.log,0.4408,0.29,0.4438,0.3212
9100,2,0.411253,0.588747,client2.log,0.6041,0.2315,0.5872,0.2222
9100,3,0.37186,0.62814,client3.log,0.3048,0.4087,0.3321,0.4419
9100,4,0.369029,0.630971,client4.log,0.3859,0.3112,0.3972,0.3819
9150,0,0.369949,0.630051,client0.log,0.3182,0.4198,0.3313,0.4105
9150,1,0.387869,0.612131,client1.log,0.4804,0.2769,0.5401,0.2541
9150,2,0.371848,0.628152,client2.log,0.4263,0.3141,0.429,0.3181
9150,3,0.367853,0.632147,client3.log,0.3657,0.3535,0.3694,0.3827
9150,4,0.374526,0.625474,client4.log,0.2732,0.4205,0.3471,0.4574
9200,0,0.367739,0.632261,client0.log,0.3475,0.3669,0.3533,0.4031
9200,1,0.367737,0.632263,client1.log,0.3955,0.3407,0.3847,0.3501
9200,2,0.368404,0.631596,client2.log,0.3389,0.3979,0.347,0.3898
9200,3,0.371125,0.628875,client3.log,0.3795,0.3104,0.449,0.3456
9200,4,0.371464,0.628536,client4.log,0.3676,0.4442,0.2932,0.3809
9250,0,0.367588,0.632412,client0.log,0.3467,0.3796,0.3622,0.3819
9250,1,0.382394,0.617606,client1.log,0.2661,0.4705,0.2885,0.5044
9250,2,0.369099,0.630901,client2.log,0.3923,0.347,0.41,0.3272
9250,3,0.367682,0.632318,client3.log,0.367,0.3592,0.3731,0.3715
9250,4,0.369089,0.630911,client4.log,0.4096,0.3277,0.3977,0.3413
9300,0,0.385014,0.614986,client0.log,0.2571,0.4804,0.2841,0.5184
9300,1,0.36848,0.63152,client1.log,0.3362,0.3814,0.3513,0.4051
9300,2,0.370273,0.629727,client2.log,0.303,0.3994,0.361,0.4177
9300,3,0.377591,0.622409,client3.log,0.4612,0.2862,0.4652,0.2977
9300,4,0.369931,0.630069,client4.log,0.4112,0.3279,0.4146,0.326
9350,0,0.396336,0.603664,client0.log,0.2545,0.5312,0.2399,0.5598
9350,1,0.369331,0.630669,client1.log,0.4001,0.3278,0.4136,0.3358
9350,2,0.368531,0.631469,client2.log,0.3657,0.3389,0.4117,0.3579
9350,3,0.367837,0.632163,client3.log,0.3692,0.3534,0.3818,0.3669
9350,4,0.371865,0.628135,client4.log,0.339,0.4282,0.2952,0.4251
9400,0,0.369506,0.630494,client0.log,0.3345,0.4199,0.3257,0.3979
9400,1,0.369933,0.630067,client1.log,0.3241,0.3328,0.4267,0.396
9400,2,0.368239,0.631761,client2.log,0.3565,0.3958,0.3362,0.3844
9400,3,0.381203,0.618797,client3.log,0.4736,0.2419,0.4699,0.3395
9400,4,0.372131,0.627869,client4.log,0.4203,0.3072,0.4404,0.3207
9450,0,0.368766,0.631234,client0.log,0.4055,0.3647,0.3857,0.3192
9450,1,0.367679,0.632321,client1.log,0.377,0.3843,0.3624,0.347
9450,2,0.375066,0.624934,client2.log,0.4499,0.2968,0.4489,0.3047
9450,3,0.369971,0.630029,client3.log,0.3208,0.3826,0.3456,0.4309
9450,4,0.367586,0.632414,client4.log,0.3684,0.3865,0.3595,0.3559
9500,0,0.375316,0.624684,client0.log,0.3153,0.4653,0.284,0.4367
9500,1,0.369401,0.630599,client1.log,0.3144,0.3884,0.3574,0.4175
9500,2,0.369396,0.630604,client2.log,0.4142,0.3366,0.3934,0.3333
9500,3,0.374056,0.625944,client3.log,0.4308,0.3363,0.4463,0.2829
9500,4,0.368713,0.631287,client4.log,0.3471,0.3898,0.3317,0.4063
9550,0,0.369733,0.630267,client0.log,0.3291,0.3955,0.3255,0.4289
9550,1,0.368119,0.631881,client1.log,0.3579,0.3789,0.3402,0.3955
9550,2,0.367913,0.632087,client2.log,0.3807,0.3552,0.3876,0.3481
9550,3,0.368207,0.631793,client3.log,0.3921,0.3769,0.3653,0.3385
9550,4,0.368285,0.631715,client4.log,0.4082,0.3455,0.3799,0.3395
9600,0,0.368392,0.631608,client0.log,0.4038,0.3649,0.3795,0.3254
9600,1,0.368802,0.631198,client1.log,0.3863,0.3357,0.4133,0.3399
9600,2,0.367764,0.632236,client2.log,0.3788,0.3626,0.3785,0.3511
9600,3,0.36902,0.63098,client3.log,0.3881,0.3315,0.41,0.3465
9600,4,0.370621,0.629379,client4.log,0.4166,0.3219,0.4202,0.3238
9650,0,0.367569,0.632431,client0.log,0.3417,0.3728,0.3597,0.3961
9650,1,0.368914,0.631086,client1.log,0.386,0.3191,0.4063,0.3642
9650,2,0.37147,0.62853,client2.log,0.318,0.4321,0.3166,0.4192
9650,3,0.368457,0.631543,client3.log,0.3722,0.3993,0.3324,0.3699
9650,4,0.39059,0.60941,client4.log,0.2574,0.52,0.2589,0.526
9700,0,0.379315,0.620685,client0.log,0.2784,0.4765,0.2887,0.4737
9700,1,0.372355,0.627645,client1.log,0.4406,0.3127,0.4246,0.3115
9700,2,0.368042,0.631958,client2.log,0.3806,0.3705,0.3809,0.3402
9700,3,0.369049,0.630951,client3.log,0.3491,0.3282,0.4014,0.3975
9700,4,0.373151,0.626849,client4.log,0.4205,0.3015,0.4533,0.3172
9750,0,0.386858,0.613142,client0.log,0.5062,0.2819,0.509,0.2504
9750,1,0.367436,0.632564,client1.log,0.3725,0.3589,0.3713,0.3671
9750,2,0.368243,0.631757,client2.log,0.3442,0.3774,0.3568,0.3947
9750,3,0.37209,0.62791,client3.log,0.4543,0.3327,0.3959,0.3054
9750,4,0.368205,0.631795,client4.log,0.3958,0.3374,0.3823,0.3573
9800,0,0.369321,0.630679,client0.log,0.3533,0.4297,0.3144,0.3798
9800,1,0.369042,0.630958,client1.log,0.321,0.3792,0.3507,0.4253
9800,2,0.368954,0.631046,client2.log,0.4048,0.3915,0.3319,0.3476
9800,3,0.3748,0.6252,client3.log,0.4106,0.3085,0.4783,0.3018
9800,4,0.377515,0.622485,client4.log,0.4564,0.2959,0.4723,0.2854
9850,0,0.367665,0.632335,client0.log,0.3972,0.3731,0.3631,0.3373
9850,1,0.37158,0.62842,client1.log,0.4501,0.3681,0.3727,0.2954
9850,2,0.367933,0.632067,client2.log,0.3735,0.3592,0.3881,0.3509
9850,3,0.36833,0.63167,client3.log,0.3441,0.3584,0.3683,0.4026
9850,4,0.370295,0.629705,client4.log,0.4364,0.3756,0.3613,0.3079
9900,0,0.369485,0.630515,client0.log,0.3988,0.3101,0.4176,0.3514
9900,1,0.368748,0.631252,client1.log,0.3332,0.3504,0.3717,0.4197
9900,2,0.368426,0.631574,client2.log,0.3302,0.3662,0.3961,0.3812
9900,3,0.374314,0.625686,client3.log,0.2976,0.4426,0.3113,0.4458
9900,4,0.367804,0.632196,client4.log,0.3532,0.3528,0.3753,0.3899
9950,0,0.370146,0.629854,client0.log,0.3382,0.4043,0.3151,0.423
9950,1,0.381243,0.618757,client1.log,0.2648,0.4575,0.2988,0.5039
9950,2,0.374276,0.625724,client2.log,0.4374,0.3091,0.4516,0.2991
9950,3,0.371152,0.628848,client3.log,0.3528,0.3199,0.4595,0.3524
9950,4,0.367407,0.632593,client4.log,0.3688,0.368,0.3599,0.3729
10000,0,0.367435,0.632565,client0.log,0.3824,0.354,0.374,0.3594
10000,1,0.378167,0.621833,client1.log,0.3205,0.4581,0.2642,0.4699
10000,2,0.369743,0.630257,client2.log,0.3793,0.4226,0.3146,0.3625
10000,3,0.389259,0.610741,client3.log,0.253,0.5085,0.2709,0.5246
10000,4,0.367512,0.632488,client4.log,0.3687,0.3807,0.3598,0.3609
10050,0,0.399293,0.600707,client0.log,0.2409,0.5766,0.2446,0.535
10050,1,0.370093,0.629907,client1.log,0.31,0.3978,0.3505,0.422
10050,2,0.368997,0.631003,client2.log,0.341,0.4004,0.3352,0.3994
10050,3,0.369531,0.630469,client3.log,0.3298,0.4059,0.3356,0.4067
10050,4,0.371851,0.628149,client4.log,0.2903,0.3574,0.3975,0.4422
10100,0,0.429443,0.570557,client0.log,0.2156,0.6636,0.1985,0.6401
10100,1,0.368123,0.631877,client1.log,0.3927,0.3384,0.3868,0.3547
10100,2,0.382814,0.617186,client2.log,0.4965,0.2765,0.4838,0.2745
10100,3,0.368574,0.631425,client3.log,0.3754,0.3501,0.4072,0.3416
10100,4,0.368113,0.631887,client4.log,0.3941,0.3814,0.3592,0.3377
10150,0,0.368009,0.631991,client0.log,0.3802,0.403,0.3498,0.3391
10150,1,0.367997,0.632003,client1.log,0.3979,0.3625,0.3646,0.3469
10150,2,0.376139,0.623861,client2.log,0.2981,0.4709,0.2968,0.4388
10150,3,0.368249,0.631751,client3.log,0.3863,0.3803,0.3345,0.3719
10150,4,0.36812,0.63188,client4.log,0.3399,0.3805,0.3502,0.4019
10200,0,0.374858,0.625142,client0.log,0.4226,0.2925,0.4742,0.3101
10200,1,0.371818,0.628182,client1.log,0.2959,0.3968,0.3484,0.4463
10200,2,0.376734,0.623266,client2.log,0.4577,0.2906,0.4598,0.2988
10200,3,0.368166,0.631834,client3.log,0.3491,0.3796,0.3518,0.3922
10200,4,0.36798,0.63202,client4.log,0.349,0.3652,0.3526,0.4052
10250,0,0.374888,0.625112,client0.log,0.293,0.4459,0.304,0.4566
10250,1,0.368695,0.631305,client1.log,0.4023,0.3954,0.3416,0.3355
10250,2,0.367794,0.632206,client2.log,0.3793,0.356,0.3735,0.3623
10250,3,0.371171,0.628829,client3.log,0.3488,0.4525,0.3113,0.3721
10250,4,0.373933,0.626067,client4.log,0.4605,0.2983,0.4226,0.3144
10300,0,0.395102,0.604898,client0.log,0.2537,0.5441,0.2441,0.5385
10300,1,0.368032,0.631968,client1.log,0.3845,0.3573,0.3881,0.3422
10300,2,0.375745,0.624255,client2.log,0.4649,0.3014,0.4432,0.2935
10300,3,0.374122,0.625878,client3.log,0.2751,0.4197,0.3524,0.4493
10300,4,0.369585,0.630414,client4.log,0.3445,0.4046,0.3186,0.4106
10350,0,0.372773,0.627227,client0.log,0.3264,0.4495,0.2953,0.4199
10350,1,0.374589,0.625411,client1.log,0.2857,0.3759,0.3468,0.4899
10350,2,0.376952,0.623048,client2.log,0.2764,0.4585,0.3142,0.4587
10350,3,0.367939,0.632061,client3.log,0.3497,0.3842,0.3637,0.3741
10350,4,0.375505,0.624495,client4.log,0.2896,0.3956,0.3198,0.497
10400,0,0.367907,0.632093,client0.log,0.3936,0.3403,0.3913,0.3464
10400,1,0.377328,0.622672,client1.log,0.2785,0.4711,0.3041,0.4556
10400,2,0.372159,0.627841,client2.log,0.3527,0.4351,0.2899,0.4109
10400,3,0.368086,0.631914,client3.log,0.3515,0.37,0.3567,0.3941
10400,4,0.376927,0.623073,client4.log,0.3006,0.4534,0.2866,0.4672
10450,0,0.368271,0.631729,client0.log,0.3877,0.3346,0.4003,0.3505
10450,1,0.368196,0.631804,client1.log,0.3477,0.3606,0.359,0.4055
10450,2,0.372767,0.627233,client2.log,0.4241,0.312,0.4434,0.3115
10450,3,0.377488,0.622512,client3.log,0.2793,0.4962,0.3135,0.4209
10450,4,0.367573,0.632427,client4.log,0.3776,0.358,0.3771,0.3575
10500,0,0.36972,0.63028,client0.log,0.4231,0.3308,0.4011,0.3239
10500,1,0.380608,0.619392,client1.log,0.4789,0.2996,0.4784,0.2655
10500,2,0.367865,0.632135,client2.log,0.3744,0.3774,0.3467,0.3729
10500,3,0.374122,0.625878,client3.log,0.292,0.3828,0.3387,0.483
10500,4,0.376012,0.623988,client4.log,0.2947,0.4382,0.2999,0.4713
10550,0,0.372574,0.627426,client0.log,0.4162,0.3375,0.4465,0.29
10550,1,0.368323,0.631677,client1.log,0.3516,0.3472,0.4125,0.3619
10550,2,0.368271,0.631729,client2.log,0.3842,0.3849,0.3349,0.3691
10550,3,0.368158,0.631842,client3.log,0.3634,0.342,0.3745,0.3927
10550,4,0.37721,0.62279,client4.log,0.4545,0.3059,0.4684,0.2801
10600,0,0.381026,0.618973,client0.log,0.4327,0.2519,0.5174,0.3221
10600,1,0.372326,0.627674,client1.log,0.4291,0.307,0.4364,0.3168
10600,2,0.367937,0.632063,client2.log,0.381,0.3808,0.3679,0.342
10600,3,0.381162,0.618838,client3.log,0.2801,0.467,0.2819,0.4957
10600,4,0.372457,0.627543,client4.log,0.2996,0.4314,0.3268,0.4321
10650,0,0.367891,0.632109,client0.log,0.3434,0.3722,0.3631,0.3929
10650,1,0.372076,0.627924,client1.log,0.2986,0.3671,0.3583,0.4643
10650,2,0.371213,0.628787,client2.log,0.3875,0.3047,0.4451,0.3475
10650,3,0.371588,0.628412,client3.log,0.4183,0.3031,0.4282,0.3368
10650,4,0.37072,0.62928,client4.log,0.355,0.2996,0.4264,0.4018
10700,0,0.393074,0.606926,client0.log,0.2544,0.5133,0.2526,0.552
10700,1,0.367533,0.632467,client1.log,0.3702,0.3786,0.3613,0.3601
10700,2,0.368712,0.631288,client2.log,0.3285,0.3932,0.3576,0.3955
10700,3,0.36865,0.63135,client3.log,0.3653,0.407,0.3325,0.3698
10700,4,0.368502,0.631498,client4.log,0.345,0.3568,0.3564,0.4159
10750,0,0.392625,0.607375,client0.log,0.2478,0.5269,0.2612,0.5346
10750,1,0.370139,0.629861,client1.log,0.3761,0.3174,0.4398,0.3472
10750,2,0.368181,0.631819,client2.log,0.344,0.3899,0.3545,0.3844
10750,3,0.369048,0.630952,client3.log,0.3769,0.3253,0.413,0.361
10750,4,0.3686,0.6314,client4.log,0.3354,0.3652,0.361,0.4128
10800,0,0.367508,0.632492,client0.log,0.3632,0.3575,0.383,0.3663
10800,1,0.371828,0.628172,client1.log,0.3122,0.3858,0.3285,0.4608
10800,2,0.369175,0.630825,client2.log,0.3155,0.3929,0.371,0.3973
10800,3,0.367823,0.632177,client3.log,0.3625,0.3773,0.356,0.3754
10800,4,0.371065,0.628935,client4.log,0.4335,0.397,0.3564,0.2974
10850,0,0.377738,0.622262,client0.log,0.4816,0.2909,0.4486,0.2898
10850,1,0.37179,0.62821,client1.log,0.4471,0.3438,0.398,0.2982
10850,2,0.368452,0.631548,client2.log,0.4041,0.374,0.3481,0.3476
10850,3,0.369496,0.630504,client3.log,0.3191,0.3845,0.3576,0.4167
10850,4,0.367731,0.632269,client4.log,0.3468,0.3911,0.3523,0.3807
10900,0,0.374619,0.625381,client0.log,0.3025,0.4536,0.3008,0.4416
10900,1,0.368793,0.631207,client1.log,0.3211,0.3713,0.3686,0.4142
10900,2,0.37132,0.62868,client2.log,0.4497,0.3224,0.3905,0.3227
10900,3,0.378403,0.621597,client3.log,0.3028,0.4675,0.2769,0.4664
10900,4,0.382205,0.617795,client4.log,0.4116,0.2389,0.5254,0.3529
10950,0,0.368367,0.631633,client0.log,0.3229,0.3791,0.3818,0.3897
10950,1,0.367025,0.632975,client1.log,0.352,0.3737,0.3553,0.3872
10950,2,0.372138,0.627862,client2.log,0.4285,0.328,0.4287,0.3034
10950,3,0.373053,0.626947,client3.log,0.4454,0.31,0.4261,0.3106
10950,4,0.3694,0.6306,client4.log,0.3471,0.4265,0.327,0.3769
11000,0,0.367926,0.632074,client0.log,0.3975,0.3677,0.3713,0.3353
11000,1,0.368166,0.631834,client1.log,0.3889,0.3569,0.3861,0.3408
11000,2,0.368502,0.631498,client2.log,0.3831,0.3444,0.4003,0.3462
11000,3,0.379348,0.620652,client3.log,0.2938,0.4648,0.2792,0.4796
11000,4,0.370469,0.629531,client4.log,0.311,0.3561,0.3721,0.4427
11050,0,0.367639,0.632361,client0.log,0.3618,0.3541,0.3955,0.3591
11050,1,0.36919,0.63081,client1.log,0.3635,0.3131,0.407,0.3931
11050,2,0.36842,0.63158,client2.log,0.3425,0.393,0.3478,0.3904
11050,3,0.397723,0.602277,client3.log,0.5462,0.2545,0.552,0.2382
11050,4,0.370882,0.629118,client4.log,0.4311,0.4058,0.3414,0.3052
11100,0,0.372433,0.627567,client0.log,0.4613,0.327,0.3999,0.3016
11100,1,0.373876,0.626124,client1.log,0.2975,0.4088,0.3174,0.4719
11100,2,0.372506,0.627494,client2.log,0.432,0.3049,0.4315,0.3217
11100,3,0.37384,0.62616,client3.log,0.3205,0.469,0.2988,0.4071
11100,4,0.369892,0.630108,client4.log,0.4219,0.3668,0.3842,0.3066
11150,0,0.36907,0.63093,client0.log,0.3979,0.333,0.4104,0.335
11150,1,0.367835,0.632165,client1.log,0.3477,0.3659,0.3616,0.3961
11150,2,0.367973,0.632027,client2.log,0.3475,0.3708,0.3649,0.3887
11150,3,0.368812,0.631188,client3.log,0.3252,0.3817,0.3667,0.4016
11150,4,0.374177,0.625823,client4.log,0.3458,0.4699,0.2799,0.401
11200,0,0.36745,0.63255,client0.log,0.3827,0.3381,0.388,0.361
11200,1,0.367604,0.632396,client1.log,0.3567,0.3752,0.3585,0.38
11200,2,0.369035,0.630965,client2.log,0.3725,0.3305,0.4153,0.3579
11200,3,0.376553,0.623447,client3.log,0.345,0.5009,0.2736,0.3867
11200,4,0.374201,0.625799,client4.log,0.3398,0.4775,0.2853,0.3942
11250,0,0.367607,0.632393,client0.log,0.3585,0.3842,0.3497,0.378
11250,1,0.36818,0.63182,client1.log,0.3912,0.345,0.3901,0.3465
11250,2,0.374682,0.625318,client2.log,0.454,0.2965,0.4384,0.3098
11250,3,0.368643,0.631357,client3.log,0.3427,0.3983,0.3426,0.3909
11250,4,0.367677,0.632323,client4.log,0.3588,0.3585,0.3683,0.3851
11300,0,0.373473,0.626527,client0.log,0.4416,0.2998,0.4425,0.31
11300,1,0.368585,0.631415,client1.log,0.3275,0.3939,0.3443,0.4086
11300,2,0.36918,0.63082,client2.log,0.4211,0.3679,0.358,0.3297
11300,3,0.367762,0.632238,client3.log,0.362,0.3659,0.3658,0.3774
11300,4,0.3822,0.6178,client4.log,0.2992,0.4917,0.2576,0.4803
11350,0,0.384449,0.615551,client0.log,0.5326,0.3184,0.4462,0.2407
11350,1,0.367682,0.632318,client1.log,0.3557,0.3865,0.3533,0.3752
11350,2,0.367672,0.632328,client2.log,0.3638,0.3731,0.365,0.3689
11350,3,0.376532,0.623468,client3.log,0.2728,0.4572,0.3254,0.4508
11350,4,0.368791,0.631209,client4.log,0.4061,0.3318,0.3893,0.3479
11400,0,0.368697,0.631303,client0.log,0.3337,0.347,0.3737,0.4204
11400,1,0.370738,0.629262,client1.log,0.4055,0.3137,0.4293,0.3346
11400,2,0.367709,0.632291,client2.log,0.3703,0.3639,0.3766,0.3601
11400,3,0.368888,0.631112,client3.log,0.3261,0.3812,0.3606,0.4077
11400,4,0.381708,0.618292,client4.log,0.2688,0.4419,0.2946,0.5215
11450,0,0.367383,0.632617,client0.log,0.3556,0.3862,0.3656,0.3621
11450,1,0.368783,0.631217,client1.log,0.346,0.3774,0.3368,0.415
11450,2,0.377627,0.622373,client2.log,0.4709,0.2903,0.4559,0.2934
11450,3,0.370572,0.629427,client3.log,0.3476,0.3216,0.4485,0.3646
11450,4,0.367606,0.632394,client4.log,0.3764,0.3655,0.3747,0.3539
11500,0,0.368355,0.631645,client0.log,0.3669,0.3675,0.3321,0.407
11500,1,0.370155,0.629845,client1.log,0.3815,0.3121,0.4391,0.3479
11500,2,0.37629,0.62371,client2.log,0.4677,0.297,0.4442,0.2962
11500,3,0.368075,0.631925,client3.log,0.3427,0.3633,0.3809,0.3854
11500,4,0.37057,0.62943,client4.log,0.3119,0.4022,0.3359,0.4323
11550,0,0.367111,0.632889,client0.log,0.3516,0.3718,0.3744,0.3706
11550,1,0.368139,0.631861,client1.log,0.3584,0.3877,0.3361,0.3903
11550,2,0.367885,0.632115,client2.log,0.3541,0.3806,0.3565,0.3803
11550,3,0.369336,0.630664,client3.log,0.3956,0.4083,0.3221,0.3513
11550,4,0.377478,0.622522,client4.log,0.4157,0.2621,0.4905,0.3417
11600,0,0.367893,0.632107,client0.log,0.3432,0.3564,0.3866,0.3854
11600,1,0.369648,0.630352,client1.log,0.3706,0.4228,0.3107,0.3745
11600,2,0.367964,0.632036,client2.log,0.37,0.3676,0.3464,0.3879
11600,3,0.373946,0.626054,client3.log,0.4266,0.3068,0.4564,0.306
11600,4,0.39219,0.60781,client4.log,0.5039,0.24,0.551,0.2738
11650,0,0.36767,0.63233,client0.log,0.3458,0.3783,0.3588,0.3878
11650,1,0.37078,0.62922,client1.log,0.4141,0.3177,0.4257,0.3256
11650,2,0.368526,0.631474,client2.log,0.3444,0.4035,0.3358,0.3903
11650,3,0.380369,0.619631,client3.log,0.2736,0.4495,0.2959,0.5025
11650,4,0.367842,0.632158,client4.log,0.3417,0.3701,0.3855,0.3741
11700,0,0.36772,0.63228,client0.log,0.3935,0.3792,0.3468,0.3514
11700,1,0.367617,0.632383,client1.log,0.3585,0.3793,0.3522,0.3805
11700,2,0.370993,0.629007,client2.log,0.427,0.3137,0.4154,0.3278
11700,3,0.368375,0.631625,client3.log,0.3964,0.3431,0.3817,0.3523
11700,4,0.367847,0.632153,client4.log,0.358,0.365,0.3539,0.3945
11750,0,0.367625,0.632375,client0.log,0.3572,0.3817,0.3514,0.3801
11750,1,0.369913,0.630087,client1.log,0.3447,0.3611,0.332,0.4418
11750,2,0.368512,0.631488,client2.log,0.3796,0.3967,0.3282,0.3695
11750,3,0.375452,0.624548,client3.log,0.3355,0.4978,0.2864,0.3821
11750,4,0.367537,0.632463,client4.log,0.3767,0.3608,0.3704,0.3622
11800,0,0.368403,0.631597,client0.log,0.399,0.3263,0.4031,0.3452
11800,1,0.372491,0.627509,client1.log,0.4486,0.3069,0.4184,0.3161
11800,2,0.370606,0.629394,client2.log,0.4085,0.3252,0.4254,0.3234
11800,3,0.368798,0.631202,client3.log,0.3456,0.4164,0.3671,0.346
11800,4,0.384484,0.615516,client4.log,0.4936,0.3112,0.4913,0.2418
11850,0,0.367532,0.632468,client0.log,0.3914,0.3657,0.3587,0.3543
11850,1,0.368704,0.631296,client1.log,0.3283,0.3867,0.3492,0.4106
11850,2,0.368226,0.631774,client2.log,0.3941,0.3508,0.3464,0.3816
11850,3,0.368181,0.631819,client3.log,0.3656,0.3414,0.3957,0.37
11850,4,0.368889,0.631111,client4.log,0.3952,0.3402,0.4045,0.3356
11900,0,0.367223,0.632777,client0.log,0.3715,0.3692,0.3575,0.3707
11900,1,0.367843,0.632157,client1.log,0.3589,0.349,0.3735,0.39
11900,2,0.396699,0.603301,client2.log,0.5354,0.2995,0.5414,0.2104
11900,3,0.369628,0.630372,client3.log,0.4028,0.3227,0.4101,0.3429
11900,4,0.378971,0.621029,client4.log,0.4801,0.2801,0.4618,0.2939
11950,0,0.371876,0.628124,client0.log,0.4434,0.3917,0.3671,0.2853
11950,1,0.367605,0.632395,client1.log,0.3832,0.3683,0.3748,0.3442
11950,2,0.388557,0.611444,client2.log,0.2659,0.5209,0.26,0.5073
11950,3,0.39511,0.60489,client3.log,0.5709,0.2642,0.5056,0.2397
11950,4,0.36899,0.63101,client4.log,0.3986,0.3372,0.4038,0.3364
12000,0,0.367747,0.632253,client0.log,0.3605,0.3487,0.3648,0.397
12000,1,0.367559,0.632441,client1.log,0.3767,0.368,0.3695,0.356
12000,2,0.390987,0.609013,client2.log,0.263,0.4996,0.2535,0.5479
12000,3,0.369317,0.630683,client3.log,0.3875,0.3204,0.4118,0.3576
12000,4,0.369318,0.630682,client4.log,0.3284,0.3994,0.3366,0.4129
12050,0,0.368395,0.631605,client0.log,0.3557,0.4088,0.3231,0.386
12050,1,0.368198,0.631802,client1.log,0.3922,0.3337,0.387,0.3599
12050,2,0.368562,0.631438,client2.log,0.3497,0.3939,0.3357,0.395
12050,3,0.372181,0.627819,client3.log,0.3119,0.4327,0.3179,0.4262
12050,4,0.371887,0.628113,client4.log,0.2958,0.3925,0.3469,0.4523
12100,0,0.367219,0.632781,client0.log,0.3717,0.3573,0.372,0.3678
12100,1,0.37637,0.62363,client1.log,0.4726,0.2991,0.4462,0.2876
12100,2,0.369365,0.630635,client2.log,0.4233,0.3447,0.3795,0.3299
12100,3,0.380202,0.619798,client3.log,0.3141,0.4703,0.2597,0.4767
12100,4,0.367735,0.632265,client4.log,0.3497,0.3797,0.3586,0.3829
12150,0,0.367995,0.632005,client0.log,0.336,0.3967,0.3395,0.3999
12150,1,0.392856,0.607144,client1.log,0.2525,0.4953,0.2577,0.566
12150,2,0.36854,0.63146,client2.log,0.3507,0.3761,0.3416,0.4057
12150,3,0.380715,0.619285,client3.log,0.4369,0.2652,0.5132,0.3075
12150,4,0.372898,0.627102,client4.log,0.3116,0.4219,0.3092,0.449
12200,0,0.377034,0.622966,client0.log,0.4726,0.2881,0.4505,0.2971
12200,1,0.181569,0.818431,client1.log,0.1744,0.1897,0.1791,0.1831
12200,2,0.369691,0.630309,client2.log,0.4135,0.3416,0.4012,0.3225
12200,3,0.376599,0.623401,client3.log,0.2831,0.4353,0.3114,0.4767
12200,4,0.368852,0.631148,client4.log,0.3322,0.3475,0.3776,0.4181
12250,0,0.370502,0.629498,client0.log,0.3342,0.4218,0.3116,0.4144
12250,1,0.196875,0.803125,client1.log,0.1993,0.181,0.2222,0.1851
12250,2,0.368405,0.631595,client2.log,0.3752,0.3338,0.3956,0.3691
12250,3,0.369462,0.630538,client3.log,0.3256,0.3597,0.3665,0.426
12250,4,0.381139,0.618861,client4.log,0.4772,0.2745,0.4861,0.2868
12300,0,0.367808,0.632192,client0.log,0.3981,0.3553,0.381,0.3369
12300,1,0.366611,0.633389,client1.log,0.3499,0.3585,0.3616,0.3964
12300,2,0.367874,0.632126,client2.log,0.3571,0.3516,0.3845,0.3783
12300,3,0.368609,0.631391,client3.log,0.3767,0.4023,0.3654,0.3301
12300,4,0.379493,0.620507,client4.log,0.4953,0.2825,0.4521,0.2881
12350,0,0.367366,0.632634,client0.log,0.3682,0.3618,0.3717,0.3677
12350,1,0.383646,0.616354,client1.log,0.5013,0.268,0.4961,0.2692
12350,2,0.377055,0.622945,client2.log,0.2838,0.4475,0.3054,0.4716
12350,3,0.368312,0.631688,client3.log,0.3513,0.3554,0.361,0.4056
12350,4,0.386744,0.613256,client4.log,0.2548,0.5167,0.2789,0.4966
12400,0,0.370149,0.629851,client0.log,0.3808,0.4176,0.2986,0.3835
12400,1,0.381516,0.618484,client1.log,0.5133,0.2716,0.4579,0.2832
12400,2,0.368728,0.631272,client2.log,0.3358,0.3918,0.3458,0.4015
12400,3,0.371137,0.628863,client3.log,0.2992,0.3605,0.3873,0.4376
12400,4,0.368592,0.631408,client4.log,0.3725,0.3305,0.4092,0.3623
12450,0,0.371644,0.628356,client0.log,0.3032,0.4143,0.3286,0.4405
12450,1,0.370856,0.629144,client1.log,0.3136,0.4519,0.3118,0.4062
12450,2,0.380657,0.619343,client2.log,0.2816,0.4894,0.2835,0.4682
12450,3,0.367797,0.632203,client3.log,0.3719,0.3568,0.3673,0.3752
12450,4,0.379891,0.620109,client4.log,0.4615,0.2856,0.49,0.2825
12500,0,0.368494,0.631506,client0.log,0.4006,0.3468,0.3913,0.3353
12500,1,0.372736,0.627264,client1.log,0.2903,0.4344,0.3195,0.4468
12500,2,0.367656,0.632344,client2.log,0.3668,0.3768,0.3629,0.3641
12500,3,0.368202,0.631798,client3.log,0.3808,0.3823,0.3369,0.3728
12500,4,0.369016,0.630984,client4.log,0.3454,0.334,0.375,0.4217
12550,0,0.372674,0.627326,client0.log,0.2985,0.3979,0.3306,0.4637
12550,1,0.370268,0.629732,client1.log,0.3355,0.4536,0.3107,0.3813
12550,2,0.367822,0.632177,client2.log,0.3506,0.3718,0.3664,0.3825
12550,3,0.391077,0.608923,client3.log,0.25,0.5223,0.2665,0.5256
12550,4,0.38831,0.61169,client4.log,0.5026,0.2748,0.5239,0.2519
12600,0,0.368834,0.631166,client0.log,0.3267,0.3833,0.3505,0.4148
12600,1,0.387816,0.612184,client1.log,0.2459,0.5028,0.2774,0.5252
12600,2,0.367967,0.632033,client2.log,0.3769,0.3792,0.3695,0.3463
12600,3,0.368064,0.631936,client3.log,0.3403,0.3773,0.3824,0.3723
12600,4,0.369832,0.630168,client4.log,0.3131,0.3676,0.3699,0.4287
12650,0,0.369635,0.630365,client0.log,0.3217,0.4008,0.3326,0.4234
12650,1,0.366553,0.633447,client1.log,0.3743,0.3606,0.3718,0.3596
12650,2,0.372689,0.627311,client2.log,0.3096,0.4211,0.3145,0.4456
12650,3,0.375736,0.624264,client3.log,0.3086,0.4484,0.2894,0.4566
12650,4,0.368143,0.631857,client4.log,0.3594,0.3471,0.4057,0.3604
12700,0,0.367516,0.632484,client0.log,0.3721,0.3611,0.3803,0.3565
12700,1,0.370882,0.629118,client1.log,0.4231,0.3199,0.428,0.3126
12700,2,0.372753,0.627247,client2.log,0.4349,0.3187,0.4344,0.303
12700,3,0.371034,0.628966,client3.log,0.451,0.3792,0.3319,0.322
12700,4,0.373896,0.626104,client4.log,0.2977,0.3678,0.3395,0.4905
12750,0,0.367702,0.632298,client0.log,0.3376,0.38,0.3758,0.3775
12750,1,0.367179,0.632821,client1.log,0.3965,0.3523,0.3727,0.3472
12750,2,0.369359,0.630641,client2.log,0.3264,0.3892,0.3468,0.415
12750,3,0.367739,0.632261,client3.log,0.3687,0.3724,0.3592,0.3707
12750,4,0.369015,0.630985,client4.log,0.3995,0.3423,0.4032,0.3311
12800,0,0.372003,0.627997,client0.log,0.2971,0.4121,0.3344,0.4445
12800,1,0.366941,0.633059,client1.log,0.3848,0.3651,0.376,0.3418
12800,2,0.367971,0.632029,client2.log,0.3517,0.3446,0.388,0.3875
12800,3,0.370945,0.629055,client3.log,0.3537,0.3941,0.3022,0.4337
12800,4,0.369137,0.630863,client4.log,0.4204,0.3406,0.3833,0.3322
12850,0,0.368551,0.631449,client0.log,0.3409,0.3366,0.3909,0.4058
12850,1,0.373939,0.626061,client1.log,0.2855,0.4109,0.3293,0.4701
12850,2,0.368789,0.631212,client2.log,0.3855,0.3378,0.4082,0.3436
12850,3,0.375226,0.624774,client3.log,0.4376,0.2907,0.4604,0.3123
12850,4,0.369514,0.630486,client4.log,0.3276,0.4169,0.3359,0.3976
12900,0,0.370232,0.629768,client0.log,0.4243,0.3178,0.4111,0.3277
12900,1,0.369757,0.630243,client1.log,0.4397,0.3373,0.3784,0.3236
12900,2,0.371487,0.628513,client2.log,0.4239,0.3622,0.4075,0.2924
12900,3,0.36805,0.63195,client3.log,0.3443,0.3863,0.3735,0.3681
12900,4,0.369928,0.630072,client4.log,0.4103,0.4127,0.3175,0.3392
12950,0,0.371429,0.628571,client0.log,0.3263,0.4287,0.3091,0.4217
12950,1,0.367713,0.632287,client1.log,0.3542,0.3422,0.3737,0.4008
12950,2,0.373573,0.626427,client2.log,0.2888,0.4489,0.331,0.4256
12950,3,0.368253,0.631747,client3.log,0.3748,0.334,0.3854,0.3788
12950,4,0.381499,0.618501,client4.log,0.4695,0.2845,0.497,0.2751
13000,0,0.369542,0.630458,client0.log,0.3292,0.4137,0.3295,0.4058
13000,1,0.373018,0.626982,client1.log,0.441,0.3112,0.4391,0.3007
13000,2,0.369361,0.630639,client2.log,0.4279,0.3629,0.358,0.3287
13000,3,0.370773,0.629227,client3.log,0.3045,0.4065,0.3501,0.422
13000,4,0.383703,0.616297,client4.log,0.2635,0.4744,0.2853,0.5115
13050,0,0.367368,0.632632,client0.log,0.3632,0.3535,0.3817,0.3711
13050,1,0.370309,0.629691,client1.log,0.3888,0.305,0.4375,0.35
13050,2,0.37286,0.62714,client2.log,0.431,0.321,0.4386,0.301
13050,3,0.369461,0.630539,client3.log,0.3321,0.3606,0.3544,0.4307
13050,4,0.371253,0.628747,client4.log,0.432,0.3138,0.4139,0.3253
13100,0,0.373968,0.626032,client0.log,0.2924,0.4342,0.3181,0.4513
13100,1,0.368943,0.631057,client1.log,0.3651,0.3103,0.3996,0.4008
13100,2,0.368616,0.631384,client2.log,0.3403,0.4003,0.3448,0.3891
13100,3,0.368593,0.631407,client3.log,0.3371,0.3674,0.3622,0.4077
13100,4,0.367855,0.632145,client4.log,0.3585,0.3772,0.348,0.3878
13150,0,0.367785,0.632215,client0.log,0.3843,0.3539,0.3868,0.3461
13150,1,0.368905,0.631095,client1.log,0.3116,0.3706,0.3696,0.4238
13150,2,0.369559,0.630441,client2.log,0.3276,0.3909,0.3411,0.4187
13150,3,0.367712,0.632288,client3.log,0.3646,0.3718,0.3712,0.3633
13150,4,0.36844,0.63156,client4.log,0.3523,0.3882,0.3358,0.3975
13200,0,0.369785,0.630215,client0.log,0.3338,0.4309,0.3225,0.3919
13200,1,0.375304,0.624696,client1.log,0.3149,0.4916,0.2896,0.4051
13200,2,0.36886,0.63114,client2.log,0.3487,0.385,0.3323,0.4095
13200,3,0.369982,0.630018,client3.log,0.3716,0.4325,0.3578,0.318
13200,4,0.369597,0.630403,client4.log,0.4171,0.3535,0.3936,0.3141
13250,0,0.373482,0.626518,client0.log,0.2946,0.3535,0.3606,0.4852
13250,1,0.374769,0.625231,client1.log,0.2759,0.3459,0.3912,0.486
13250,2,0.369896,0.630104,client2.log,0.3976,0.3141,0.4167,0.3512
13250,3,0.36775,0.63225,client3.log,0.3701,0.3621,0.3674,0.3715
13250,4,0.380073,0.619927,client4.log,0.2839,0.469,0.2824,0.485
13300,0,0.367681,0.632319,client0.log,0.3516,0.3574,0.4049,0.3569
13300,1,0.368161,0.631839,client1.log,0.3469,0.3333,0.4053,0.3872
13300,2,0.368512,0.631488,client2.log,0.3359,0.3725,0.3576,0.4081
13300,3,0.371111,0.628889,client3.log,0.403,0.3957,0.3965,0.2892
13300,4,0.369476,0.630524,client4.log,0.4204,0.3835,0.3161,0.3579
13350,0,0.370477,0.629523,client0.log,0.4199,0.3561,0.4058,0.3001
13350,1,0.390486,0.609514,client1.log,0.5683,0.2894,0.4707,0.2335
13350,2,0.3679,0.6321,client2.log,0.355,0.357,0.361,0.3986
13350,3,0.372332,0.627668,client3.log,0.4219,0.3046,0.4379,0.3249
13350,4,0.370008,0.629992,client4.log,0.3201,0.3724,0.35,0.4375
13400,0,0.367554,0.632446,client0.log,0.349,0.3868,0.3649,0.3696
13400,1,0.36752,0.63248,client1.log,0.3583,0.3339,0.4008,0.3771
13400,2,0.405415,0.594585,client2.log,0.239,0.5768,0.2305,0.5753
13400,3,0.376744,0.623256,client3.log,0.3246,0.5295,0.3131,0.3399
13400,4,0.368161,0.631839,client4.log,0.3649,0.3359,0.3962,0.3757
13450,0,0.368468,0.631532,client0.log,0.3247,0.3708,0.3765,0.4019
13450,1,0.367923,0.632077,client1.log,0.3395,0.3729,0.3574,0.4019
13450,2,0.369386,0.630614,client2.log,0.4124,0.3284,0.3978,0.3389
13450,3,0.369156,0.630844,client3.log,0.3861,0.3173,0.402,0.3712
13450,4,0.394052,0.605948,client4.log,0.5488,0.2567,0.523,0.2477
13500,0,0.377031,0.622969,client0.log,0.5027,0.3308,0.4032,0.2714
13500,1,0.368458,0.631542,client1.log,0.41,0.3759,0.3809,0.307
13500,2,0.36768,0.63232,client2.log,0.3502,0.3795,0.3606,0.3804
13500,3,0.368805,0.631194,client3.log,0.3462,0.4116,0.3397,0.3777
13500,4,0.37087,0.62913,client4.log,0.4119,0.3126,0.4273,0.3316
13550,0,0.378016,0.621984,client0.log,0.2684,0.4439,0.3156,0.4841
13550,1,0.393642,0.606358,client1.log,0.2307,0.5113,0.2763,0.5563
13550,2,0.368098,0.631902,client2.log,0.3527,0.3958,0.3561,0.3678
13550,3,0.369415,0.630585,client3.log,0.3282,0.3999,0.3409,0.4086
13550,4,0.368468,0.631532,client4.log,0.3483,0.3492,0.4133,0.3631
13600,0,0.374608,0.625392,client0.log,0.4141,0.2921,0.4765,0.3157
13600,1,0.369552,0.630448,client1.log,0.3444,0.4411,0.3261,0.3666
13600,2,0.367946,0.632054,client2.log,0.3805,0.3797,0.3602,0.3514
13600,3,0.371689,0.628311,client3.log,0.4389,0.3826,0.3744,0.2909
13600,4,0.385878,0.614122,client4.log,0.2849,0.505,0.2536,0.5001
13650,0,0.373582,0.626418,client0.log,0.3024,0.4382,0.3084,0.4454
13650,1,0.367492,0.632508,client1.log,0.3593,0.3865,0.3429,0.3812
13650,2,0.368922,0.631078,client2.log,0.4171,0.3763,0.3538,0.3285
13650,3,0.369518,0.630482,client3.log,0.377,0.3125,0.4104,0.3782
13650,4,0.372829,0.627171,client4.log,0.3223,0.4513,0.3008,0.4169
13700,0,0.367826,0.632174,client0.log,0.3467,0.3899,0.3481,0.3867
13700,1,0.370433,0.629567,client1.log,0.3171,0.4002,0.3275,0.4369
13700,2,0.367874,0.632126,client2.log,0.3463,0.375,0.3713,0.3789
13700,3,0.368907,0.631093,client3.log,0.3386,0.3647,0.3539,0.4184
13700,4,0.368299,0.631701,client4.log,0.3538,0.3961,0.3339,0.3894
13750,0,0.378407,0.621593,client0.log,0.2724,0.4262,0.3098,0.5052
13750,1,0.367332,0.632668,client1.log,0.3437,0.3772,0.3554,0.3931
13750,2,0.374664,0.625336,client2.log,0.2832,0.439,0.3279,0.4486
13750,3,0.368452,0.631548,client3.log,0.3833,0.3306,0.3724,0.3874
13750,4,0.367644,0.632356,client4.log,0.3554,0.3698,0.3644,0.3809
13800,0,0.378894,0.621106,client0.log,0.2818,0.4551,0.2911,0.4877
13800,1,0.370536,0.629464,client1.log,0.366,0.3425,0.4545,0.3191
13800,2,0.384185,0.615815,client2.log,0.4951,0.277,0.4959,0.2687
13800,3,0.369824,0.630176,client3.log,0.4133,0.327,0.4045,0.3344
13800,4,0.36926,0.63074,client4.log,0.4194,0.385,0.3255,0.3471
13850,0,0.37198,0.62802,client0.log,0.441,0.325,0.4201,0.3019
13850,1,0.367932,0.632068,client1.log,0.4058,0.3265,0.3643,0.3751
13850,2,0.370632,0.629368,client2.log,0.4329,0.3363,0.3988,0.3144
13850,3,0.367947,0.632053,client3.log,0.3482,0.3798,0.3705,0.3734
13850,4,0.370554,0.629446,client4.log,0.3052,0.4101,0.3481,0.4188
13900,0,0.367575,0.632425,client0.log,0.3601,0.3807,0.358,0.3715
13900,1,0.36738,0.63262,client1.log,0.3585,0.3938,0.3563,0.3608
13900,2,0.368663,0.631337,client2.log,0.3615,0.3896,0.3302,0.3934
13900,3,0.367818,0.632182,client3.log,0.3827,0.3701,0.356,0.3625
13900,4,0.37031,0.62969,client4.log,0.4178,0.3652,0.3966,0.3015
13950,0,0.375908,0.624092,client0.log,0.2903,0.4612,0.3005,0.4516
13950,1,0.375773,0.624227,client1.log,0.2697,0.403,0.3391,0.4912
13950,2,0.385517,0.614483,client2.log,0.2714,0.5042,0.2677,0.4987
13950,3,0.367731,0.632269,client3.log,0.3634,0.3622,0.3709,0.3744
13950,4,0.370131,0.629869,client4.log,0.3245,0.4299,0.3311,0.395
14000,0,0.368352,0.631648,client0.log,0.4024,0.3543,0.3898,0.3269
14000,1,0.37356,0.62644,client1.log,0.2919,0.4159,0.3202,0.4662
14000,2,0.385843,0.614157,client2.log,0.2812,0.4973,0.2577,0.5072
14000,3,0.39876,0.60124,client3.log,0.509,0.2311,0.5928,0.2622
14000,4,0.370167,0.629833,client4.log,0.4199,0.3406,0.4045,0.3158
14050,0,0.369533,0.630467,client0.log,0.3985,0.3293,0.4218,0.3285
14050,1,0.370041,0.629959,client1.log,0.3061,0.421,0.3509,0.4022
14050,2,0.369706,0.630294,client2.log,0.3355,0.3982,0.3276,0.4176
14050,3,0.369325,0.630675,client3.log,0.403,0.3292,0.4033,0.3418
14050,4,0.368336,0.631664,client4.log,0.351,0.3768,0.342,0.4035
14100,0,0.36784,0.63216,client0.log,0.3374,0.3753,0.3662,0.3925
14100,1,0.368651,0.631349,client1.log,0.319,0.3503,0.4038,0.4014
14100,2,0.368837,0.631163,client2.log,0.3395,0.39,0.3359,0.4099
14100,3,0.368074,0.631926,client3.log,0.3787,0.3895,0.3546,0.3494
14100,4,0.36977,0.63023,client4.log,0.3323,0.3259,0.4125,0.4083
14150,0,0.367324,0.632676,client0.log,0.3803,0.3598,0.3754,0.3539
14150,1,0.367692,0.632308,client1.log,0.3395,0.3844,0.3536,0.3932
14150,2,0.368462,0.631538,client2.log,0.4047,0.3755,0.3473,0.3463
14150,3,0.370915,0.629085,client3.log,0.4176,0.3472,0.4148,0.3041
14150,4,0.375965,0.624035,client4.log,0.3123,0.4505,0.2823,0.4588
14200,0,0.372944,0.627056,client0.log,0.4056,0.4572,0.2858,0.3432
14200,1,0.368476,0.631524,client1.log,0.3836,0.3945,0.3147,0.3811
14200,2,0.381925,0.618075,client2.log,0.272,0.4585,0.2872,0.51
14200,3,0.367734,0.632266,client3.log,0.3623,0.3677,0.366,0.3749
14200,4,0.37198,0.62802,client4.log,0.2916,0.3484,0.4228,0.4251
14250,0,0.371137,0.628863,client0.log,0.3219,0.428,0.3112,0.4234
14250,1,0.368112,0.631888,client1.log,0.3997,0.3407,0.3897,0.3423
14250,2,0.367871,0.632129,client2.log,0.348,0.3829,0.3556,0.385
14250,3,0.376258,0.623742,client3.log,0.3145,0.478,0.2835,0.429
14250,4,0.373251,0.626749,client4.log,0.4412,0.2829,0.4236,0.3453
14300,0,0.367645,0.632355,client0.log,0.3739,0.3432,0.3708,0.3826
14300,1,0.369831,0.630169,client1.log,0.3436,0.4231,0.3101,0.4025
14300,2,0.36937,0.63063,client2.log,0.3533,0.419,0.3227,0.3825
14300,3,0.376736,0.623264,client3.log,0.2883,0.4164,0.3083,0.494
14300,4,0.37738,0.62262,client4.log,0.2955,0.2918,0.4909,0.4313
14350,0,0.369155,0.630845,client0.log,0.3277,0.3931,0.3388,0.417
14350,1,0.381715,0.618285,client1.log,0.4907,0.2991,0.48,0.257
14350,2,0.367818,0.632182,client2.log,0.3591,0.3821,0.358,0.3721
14350,3,0.374984,0.625016,client3.log,0.3223,0.4422,0.2846,0.4509
14350,4,0.378026,0.621974,client4.log,0.2899,0.4513,0.2901,0.4808
14400,0,0.367638,0.632362,client0.log,0.3534,0.3845,0.3521,0.3805
14400,1,0.370269,0.629731,client1.log,0.3139,0.3644,0.352,0.4507
14400,2,0.368209,0.631791,client2.log,0.3916,0.384,0.3426,0.3546
14400,3,0.367871,0.632129,client3.log,0.3689,0.3855,0.3602,0.3569
14400,4,0.367293,0.632707,client4.log,0.3702,0.367,0.3677,0.3644
14450,0,0.368649,0.631351,client0.log,0.3913,0.4051,0.3392,0.339
14450,1,0.367631,0.632369,client1.log,0.3902,0.3481,0.3927,0.3395
14450,2,0.371081,0.628919,client2.log,0.3378,0.4505,0.3166,0.3794
14450,3,0.36802,0.63198,client3.log,0.3806,0.3519,0.3852,0.3544
14450,4,0.369515,0.630485,client4.log,0.4331,0.3404,0.3702,0.3344
14500,0,0.368586,0.631414,client0.log,0.378,0.4132,0.3417,0.3415
14500,1,0.368319,0.631681,client1.log,0.3386,0.3556,0.3613,0.4178
14500,2,0.368059,0.631941,client2.log,0.3481,0.3804,0.3523,0.3914
14500,3,0.369178,0.630822,client3.log,0.3623,0.4133,0.323,0.3781
14500,4,0.368266,0.631734,client4.log,0.3623,0.3359,0.4037,0.3711
14550,0,0.36915,0.63085,client0.log,0.4163,0.3204,0.3842,0.3557
14550,1,0.368615,0.631385,client1.log,0.3439,0.3655,0.3398,0.4252
14550,2,0.368248,0.631752,client2.log,0.3806,0.3357,0.3904,0.3663
14550,3,0.371634,0.628366,client3.log,0.3034,0.3582,0.3697,0.4552
14550,4,0.369386,0.630614,client4.log,0.3125,0.3746,0.3758,0.4147
14600,0,0.369188,0.630812,client0.log,0.379,0.3222,0.4239,0.3516
14600,1,0.381488,0.618512,client1.log,0.5096,0.3122,0.4515,0.2526
14600,2,0.375512,0.624488,client2.log,0.4515,0.3141,0.4507,0.2858
14600,3,0.377198,0.622802,client3.log,0.477,0.3346,0.432,0.2651
14600,4,0.37775,0.62225,client4.log,0.2751,0.4049,0.3214,0.5096
14650,0,0.371294,0.628706,client0.log,0.3024,0.4032,0.3387,0.441
14650,1,0.375103,0.624897,client1.log,0.3154,0.4579,0.2831,0.4441
14650,2,0.367718,0.632282,client2.log,0.3715,0.3627,0.3635,0.3732
14650,3,0.36785,0.63215,client3.log,0.3642,0.3551,0.3825,0.3697
14650,4,0.367667,0.632333,client4.log,0.3767,0.3559,0.383,0.355
14700,0,0.369155,0.630845,client0.log,0.3451,0.4226,0.3278,0.3811
14700,1,0.367327,0.632674,client1.log,0.3871,0.3558,0.3591,0.3673
14700,2,0.368236,0.631764,client2.log,0.3584,0.3363,0.3876,0.3906
14700,3,0.367819,0.632181,client3.log,0.3558,0.3631,0.3712,0.3812
14700,4,0.370601,0.629399,client4.log,0.3608,0.3054,0.4378,0.3784
14750,0,0.372081,0.627919,client0.log,0.4417,0.3272,0.4187,0.3007
14750,1,0.369866,0.630134,client1.log,0.3323,0.4085,0.3199,0.4188
14750,2,0.394055,0.605945,client2.log,0.5396,0.2546,0.5319,0.2501
14750,3,0.367816,0.632184,client3.log,0.3661,0.3552,0.3727,0.3772
14750,4,0.370906,0.629094,client4.log,0.4007,0.329,0.4369,0.3169
14800,0,0.367486,0.632514,client0.log,0.3537,0.3745,0.3605,0.3812
14800,1,0.366965,0.633035,client1.log,0.3791,0.3679,0.346,0.3749
14800,2,0.367929,0.632071,client2.log,0.3775,0.3524,0.3852,0.3566
14800,3,0.367857,0.632143,client3.log,0.3575,0.3793,0.3594,0.3753
14800,4,0.368079,0.631921,client4.log,0.3789,0.339,0.3891,0.3653
14850,0,0.367589,0.632411,client0.log,0.3754,0.3876,0.3492,0.3582
14850,1,0.368417,0.631583,client1.log,0.4082,0.3503,0.3771,0.3381
14850,2,0.370395,0.629605,client2.log,0.3424,0.4158,0.3124,0.4109
14850,3,0.372387,0.627613,client3.log,0.4591,0.3466,0.3865,0.2973
14850,4,0.375094,0.624906,client4.log,0.2749,0.4365,0.3334,0.4555
14900,0,0.369009,0.630991,client0.log,0.3872,0.3301,0.4169,0.3419
14900,1,0.371161,0.628839,client1.log,0.3198,0.4117,0.3192,0.4339
14900,2,0.409559,0.590441,client2.log,0.6102,0.2351,0.5691,0.2238
14900,3,0.37042,0.62958,client3.log,0.3893,0.3151,0.4323,0.3451
14900,4,0.368973,0.631027,client4.log,0.3493,0.3962,0.3274,0.4031
14950,0,0.367727,0.632273,client0.log,0.375,0.3546,0.3904,0.3508
14950,1,0.371687,0.628313,client1.log,0.3544,0.4458,0.2945,0.3921
14950,2,0.37487,0.62513,client2.log,0.4585,0.3061,0.4364,0.2985
14950,3,0.371545,0.628455,client3.log,0.4138,0.3258,0.4341,0.3125
14950,4,0.368755,0.631245,client4.log,0.3192,0.3901,0.3769,0.3888
15000,0,0.368817,0.631183,client0.log,0.3982,0.3503,0.4006,0.3261
15000,1,0.401981,0.598019,client1.log,0.2462,0.5407,0.2332,0.5879
15000,2,0.367613,0.632387,client2.log,0.3632,0.3651,0.3793,0.3629
15000,3,0.377116,0.622884,client3.log,0.2834,0.4213,0.3106,0.4931
15000,4,0.369506,0.630494,client4.log,0.3539,0.3841,0.3193,0.4207
15050,0,0.368287,0.631713,client0.log,0.3587,0.3943,0.3279,0.3923
15050,1,0.36988,0.63012,client1.log,0.4076,0.3367,0.421,0.3142
15050,2,0.370633,0.629367,client2.log,0.4246,0.3261,0.4098,0.322
15050,3,0.370409,0.629591,client3.log,0.3879,0.3047,0.4249,0.3641
15050,4,0.369581,0.630419,client4.log,0.4205,0.3286,0.3943,0.335
15100,0,0.373176,0.626824,client0.log,0.4415,0.2999,0.4371,0.3142
15100,1,0.369375,0.630625,client1.log,0.4194,0.3537,0.3907,0.3137
15100,2,0.388452,0.611548,client2.log,0.4883,0.267,0.5378,0.2607
15100,3,0.368322,0.631678,client3.log,0.3955,0.3396,0.3809,0.3574
15100,4,0.369899,0.630101,client4.log,0.413,0.316,0.4131,0.3374
15150,0,0.369568,0.630432,client0.log,0.3275,0.4157,0.3304,0.4046
15150,1,0.367986,0.632014,client1.log,0.3897,0.3608,0.3767,0.3447
15150,2,0.37291,0.62709,client2.log,0.3132,0.4298,0.3067,0.4419
15150,3,0.374346,0.625654,client3.log,0.4652,0.3129,0.4205,0.2988
15150,4,0.369264,0.630736,client4.log,0.4121,0.3324,0.4013,0.3313
15200,0,0.368662,0.631338,client0.log,0.3853,0.3356,0.4126,0.3411
15200,1,0.36864,0.63136,client1.log,0.3639,0.3612,0.3352,0.4143
15200,2,0.375757,0.624243,client2.log,0.4776,0.3212,0.4216,0.2826
15200,3,0.374432,0.625568,client3.log,0.4287,0.2958,0.4591,0.3142
15200,4,0.379742,0.620258,client4.log,0.2673,0.4401,0.3076,0.504
15250,0,0.369807,0.630193,client0.log,0.3433,0.4146,0.3133,0.408
15250,1,0.376592,0.623408,client1.log,0.3897,0.2595,0.4864,0.3707
15250,2,0.369933,0.630067,client2.log,0.4234,0.3854,0.3577,0.3133
15250,3,0.37547,0.62453,client3.log,0.417,0.2884,0.4794,0.3171
15250,4,0.375376,0.624624,client4.log,0.2777,0.4172,0.3311,0.4755
15300,0,0.370651,0.629349,client0.log,0.3223,0.4085,0.3218,0.43
15300,1,0.369115,0.630885,client1.log,0.3908,0.4123,0.3255,0.3479
15300,2,0.367926,0.632074,client2.log,0.347,0.3809,0.3584,0.3854
15300,3,0.367736,0.632264,client3.log,0.3692,0.3613,0.3717,0.3688
15300,4,0.370541,0.629459,client4.log,0.3142,0.3937,0.3382,0.4361
15350,0,0.371837,0.628163,client0.log,0.3011,0.4271,0.332,0.4271
15350,1,0.367718,0.632282,client1.log,0.3877,0.3563,0.3593,0.3676
15350,2,0.371766,0.628234,client2.log,0.3233,0.4293,0.3105,0.424
15350,3,0.370005,0.629995,client3.log,0.4367,0.3651,0.3555,0.3227
15350,4,0.36766,0.63234,client4.log,0.362,0.3797,0.3548,0.3741
15400,0,0.367947,0.632053,client0.log,0.3533,0.3458,0.3933,0.3794
15400,1,0.368019,0.631981,client1.log,0.3895,0.3666,0.3798,0.3362
15400,2,0.36837,0.63163,client2.log,0.3634,0.346,0.4076,0.3566
15400,3,0.368495,0.631505,client3.log,0.3683,0.341,0.4067,0.3579
15400,4,0.372006,0.627994,client4.log,0.298,0.3835,0.3489,0.4576
15450,0,0.367692,0.632308,client0.log,0.3499,0.3896,0.3489,0.3825
15450,1,0.372478,0.627522,client1.log,0.4394,0.3116,0.4266,0.3124
15450,2,0.383622,0.616378,client2.log,0.2979,0.5049,0.2547,0.4771
15450,3,0.368242,0.631758,client3.log,0.3594,0.3955,0.341,0.3771
15450,4,0.375519,0.624481,client4.log,0.2865,0.3543,0.5061,0.3552
15500,0,0.367343,0.632657,client0.log,0.3761,0.371,0.352,0.3702
15500,1,0.404662,0.595338,client1.log,0.2257,0.5102,0.2498,0.633
15500,2,0.370074,0.629926,client2.log,0.3298,0.4107,0.3276,0.4122
15500,3,0.376206,0.623794,client3.log,0.4735,0.318,0.4325,0.2808
15500,4,0.368095,0.631905,client4.log,0.3885,0.34,0.3848,0.359
15550,0,0.368963,0.631037,client0.log,0.3446,0.3324,0.4234,0.3754
15550,1,0.367747,0.632253,client1.log,0.3886,0.3637,0.355,0.3636
15550,2,0.372865,0.627135,client2.log,0.4363,0.3328,0.4294,0.293
15550,3,0.3701,0.6299,client3.log,0.3143,0.3595,0.375,0.4316
15550,4,0.368117,0.631883,client4.log,0.3598,0.3503,0.3601,0.4023
15600,0,0.377074,0.622926,client0.log,0.2875,0.4582,0.2965,0.4661
15600,1,0.369314,0.630686,client1.log,0.4054,0.3125,0.3979,0.3614
15600,2,0.367932,0.632069,client2.log,0.3763,0.3495,0.3845,0.3614
15600,3,0.382432,0.617568,client3.log,0.5374,0.3159,0.4198,0.2568
15600,4,0.368297,0.631703,client4.log,0.3579,0.4088,0.342,0.3646
15650,0,0.372522,0.627478,client0.log,0.4599,0.3369,0.3975,0.2957
15650,1,0.367921,0.632079,client1.log,0.3399,0.3781,0.3625,0.3911
15650,2,0.367896,0.632104,client2.log,0.3714,0.3562,0.3852,0.3587
15650,3,0.393671,0.606329,client3.log,0.5205,0.27,0.5458,0.2384
15650,4,0.367627,0.632373,client4.log,0.3587,0.3834,0.3544,0.3739
15700,0,0.367272,0.632728,client0.log,0.3673,0.3647,0.3695,0.3676
15700,1,0.368157,0.631843,client1.log,0.3373,0.3596,0.401,0.3747
15700,2,0.367894,0.632106,client2.log,0.3716,0.388,0.347,0.3649
15700,3,0.368393,0.631607,client3.log,0.3517,0.3539,0.3618,0.4061
15700,4,0.40949,0.59051,client4.log,0.1873,0.4773,0.3057,0.6676
15750,0,0.369856,0.630144,client0.log,0.3242,0.4147,0.3261,0.4144
15750,1,0.367861,0.632139,client1.log,0.36,0.3761,0.3479,0.3874
15750,2,0.368675,0.631325,client2.log,0.3968,0.3355,0.3922,0.3502
15750,3,0.371572,0.628428,client3.log,0.4334,0.3051,0.4123,0.3355
15750,4,0.369937,0.630063,client4.log,0.337,0.4145,0.3206,0.4076
15800,0,0.368238,0.631762,client0.log,0.3398,0.391,0.3456,0.3965
15800,1,0.367063,0.632937,client1.log,0.3551,0.3656,0.3746,0.373
15800,2,0.377227,0.622773,client2.log,0.3213,0.4718,0.271,0.4448
15800,3,0.375205,0.624795,client3.log,0.4917,0.3963,0.3147,0.2981
15800,4,0.368626,0.631374,client4.log,0.3651,0.3893,0.3263,0.3937
15850,0,0.368632,0.631368,client0.log,0.3516,0.328,0.4005,0.3944
15850,1,0.369964,0.630036,client1.log,0.3386,0.4391,0.3264,0.3758
15850,2,0.38501,0.61499,client2.log,0.265,0.4865,0.2771,0.5115
15850,3,0.401798,0.598202,client3.log,0.5503,0.248,0.5764,0.2325
15850,4,0.367721,0.632279,client4.log,0.349,0.3857,0.3559,0.3803
15900,0,0.368113,0.631887,client0.log,0.3421,0.3559,0.3646,0.4098
15900,1,0.371269,0.628731,client1.log,0.2916,0.4313,0.3671,0.3951
15900,2,0.384894,0.615106,client2.log,0.2852,0.4926,0.2582,0.5035
15900,3,0.368084,0.631916,client3.log,0.3831,0.3425,0.3859,0.3608
15900,4,0.36807,0.63193,client4.log,0.3596,0.3464,0.3696,0.3967
15950,0,0.368681,0.631319,client0.log,0.3324,0.3955,0.3389,0.4079
15950,1,0.367728,0.632272,client1.log,0.375,0.3457,0.3851,0.3651
15950,2,0.368041,0.631959,client2.log,0.3365,0.37,0.3754,0.3903
15950,3,0.367801,0.632199,client3.log,0.3697,0.3721,0.3719,0.3574
15950,4,0.37101,0.62899,client4.log,0.4415,0.3138,0.4011,0.3277
16000,0,0.369139,0.630861,client0.log,0.4147,0.3151,0.3855,0.3612
16000,1,0.405428,0.594572,client1.log,0.2233,0.5898,0.2471,0.5614
16000,2,0.368289,0.631711,client2.log,0.3956,0.3431,0.3828,0.3517
16000,3,0.376799,0.623201,client3.log,0.4812,0.3292,0.4254,0.2714
16000,4,0.367714,0.632286,client4.log,0.35,0.3686,0.372,0.3802
16050,0,0.368606,0.631394,client0.log,0.363,0.4022,0.3235,0.3858
16050,1,0.371317,0.628683,client1.log,0.3564,0.4627,0.3182,0.3479
16050,2,0.376352,0.623648,client2.log,0.4338,0.2881,0.4768,0.3068
16050,3,0.375526,0.624474,client3.log,0.2776,0.4279,0.3299,0.4668
16050,4,0.367792,0.632208,client4.log,0.3746,0.3642,0.3531,0.3793
16100,0,0.367902,0.632098,client0.log,0.3608,0.3921,0.343,0.3758
16100,1,0.370776,0.629224,client1.log,0.409,0.2953,0.4147,0.3641
16100,2,0.369956,0.630044,client2.log,0.4181,0.3333,0.4029,0.3254
16100,3,0.379976,0.620024,client3.log,0.296,0.4738,0.2737,0.4765
16100,4,0.36824,0.63176,client4.log,0.3634,0.3723,0.338,0.3992
16150,0,0.369797,0.630203,client0.log,0.3331,0.4086,0.3208,0.4167
16150,1,0.375464,0.624536,client1.log,0.3081,0.4665,0.2908,0.4364
16150,2,0.367995,0.632005,client2.log,0.3508,0.3773,0.3572,0.3867
16150,3,0.37695,0.62305,client3.log,0.2981,0.4933,0.2951,0.4212
16150,4,0.37598,0.62402,client4.log,0.3068,0.4811,0.2913,0.4247
16200,0,0.367559,0.632441,client0.log,0.3569,0.3743,0.3553,0.3837
16200,1,0.367834,0.632166,client1.log,0.3534,0.3777,0.3542,0.386
16200,2,0.375711,0.624289,client2.log,0.4667,0.3046,0.439,0.2925
16200,3,0.375826,0.624174,client3.log,0.2835,0.4395,0.3164,0.4639
16200,4,0.368624,0.631376,client4.log,0.3782,0.3515,0.4086,0.3362
16250,0,0.368228,0.631772,client0.log,0.3842,0.3405,0.3984,0.3498
16250,1,0.370099,0.629901,client1.log,0.3925,0.3205,0.4293,0.3381
16250,2,0.36851,0.63149,client2.log,0.3712,0.407,0.3376,0.3583
16250,3,0.374643,0.625357,client3.log,0.4317,0.3307,0.4539,0.2822
16250,4,0.368287,0.631713,client4.log,0.3916,0.3644,0.384,0.3332
16300,0,0.373861,0.626139,client0.log,0.2891,0.3377,0.3885,0.4801
16300,1,0.372679,0.627321,client1.log,0.3758,0.4627,0.2906,0.3616
16300,2,0.372719,0.627281,client2.log,0.318,0.4643,0.314,0.3946
16300,3,0.378152,0.621848,client3.log,0.4576,0.2761,0.4727,0.3062
16300,4,0.368279,0.631721,client4.log,0.3634,0.4072,0.3451,0.3574
16350,0,0.378487,0.621513,client0.log,0.4709,0.2842,0.4687,0.2901
16350,1,0.368178,0.631822,client1.log,0.3484,0.3788,0.3516,0.3939
16350,2,0.371427,0.628573,client2.log,0.4059,0.3208,0.4395,0.3195
16350,3,0.368003,0.631997,client3.log,0.3586,0.3518,0.3748,0.3868
16350,4,0.370353,0.629647,client4.log,0.3549,0.4316,0.3087,0.3861
16400,0,0.369417,0.630583,client0.log,0.3258,0.4026,0.332,0.4172
16400,1,0.377189,0.622811,client1.log,0.4761,0.2824,0.446,0.3041
16400,2,0.373743,0.626257,client2.log,0.4662,0.3093,0.4111,0.3084
16400,3,0.374051,0.625949,client3.log,0.2862,0.3646,0.3642,0.4813
16400,4,0.377916,0.622084,client4.log,0.4708,0.2791,0.4588,0.3029
16450,0,0.37445,0.62555,client0.log,0.3001,0.4404,0.3051,0.4521
16450,1,0.367455,0.632545,client1.log,0.3755,0.3681,0.3642,0.362
16450,2,0.392781,0.607219,client2.log,0.2607,0.559,0.2503,0.5011
16450,3,0.367777,0.632223,client3.log,0.3717,0.3593,0.3698,0.3703
16450,4,0.376109,0.623891,client4.log,0.4417,0.2767,0.4639,0.3222
16500,0,0.368792,0.631208,client0.log,0.3347,0.4077,0.3397,0.393
16500,1,0.36866,0.63134,client1.log,0.4124,0.38,0.3458,0.3365
16500,2,0.375139,0.624861,client2.log,0.4467,0.2968,0.4526,0.3044
16500,3,0.374341,0.625659,client3.log,0.4663,0.3119,0.4192,0.3
16500,4,0.369175,0.630825,client4.log,0.3803,0.3849,0.3986,0.3129
16550,0,0.367438,0.632562,client0.log,0.3738,0.3694,0.3689,0.3577
16550,1,0.387396,0.612604,client1.log,0.2531,0.4938,0.2788,0.5239
16550,2,0.368092,0.631908,client2.log,0.3488,0.3891,0.3507,0.3838
16550,3,0.392253,0.607747,client3.log,0.2241,0.4772,0.3024,0.5653
16550,4,0.367854,0.632146,client4.log,0.3522,0.388,0.3552,0.376
16600,0,0.368768,0.631232,client0.log,0.3971,0.3306,0.4112,0.3361
16600,1,0.387361,0.612639,client1.log,0.2845,0.2486,0.4986,0.5177
16600,2,0.372147,0.627853,client2.log,0.4614,0.3619,0.3661,0.2992
16600,3,0.368756,0.631244,client3.log,0.4088,0.3489,0.3797,0.3376
16600,4,0.370977,0.629023,client4.log,0.3172,0.4009,0.3273,0.4384
16650,0,0.368028,0.631972,client0.log,0.3768,0.3969,0.3513,0.3471
16650,1,0.367603,0.632397,client1.log,0.3584,0.3655,0.3665,0.38
16650,2,0.399316,0.600684,client2.log,0.2475,0.5118,0.2423,0.5957
16650,3,0.368533,0.631467,client3.log,0.4018,0.358,0.3774,0.3369
16650,4,0.373688,0.626312,client4.log,0.4319,0.4488,0.3156,0.2985
16700,0,0.367347,0.632653,client0.log,0.3631,0.3602,0.3742,0.3719
16700,1,0.378763,0.621237,client1.log,0.3068,0.4604,0.2709,0.477
16700,2,0.369051,0.630949,client2.log,0.3342,0.3787,0.346,0.4173
16700,3,0.368806,0.631194,client3.log,0.3411,0.3518,0.3669,0.4155
16700,4,0.367652,0.632348,client4.log,0.3683,0.3612,0.3664,0.3747
16750,0,0.374649,0.625351,client0.log,0.4643,0.3603,0.4066,0.2675
16750,1,0.369028,0.630972,client1.log,0.4021,0.4071,0.3237,0.3432
16750,2,0.368514,0.631486,client2.log,0.3536,0.4074,0.3392,0.3739
16750,3,0.368367,0.631633,client3.log,0.3891,0.3623,0.3859,0.3362
16750,4,0.375946,0.624054,client4.log,0.4459,0.2693,0.4536,0.3349
16800,0,0.367503,0.632497,client0.log,0.3415,0.3812,0.3801,0.3672
16800,1,0.367651,0.632349,client1.log,0.3566,0.3869,0.3607,0.3665
16800,2,0.372739,0.627261,client2.log,0.452,0.3379,0.4066,0.2945
16800,3,0.388179,0.611821,client3.log,0.2487,0.4967,0.2817,0.5256
16800,4,0.367738,0.632262,client4.log,0.3674,0.3644,0.389,0.3502
16850,0,0.388307,0.611693,client0.log,0.2791,0.5094,0.2482,0.5166
16850,1,0.37073,0.62927,client1.log,0.3879,0.3188,0.4417,0.3345
16850,2,0.367787,0.632213,client2.log,0.3716,0.357,0.3743,0.3682
16850,3,0.381926,0.618074,client3.log,0.4901,0.2744,0.4797,0.2835
16850,4,0.36789,0.63211,client4.log,0.3502,0.3863,0.3543,0.3807
16900,0,0.370233,0.629767,client0.log,0.3558,0.418,0.3057,0.4014
16900,1,0.36848,0.63152,client1.log,0.4116,0.3472,0.3634,0.3517
16900,2,0.367934,0.632066,client2.log,0.3746,0.3618,0.3494,0.3861
16900,3,0.37115,0.62885,client3.log,0.3358,0.3088,0.416,0.424
16900,4,0.369136,0.630864,client4.log,0.3911,0.3923,0.381,0.3122
16950,0,0.37,0.63,client0.log,0.3842,0.3183,0.436,0.3414
16950,1,0.36947,0.63053,client1.log,0.4013,0.346,0.4088,0.3218
16950,2,0.367821,0.632179,client2.log,0.3686,0.3811,0.3603,0.3612
16950,3,0.369244,0.630756,client3.log,0.4044,0.3978,0.348,0.3268
16950,4,0.369029,0.630971,client4.log,0.3507,0.3257,0.3961,0.4037
17000,0,0.369818,0.630182,client0.log,0.4378,0.3517,0.3724,0.3174
17000,1,0.367767,0.632233,client1.log,0.3721,0.3919,0.3515,0.3556
17000,2,0.368342,0.631658,client2.log,0.3318,0.3771,0.3759,0.3885
17000,3,0.375104,0.624896,client3.log,0.4493,0.2905,0.4473,0.3134
17000,4,0.371666,0.628334,client4.log,0.3693,0.4217,0.287,0.4087
17050,0,0.374429,0.625571,client0.log,0.2947,0.4493,0.3078,0.4458
17050,1,0.36889,0.63111,client1.log,0.3475,0.4137,0.3332,0.3811
17050,2,0.369033,0.630967,client2.log,0.3566,0.4191,0.3338,0.3666
17050,3,0.370714,0.629286,client3.log,0.4337,0.3808,0.3648,0.3035
17050,4,0.36881,0.63119,client4.log,0.3385,0.3586,0.3595,0.4187
17100,0,0.379409,0.620591,client0.log,0.29,0.4838,0.2796,0.4643
17100,1,0.372466,0.627534,client1.log,0.3296,0.4519,0.2994,0.4089
17100,2,0.372565,0.627435,client2.log,0.3426,0.4619,0.2957,0.3901
17100,3,0.368474,0.631526,client3.log,0.344,0.3478,0.3845,0.3975
17100,4,0.371898,0.628102,client4.log,0.3538,0.3018,0.4623,0.3697
17150,0,0.36745,0.63255,client0.log,0.3641,0.3543,0.3856,0.3658
17150,1,0.376937,0.623063,client1.log,0.3193,0.4515,0.2715,0.4654
17150,2,0.369641,0.630359,client2.log,0.3254,0.3843,0.3446,0.4243
17150,3,0.368157,0.631843,client3.log,0.3862,0.3601,0.3841,0.3423
17150,4,0.368714,0.631286,client4.log,0.3946,0.375,0.3858,0.3195
17200,0,0.367628,0.632372,client0.log,0.3486,0.3666,0.3706,0.3847
17200,1,0.37226,0.62774,client1.log,0.3661,0.4648,0.2971,0.3612
17200,2,0.368927,0.631073,client2.log,0.3882,0.3288,0.4058,0.3529
17200,3,0.37145,0.628551,client3.log,0.3268,0.3903,0.3185,0.4502
17200,4,0.375093,0.624907,client4.log,0.312,0.4345,0.291,0.4629
17250,0,0.369946,0.630054,client0.log,0.3246,0.4087,0.3275,0.419
17250,1,0.368356,0.631644,client1.log,0.3992,0.3727,0.3702,0.3312
17250,2,0.368919,0.631081,client2.log,0.3449,0.4068,0.3352,0.3888
17250,3,0.370401,0.629599,client3.log,0.4018,0.3386,0.4246,0.3166
17250,4,0.370189,0.629811,client4.log,0.432,0.3583,0.3816,0.3089
17300,0,0.368965,0.631034,client0.log,0.4025,0.3287,0.4033,0.3414
17300,1,0.367491,0.632509,client1.log,0.3687,0.3675,0.3628,0.371
17300,2,0.370127,0.629873,client2.log,0.4178,0.3584,0.3962,0.308
17300,3,0.380287,0.619713,client3.log,0.4713,0.2884,0.4826,0.2789
17300,4,0.370066,0.629934,client4.log,0.4153,0.4015,0.3566,0.3069
17350,0,0.36734,0.63266,client0.log,0.3563,0.3722,0.3624,0.3784
17350,1,0.368221,0.631779,client1.log,0.3838,0.3931,0.3434,0.3526
17350,2,0.367915,0.632085,client2.log,0.3903,0.3584,0.3664,0.3565
17350,3,0.368109,0.631891,client3.log,0.38,0.3827,0.3685,0.3413
17350,4,0.367918,0.632082,client4.log,0.3712,0.3476,0.3893,0.3636
17400,0,0.387657,0.612343,client0.log,0.5361,0.2946,0.4795,0.2404
17400,1,0.373042,0.626958,client1.log,0.2811,0.4043,0.35,0.4568
17400,2,0.367602,0.632398,client2.log,0.3903,0.3607,0.3765,0.3429
17400,3,0.369808,0.630192,client3.log,0.3527,0.3267,0.3649,0.4349
17400,4,0.36791,0.63209,client4.log,0.3699,0.3674,0.3439,0.3904
17450,0,0.367899,0.632101,client0.log,0.4009,0.3823,0.3552,0.3332
17450,1,0.37338,0.62662,client1.log,0.3042,0.4267,0.3122,0.4503
17450,2,0.400749,0.599251,client2.log,0.2616,0.5637,0.2241,0.5537
17450,3,0.367714,0.632286,client3.log,0.3715,0.3683,0.3768,0.3543
17450,4,0.385206,0.614794,client4.log,0.2268,0.3376,0.4883,0.4881
17500,0,0.372008,0.627992,client0.log,0.4365,0.4122,0.3527,0.2867
17500,1,0.369866,0.630134,client1.log,0.4168,0.4036,0.3415,0.3176
17500,2,0.371844,0.628156,client2.log,0.3029,0.3726,0.3535,0.4584
17500,3,0.370136,0.629864,client3.log,0.3424,0.3271,0.3707,0.4404
17500,4,0.368934,0.631066,client4.log,0.3459,0.3758,0.3358,0.4183
17550,0,0.367999,0.632002,client0.log,0.3839,0.3328,0.394,0.3612
17550,1,0.368126,0.631874,client1.log,0.3513,0.3559,0.4075,0.3579
17550,2,0.368502,0.631498,client2.log,0.3528,0.398,0.3388,0.3844
17550,3,0.371102,0.628898,client3.log,0.3493,0.4177,0.3014,0.4161
17550,4,0.376159,0.623841,client4.log,0.3079,0.4609,0.286,0.4499
17600,0,0.371323,0.628677,client0.log,0.3116,0.4427,0.319,0.412
17600,1,0.367601,0.632399,client1.log,0.3738,0.3552,0.3769,0.3644
17600,2,0.378113,0.621887,client2.log,0.2834,0.4728,0.2978,0.4584
17600,3,0.368368,0.631632,client3.log,0.3753,0.4007,0.3554,0.342
17600,4,0.368432,0.631568,client4.log,0.3407,0.3464,0.3953,0.3913
17650,0,0.367473,0.632527,client0.log,0.3651,0.3568,0.378,0.3701
17650,1,0.380731,0.619269,client1.log,0.2693,0.2975,0.4483,0.5079
17650,2,0.367784,0.632216,client2.log,0.3622,0.3582,0.383,0.3677
17650,3,0.368543,0.631457,client3.log,0.3665,0.3482,0.4095,0.35
17650,4,0.370574,0.629426,client4.log,0.3992,0.3631,0.4197,0.3003
17700,0,0.369107,0.630893,client0.log,0.3177,0.3721,0.3668,0.4198
17700,1,0.368238,0.631762,client1.log,0.3309,0.3842,0.3765,0.3815
17700,2,0.368486,0.631513,client2.log,0.3702,0.3362,0.4041,0.3634
17700,3,0.369084,0.630916,client3.log,0.3246,0.36,0.3825,0.4093
17700,4,0.37039,0.62961,client4.log,0.3748,0.3123,0.4395,0.3549
17750,0,0.368878,0.631122,client0.log,0.3861,0.3431,0.4141,0.3322
17750,1,0.369648,0.630352,client1.log,0.3546,0.4335,0.3243,0.3662
17750,2,0.370527,0.629473,client2.log,0.3267,0.4443,0.3293,0.3818
17750,3,0.367762,0.632238,client3.log,0.3739,0.3695,0.3584,0.3692
17750,4,0.369749,0.630251,client4.log,0.3212,0.3563,0.4348,0.3666
17800,0,0.376748,0.623252,client0.log,0.2875,0.4554,0.2991,0.465
17800,1,0.367594,0.632406,client1.log,0.3687,0.366,0.371,0.3647
17800,2,0.372668,0.627332,client2.log,0.4189,0.2956,0.4423,0.3339
17800,3,0.371411,0.628589,client3.log,0.445,0.3302,0.3969,0.3135
17800,4,0.367981,0.632019,client4.log,0.3716,0.3444,0.3911,0.3649
17850,0,0.367519,0.632481,client0.log,0.3692,0.3517,0.3765,0.3728
17850,1,0.374953,0.625047,client1.log,0.4816,0.3204,0.4083,0.2895
17850,2,0.368615,0.631385,client2.log,0.3761,0.3371,0.4057,0.3555
17850,3,0.376139,0.623861,client3.log,0.4695,0.3376,0.4274,0.27
17850,4,0.369332,0.630668,client4.log,0.3315,0.336,0.4019,0.408
17900,0,0.367423,0.632577,client0.log,0.3693,0.3568,0.3826,0.361
17900,1,0.377207,0.622793,client1.log,0.4954,0.3396,0.4109,0.2629
17900,2,0.368431,0.631569,client2.log,0.3926,0.357,0.386,0.3382
17900,3,0.368069,0.631931,client3.log,0.344,0.3684,0.3744,0.3855
17900,4,0.370961,0.629039,client4.log,0.4326,0.3171,0.4077,0.3265
17950,0,0.367759,0.632241,client0.log,0.35,0.3783,0.3553,0.3875
17950,1,0.368109,0.631891,client1.log,0.3588,0.3406,0.403,0.3701
17950,2,0.367708,0.632292,client2.log,0.372,0.3781,0.3618,0.3589
17950,3,0.37234,0.62766,client3.log,0.4396,0.335,0.4171,0.2977
17950,4,0.369377,0.630623,client4.log,0.4287,0.3721,0.3435,0.3332
18000,0,0.369687,0.630313,client0.log,0.3257,0.421,0.3358,0.3963
18000,1,0.372841,0.627159,client1.log,0.3826,0.3038,0.4738,0.3312
18000,2,0.368657,0.631343,client2.log,0.4085,0.3553,0.3384,0.3725
18000,3,0.380371,0.619629,client3.log,0.3915,0.2504,0.5224,0.3572
18000,4,0.367322,0.632678,client4.log,0.365,0.365,0.3678,0.3715
18050,0,0.36911,0.63089,client0.log,0.3292,0.3368,0.4051,0.4053
18050,1,0.367358,0.632642,client1.log,0.3446,0.3696,0.348,0.4073
18050,2,0.368226,0.631774,client2.log,0.3468,0.3833,0.3477,0.3951
18050,3,0.371898,0.628102,client3.log,0.3526,0.3466,0.4699,0.3186
18050,4,0.369284,0.630716,client4.log,0.3732,0.3161,0.4125,0.3754
18100,0,0.367282,0.632718,client0.log,0.3673,0.3761,0.3668,0.3589
18100,1,0.368045,0.631955,client1.log,0.3792,0.3159,0.3997,0.3774
18100,2,0.367639,0.632361,client2.log,0.3681,0.3603,0.3691,0.373
18100,3,0.371641,0.628359,client3.log,0.3225,0.4244,0.3137,0.426
18100,4,0.373947,0.626053,client4.log,0.3199,0.3129,0.369,0.4939
18150,0,0.369046,0.630954,client0.log,0.3957,0.4087,0.3198,0.3521
18150,1,0.367289,0.632711,client1.log,0.4039,0.3722,0.3477,0.3454
18150,2,0.369111,0.630889,client2.log,0.4196,0.3777,0.3541,0.3251
18150,3,0.369466,0.630534,client3.log,0.372,0.4226,0.3221,0.3612
18150,4,0.368503,0.631497,client4.log,0.3731,0.4089,0.3436,0.3484
18200,0,0.367753,0.632247,client0.log,0.3587,0.3607,0.3578,0.3938
18200,1,0.369078,0.630922,client1.log,0.3934,0.3144,0.4243,0.3442
18200,2,0.377735,0.622265,client2.log,0.2888,0.4713,0.2944,0.4564
18200,3,0.373315,0.626685,client3.log,0.3883,0.2814,0.4582,0.3654
18200,4,0.372234,0.627766,client4.log,0.3291,0.4305,0.301,0.4283
18250,0,0.368586,0.631414,client0.log,0.3662,0.328,0.415,0.3651
18250,1,0.367441,0.632559,client1.log,0.3578,0.3496,0.3897,0.3726
18250,2,0.369007,0.630993,client2.log,0.3289,0.3569,0.377,0.4132
18250,3,0.368604,0.631396,client3.log,0.3287,0.396,0.3791,0.3706
18250,4,0.379284,0.620716,client4.log,0.4151,0.5188,0.2755,0.3078
18300,0,0.367716,0.632284,client0.log,0.3615,0.353,0.3834,0.3731
18300,1,0.368292,0.631708,client1.log,0.401,0.3245,0.3738,0.374
18300,2,0.370234,0.629766,client2.log,0.3014,0.3973,0.3728,0.4095
18300,3,0.370505,0.629495,client3.log,0.3282,0.3424,0.3626,0.4489
18300,4,0.369695,0.630305,client4.log,0.3257,0.4037,0.3365,0.4129
18350,0,0.377154,0.622846,client0.log,0.2822,0.4517,0.3027,0.4721
18350,1,0.37076,0.62924,client1.log,0.3323,0.4298,0.31,0.4109
18350,2,0.399653,0.600347,client2.log,0.2311,0.5581,0.2563,0.5531
18350,3,0.368613,0.631387,client3.log,0.3977,0.3482,0.3889,0.3396
18350,4,0.368082,0.631918,client4.log,0.3494,0.3662,0.3999,0.3569
18400,0,0.369548,0.630452,client0.log,0.3492,0.4131,0.3164,0.3994
18400,1,0.372179,0.627821,client1.log,0.4332,0.3158,0.4315,0.3082
18400,2,0.368565,0.631435,client2.log,0.3504,0.3774,0.3407,0.4057
18400,3,0.373654,0.626346,client3.log,0.4373,0.2924,0.44,0.325
18400,4,0.390231,0.609769,client4.log,0.2382,0.4154,0.3078,0.5995
18450,0,0.368753,0.631247,client0.log,0.3411,0.4237,0.3363,0.3739
18450,1,0.368143,0.631857,client1.log,0.4063,0.3608,0.375,0.3305
18450,2,0.388558,0.611442,client2.log,0.2825,0.5169,0.2462,0.5086
18450,3,0.374792,0.625208,client3.log,0.4759,0.3321,0.4064,0.2848
18450,4,0.373174,0.626826,client4.log,0.4258,0.3125,0.4483,0.3061
18500,0,0.368753,0.631247,client0.log,0.3374,0.3423,0.4135,0.3818
18500,1,0.367375,0.632625,client1.log,0.3504,0.3855,0.3572,0.3764
18500,2,0.36819,0.63181,client2.log,0.3811,0.3752,0.336,0.3805
18500,3,0.372006,0.627994,client3.log,0.4314,0.3047,0.4229,0.3289
18500,4,0.371449,0.628551,client4.log,0.4559,0.3395,0.3799,0.3105
18550,0,0.367869,0.632131,client0.log,0.3943,0.3529,0.3796,0.3446
18550,1,0.37626,0.62374,client1.log,0.2693,0.3431,0.3965,0.4962
18550,2,0.368584,0.631416,client2.log,0.3659,0.4038,0.3303,0.3743
18550,3,0.368849,0.631151,client3.log,0.3494,0.3627,0.4191,0.3442
18550,4,0.368494,0.631506,client4.log,0.3609,0.3953,0.332,0.3858
18600,0,0.371658,0.628342,client0.log,0.3309,0.3035,0.4238,0.4284
18600,1,0.367893,0.632107,client1.log,0.4036,0.3471,0.3736,0.3473
18600,2,0.377085,0.622915,client2.log,0.4038,0.255,0.4779,0.3717
18600,3,0.368421,0.631579,client3.log,0.366,0.3459,0.406,0.3558
18600,4,0.380673,0.619327,client4.log,0.5045,0.3243,0.4405,0.2534
18650,0,0.367574,0.632426,client0.log,0.3772,0.3554,0.373,0.3646
18650,1,0.366953,0.633047,client1.log,0.3593,0.3749,0.3584,0.3752
18650,2,0.369888,0.630112,client2.log,0.4305,0.329,0.385,0.3351
18650,3,0.371907,0.628093,client3.log,0.3278,0.314,0.4567,0.3891
18650,4,0.368219,0.631781,client4.log,0.3934,0.3354,0.3761,0.3679
18700,0,0.367434,0.632566,client0.log,0.3467,0.3748,0.3568,0.3914
18700,1,0.367488,0.632512,client1.log,0.3625,0.3721,0.3537,0.3817
18700,2,0.368634,0.631366,client2.log,0.3934,0.3665,0.389,0.3256
18700,3,0.367897,0.632103,client3.log,0.3755,0.3708,0.3743,0.351
18700,4,0.381906,0.618094,client4.log,0.477,0.2695,0.4936,0.2875
18750,0,0.372269,0.627731,client0.log,0.343,0.4287,0.2907,0.4268
18750,1,0.370586,0.629414,client1.log,0.3969,0.4216,0.2923,0.3714
18750,2,0.368481,0.631519,client2.log,0.3963,0.3472,0.3889,0.3415
18750,3,0.368904,0.631096,client3.log,0.4013,0.3571,0.3272,0.3901
18750,4,0.370805,0.629195,client4.log,0.4017,0.4249,0.3561,0.3005
18800,0,0.369803,0.630197,client0.log,0.4281,0.3508,0.387,0.3134
18800,1,0.374364,0.625636,client1.log,0.2799,0.328,0.4117,0.4778
18800,2,0.370873,0.629127,client2.log,0.4016,0.2999,0.434,0.348
18800,3,0.36776,0.63224,client3.log,0.3656,0.367,0.3705,0.3679
18800,4,0.372184,0.627816,client4.log,0.3358,0.2968,0.4223,0.4338
18850,0,0.368001,0.631999,client0.log,0.3508,0.3518,0.4004,0.369
18850,1,0.382228,0.617772,client1.log,0.3068,0.519,0.2536,0.4495
18850,2,0.373317,0.626683,client2.log,0.4225,0.4378,0.2789,0.354
18850,3,0.371277,0.628723,client3.log,0.2945,0.3606,0.4122,0.4178
18850,4,0.372482,0.627518,client4.log,0.3315,0.4061,0.3002,0.4521
18900,0,0.374428,0.625572,client0.log,0.47,0.389,0.3685,0.2702
18900,1,0.378593,0.621407,client1.log,0.4755,0.2743,0.465,0.2995
18900,2,0.368826,0.631174,client2.log,0.3759,0.3266,0.407,0.3658
18900,3,0.37295,0.62705,client3.log,0.4726,0.3751,0.3456,0.2985
18900,4,0.38043,0.61957,client4.log,0.2757,0.29,0.4837,0.4723
18950,0,0.368273,0.631727,client0.log,0.3524,0.3957,0.3357,0.3893
18950,1,0.373425,0.626575,client1.log,0.2732,0.4039,0.3634,0.4532
18950,2,0.371954,0.628046,client2.log,0.4475,0.3744,0.3755,0.2904
18950,3,0.368124,0.631876,client3.log,0.3491,0.3832,0.3533,0.3869
18950,4,0.370858,0.629142,client4.log,0.4381,0.3936,0.3422,0.3095
19000,0,0.381667,0.618333,client0.log,0.4767,0.2795,0.4933,0.2772
19000,1,0.367475,0.632525,client1.log,0.3694,0.3498,0.3868,0.364
19000,2,0.367947,0.632053,client2.log,0.3737,0.3523,0.3891,0.3567
19000,3,0.367865,0.632135,client3.log,0.3723,0.3776,0.3661,0.3554
19000,4,0.368236,0.631764,client4.log,0.3535,0.399,0.3765,0.3439
19050,0,0.369986,0.630014,client0.log,0.3314,0.423,0.3208,0.4047
19050,1,0.367622,0.632378,client1.log,0.3864,0.3414,0.3806,0.3621
19050,2,0.368897,0.631103,client2.log,0.3274,0.3637,0.376,0.4084
19050,3,0.368555,0.631445,client3.log,0.4069,0.3736,0.3436,0.3501
19050,4,0.367597,0.632403,client4.log,0.3686,0.3788,0.3637,0.3593
19100,0,0.382991,0.617009,client0.log,0.2945,0.5331,0.2623,0.4421
19100,1,0.370177,0.629823,client1.log,0.3542,0.3111,0.4418,0.3736
19100,2,0.394912,0.605088,client2.log,0.2415,0.5478,0.2606,0.5297
19100,3,0.368619,0.631381,client3.log,0.384,0.3612,0.3975,0.3318
19100,4,0.369648,0.630352,client4.log,0.314,0.3729,0.3685,0.4232
19150,0,0.36791,0.63209,client0.log,0.3769,0.3434,0.3973,0.354
19150,1,0.367352,0.632648,client1.log,0.3676,0.3698,0.3758,0.3562
19150,2,0.37141,0.62859,client2.log,0.4102,0.3048,0.433,0.3377
19150,3,0.370507,0.629493,client3.log,0.3144,0.4359,0.3469,0.3849
19150,4,0.378635,0.621365,client4.log,0.4301,0.2685,0.4984,0.3176
19200,0,0.369881,0.630119,client0.log,0.4193,0.3961,0.3592,0.3049
19200,1,0.367745,0.632255,client1.log,0.3828,0.3367,0.385,0.3664
19200,2,0.370176,0.629824,client2.log,0.34,0.4046,0.3162,0.4199
19200,3,0.36828,0.63172,client3.log,0.3968,0.3743,0.3465,0.3555
19200,4,0.370106,0.629894,client4.log,0.3622,0.3226,0.4418,0.3538
19250,0,0.378485,0.621515,client0.log,0.4439,0.2796,0.4915,0.299
19250,1,0.369787,0.630213,client1.log,0.3293,0.4046,0.3248,0.4204
19250,2,0.368616,0.631384,client2.log,0.3338,0.3795,0.4035,0.3578
19250,3,0.367805,0.632195,client3.log,0.3592,0.3744,0.3651,0.3725
19250,4,0.368569,0.631431,client4.log,0.3487,0.4122,0.3415,0.3719
19300,0,0.372581,0.627419,client0.log,0.2961,0.4382,0.3282,0.4278
19300,1,0.367444,0.632556,client1.log,0.3803,0.3831,0.348,0.3583
19300,2,0.370939,0.629061,client2.log,0.4326,0.3405,0.4014,0.3093
19300,3,0.372115,0.627885,client3.log,0.4565,0.377,0.3584,0.2966
19300,4,0.394319,0.605681,client4.log,0.2877,0.5839,0.2271,0.4786
19350,0,0.367497,0.632503,client0.log,0.354,0.3723,0.3579,0.3858
19350,1,0.374754,0.625246,client1.log,0.3012,0.4606,0.3011,0.4361
19350,2,0.378432,0.621568,client2.log,0.5077,0.3106,0.4179,0.2775
19350,3,0.368782,0.631218,client3.log,0.3973,0.3886,0.362,0.3272
19350,4,0.367921,0.632079,client4.log,0.3835,0.3508,0.3869,0.3505
19400,0,0.367603,0.632397,client0.log,0.3573,0.3528,0.3804,0.3799
19400,1,0.368328,0.631672,client1.log,0.382,0.33,0.407,0.3543
19400,2,0.371613,0.628387,client2.log,0.4206,0.3197,0.4297,0.3164
19400,3,0.368535,0.631465,client3.log,0.3687,0.362,0.4052,0.3383
19400,4,0.367778,0.632222,client4.log,0.3708,0.3813,0.3489,0.3701
19450,0,0.373508,0.626492,client0.log,0.4718,0.3442,0.3918,0.2862
19450,1,0.367957,0.632043,client1.log,0.3709,0.4025,0.3405,0.358
19450,2,0.371569,0.628431,client2.log,0.318,0.3183,0.4246,0.4254
19450,3,0.367741,0.632259,client3.log,0.3676,0.3657,0.3709,0.3667
19450,4,0.368821,0.631179,client4.log,0.4192,0.3482,0.3681,0.3398
19500,0,0.367856,0.632144,client0.log,0.3803,0.338,0.3975,0.3556
19500,1,0.376237,0.623763,client1.log,0.2587,0.3846,0.3768,0.4849
19500,2,0.371836,0.628164,client2.log,0.4279,0.3067,0.4262,0.3266
19500,3,0.370766,0.629234,client3.log,0.3082,0.3806,0.3549,0.4393
19500,4,0.371633,0.628367,client4.log,0.3175,0.3904,0.3244,0.4542
19550,0,0.368901,0.631099,client0.log,0.4022,0.3375,0.4008,0.3351
19550,1,0.383819,0.616181,client1.log,0.5263,0.3296,0.4419,0.2375
19550,2,0.368646,0.631354,client2.log,0.3684,0.3909,0.327,0.3883
19550,3,0.368382,0.631618,client3.log,0.3889,0.3839,0.3345,0.3662
19550,4,0.367792,0.632208,client4.log,0.3781,0.3777,0.3504,0.365
19600,0,0.36726,0.63274,client0.log,0.3764,0.3717,0.3667,0.3542
19600,1,0.368441,0.631559,client1.log,0.3639,0.324,0.3769,0.4089
19600,2,0.368251,0.631749,client2.log,0.3546,0.3983,0.3441,0.376
19600,3,0.367955,0.632045,client3.log,0.3692,0.3571,0.358,0.3875
19600,4,0.367662,0.632338,client4.log,0.3631,0.381,0.3532,0.3734
19650,0,0.376475,0.623525,client0.log,0.3745,0.263,0.4955,0.373
19650,1,0.369378,0.630622,client1.log,0.4412,0.3539,0.3387,0.3438
19650,2,0.369251,0.630749,client2.log,0.3675,0.4124,0.3207,0.3764
19650,3,0.368386,0.631614,client3.log,0.3524,0.3563,0.3594,0.4054
19650,4,0.369956,0.630044,client4.log,0.3273,0.4229,0.3308,0.3988
19700,0,0.367401,0.632599,client0.log,0.3692,0.3664,0.3708,0.3632
19700,1,0.38354,0.61646,client1.log,0.2479,0.4737,0.3037,0.5088
19700,2,0.372076,0.627924,client2.log,0.4507,0.3289,0.4014,0.3072
19700,3,0.371853,0.628147,client3.log,0.394,0.4393,0.2912,0.363
19700,4,0.373488,0.626512,client4.log,0.3075,0.4481,0.308,0.4304
19750,0,0.367991,0.632009,client0.log,0.336,0.3837,0.3664,0.3858
19750,1,0.372823,0.627177,client1.log,0.4483,0.4197,0.3361,0.2872
19750,2,0.378935,0.621065,client2.log,0.4662,0.2932,0.4751,0.2812
19750,3,0.368347,0.631653,client3.log,0.3387,0.3834,0.3925,0.3587
19750,4,0.379323,0.620677,client4.log,0.2628,0.4289,0.3209,0.5046
19800,0,0.368217,0.631783,client0.log,0.3337,0.3981,0.354,0.387
19800,1,0.369002,0.630998,client1.log,0.3754,0.3383,0.4263,0.336
19800,2,0.368457,0.631543,client2.log,0.3955,0.3828,0.3362,0.3593
19800,3,0.368257,0.631743,client3.log,0.3587,0.3473,0.4009,0.3662
19800,4,0.372373,0.627627,client4.log,0.3352,0.4421,0.2965,0.4156
19850,0,0.359828,0.640172,client0.log,0.3513,0.3998,0.3472,0.3411
19850,1,0.367162,0.632838,client1.log,0.3681,0.3939,0.3585,0.3481
19850,2,0.369887,0.630113,client2.log,0.4144,0.3143,0.4004,0.3505
19850,3,0.372237,0.627763,client3.log,0.3013,0.3921,0.3395,0.4561
19850,4,0.37224,0.62776,client4.log,0.4388,0.3946,0.3722,0.2834
19900,0,0.373105,0.626895,client0.log,0.3131,0.4511,0.2984,0.4299
19900,1,0.37164,0.62836,client1.log,0.4042,0.3074,0.4488,0.3262
19900,2,0.371138,0.628862,client2.log,0.3011,0.4224,0.3491,0.4121
19900,3,0.372999,0.627001,client3.log,0.2926,0.4397,0.3341,0.4256
19900,4,0.368201,0.631799,client4.log,0.3989,0.3441,0.3886,0.3411
19950,0,0.367627,0.632373,client0.log,0.3521,0.3876,0.3454,0.3855
19950,1,0.370292,0.629708,client1.log,0.4133,0.3256,0.4324,0.3099
19950,2,0.380842,0.619158,client2.log,0.2913,0.4568,0.2741,0.5012
19950,3,0.367903,0.632097,client3.log,0.3539,0.3703,0.3654,0.382
19950,4,0.37012,0.62988,client4.log,0.3613,0.4088,0.3046,0.4059
20000,0,0.368763,0.631237,client0.log,0.3397,0.4038,0.3308,0.4007
20000,1,0.368178,0.631822,client1.log,0.3839,0.3359,0.4013,0.3516
20000,2,0.370263,0.629737,client2.log,0.3192,0.396,0.3381,0.4277
20000,3,0.369077,0.630923,client3.log,0.3863,0.3437,0.4117,0.3346
20000,4,0.375303,0.624697,client4.log,0.4647,0.3043,0.4367,0.2956
20050,0,0.368387,0.631613,client0.log,0.4132,0.3353,0.3742,0.3508
20050,1,0.367415,0.632585,client1.log,0.3733,0.3653,0.3726,0.3585
20050,2,0.368324,0.631676,client2.log,0.3494,0.3521,0.405,0.3669
20050,3,0.36807,0.63193,client3.log,0.358,0.3822,0.3488,0.3833
20050,4,0.378548,0.621452,client4.log,0.4687,0.3128,0.4647,0.268
20100,0,0.369447,0.630553,client0.log,0.4256,0.3736,0.3669,0.3117
20100,1,0.389332,0.610668,client1.log,0.2385,0.5252,0.2865,0.5071
20100,2,0.367725,0.632275,client2.log,0.3577,0.3733,0.38,0.36
20100,3,0.367756,0.632244,client3.log,0.3708,0.361,0.3739,0.3653
20100,4,0.371466,0.628534,client4.log,0.4138,0.3042,0.4325,0.3353
20150,0,0.377464,0.622536,client0.log,0.4147,0.2552,0.4863,0.3537
20150,1,0.374092,0.625908,client1.log,0.3099,0.4518,0.296,0.4386
20150,2,0.37043,0.62957,client2.log,0.3224,0.4208,0.3282,0.4103
20150,3,0.368643,0.631357,client3.log,0.3603,0.3355,0.4057,0.3731
20150,4,0.369841,0.630159,client4.log,0.3218,0.3972,0.3393,0.4212
20200,0,0.370722,0.629278,client0.log,0.3792,0.2993,0.4409,0.3635
20200,1,0.371821,0.628179,client1.log,0.2968,0.414,0.3372,0.4393
20200,2,0.367794,0.632206,client2.log,0.3801,0.3634,0.363,0.3646
20200,3,0.372215,0.627785,client3.log,0.4124,0.3001,0.4417,0.3345
20200,4,0.370769,0.629231,client4.log,0.4453,0.3493,0.3776,0.3109
20250,0,0.368859,0.631141,client0.log,0.3792,0.4206,0.3312,0.3444
20250,1,0.368424,0.631576,client1.log,0.3325,0.3977,0.3493,0.3941
20250,2,0.373312,0.626688,client2.log,0.3357,0.4625,0.2932,0.4018
20250,3,0.370176,0.629824,client3.log,0.3613,0.3069,0.4156,0.3969
20250,4,0.368366,0.631634,client4.log,0.331,0.3672,0.3801,0.3952
20300,0,0.373137,0.626863,client0.log,0.2819,0.4198,0.3472,0.4437
20300,1,0.373559,0.626441,client1.log,0.3316,0.4696,0.2917,0.4014
20300,2,0.36975,0.63025,client2.log,0.4008,0.3239,0.4161,0.3382
20300,3,0.369641,0.630359,client3.log,0.3519,0.4314,0.329,0.3664
20300,4,0.368003,0.631997,client4.log,0.3473,0.3767,0.3924,0.3556
20350,0,0.373586,0.626414,client0.log,0.3939,0.2937,0.4768,0.33
20350,1,0.368518,0.631482,client1.log,0.3346,0.3855,0.3483,0.4056
20350,2,0.379378,0.620622,client2.log,0.2882,0.4757,0.284,0.4697
20350,3,0.376666,0.623334,client3.log,0.4479,0.2723,0.4613,0.3251
20350,4,0.368002,0.631998,client4.log,0.3634,0.3479,0.3635,0.3973
20400,0,0.371176,0.628824,client0.log,0.3197,0.4343,0.3186,0.4121
20400,1,0.372102,0.627898,client1.log,0.4476,0.3134,0.4165,0.3108
20400,2,0.367773,0.632227,client2.log,0.3704,0.3627,0.3715,0.3664
20400,3,0.37057,0.62943,client3.log,0.4143,0.3554,0.4084,0.3041
20400,4,0.36775,0.63225,client4.log,0.3593,0.3552,0.3867,0.3697
20450,0,0.367787,0.632213,client0.log,0.4003,0.377,0.3587,0.3352
20450,1,0.368293,0.631707,client1.log,0.3911,0.3505,0.3979,0.3337
20450,2,0.368115,0.631885,client2.log,0.3613,0.3766,0.3428,0.3917
20450,3,0.37749,0.62251,client3.log,0.3168,0.4872,0.2748,0.4311
20450,4,0.379134,0.620866,client4.log,0.2515,0.4587,0.3385,0.4679
20500,0,0.386686,0.613314,client0.log,0.5548,0.358,0.4102,0.2237
20500,1,0.371565,0.628435,client1.log,0.3911,0.2972,0.4513,0.3466
20500,2,0.368496,0.631504,client2.log,0.3933,0.3755,0.3746,0.3306
20500,3,0.367963,0.632037,client3.log,0.3761,0.3463,0.3735,0.3759
20500,4,0.373499,0.626501,client4.log,0.4221,0.2988,0.4555,0.3176
20550,0,0.368955,0.631045,client0.log,0.3341,0.3388,0.3848,0.4181
20550,1,0.373459,0.626541,client1.log,0.4202,0.2788,0.4505,0.3444
20550,2,0.369698,0.630302,client2.log,0.3311,0.4251,0.3363,0.3863
20550,3,0.368662,0.631338,client3.log,0.3402,0.3735,0.3523,0.4086
20550,4,0.378203,0.621797,client4.log,0.2805,0.4832,0.3001,0.4489
20600,0,0.376504,0.623496,client0.log,0.267,0.4338,0.334,0.4712
20600,1,0.380688,0.619312,client1.log,0.2521,0.3968,0.3421,0.5318
20600,2,0.372315,0.627685,client2.log,0.4699,0.3748,0.3287,0.3158
20600,3,0.36997,0.63003,client3.log,0.3954,0.3227,0.4222,0.3396
20600,4,0.398521,0.601479,client4.log,0.2408,0.5082,0.2514,0.5937
20650,0,0.374632,0.625368,client0.log,0.4895,0.3863,0.335,0.2877
20650,1,0.367358,0.632642,client1.log,0.3763,0.363,0.3623,0.3678
20650,2,0.369493,0.630507,client2.log,0.336,0.3972,0.3308,0.414
20650,3,0.370059,0.629941,client3.log,0.3245,0.3969,0.3344,0.4244
20650,4,0.376839,0.623161,client4.log,0.281,0.3752,0.3359,0.5152
20700,0,0.368326,0.631674,client0.log,0.3546,0.3347,0.3832,0.4009
20700,1,0.371641,0.628359,client1.log,0.3038,0.3899,0.3371,0.4558
20700,2,0.368038,0.631962,client2.log,0.3588,0.348,0.3837,0.3816
20700,3,0.373029,0.626971,client3.log,0.4494,0.3107,0.4204,0.3117
20700,4,0.368846,0.631154,client4.log,0.3345,0.3452,0.3865,0.4092
20750,0,0.381187,0.618813,client0.log,0.4502,0.267,0.5117,0.2958
20750,1,0.367879,0.632121,client1.log,0.3961,0.3704,0.3598,0.3453
20750,2,0.374831,0.625169,client2.log,0.2976,0.4179,0.3109,0.4728
20750,3,0.368917,0.631083,client3.log,0.3801,0.3449,0.4121,0.3387
20750,4,0.374126,0.625874,client4.log,0.292,0.4051,0.3265,0.473
20800,0,0.379723,0.620277,client0.log,0.2765,0.4721,0.2916,0.4787
20800,1,0.367679,0.632321,client1.log,0.3508,0.3572,0.3659,0.3968
20800,2,0.374985,0.625015,client2.log,0.4359,0.2815,0.4555,0.3271
20800,3,0.368661,0.631339,client3.log,0.4065,0.3501,0.3781,0.3399
20800,4,0.368721,0.631279,client4.log,0.36,0.383,0.3274,0.4045
20850,0,0.368609,0.631391,client0.log,0.371,0.3687,0.3256,0.4092
20850,1,0.37558,0.62442,client1.log,0.2873,0.4364,0.3095,0.4691
20850,2,0.369034,0.630966,client2.log,0.3311,0.4185,0.3666,0.36
20850,3,0.368325,0.631675,client3.log,0.3656,0.393,0.3367,0.3779
20850,4,0.399584,0.600416,client4.log,0.6095,0.2559,0.498,0.235
20900,0,0.37071,0.62929,client0.log,0.423,0.3118,0.4177,0.3302
20900,1,0.367602,0.632398,client1.log,0.3902,0.3516,0.3809,0.3477
20900,2,0.367761,0.632239,client2.log,0.3772,0.3776,0.3646,0.3517
20900,3,0.376431,0.623569,client3.log,0.291,0.4266,0.3049,0.4832
20900,4,0.369711,0.630289,client4.log,0.4292,0.3502,0.3781,0.3213
20950,0,0.419879,0.580121,client0.log,0.6334,0.2375,0.6101,0.1986
20950,1,0.367581,0.632419,client1.log,0.382,0.3516,0.3865,0.3502
20950,2,0.368408,0.631592,client2.log,0.3479,0.3979,0.3438,0.384
20950,3,0.368243,0.631757,client3.log,0.3489,0.3764,0.352,0.3957
20950,4,0.370207,0.629793,client4.log,0.4392,0.372,0.3521,0.3174
21000,0,0.369279,0.630721,client0.log,0.402,0.3295,0.4107,0.335
21000,1,0.367499,0.632501,client1.log,0.3751,0.3911,0.3427,0.3611
21000,2,0.368787,0.631213,client2.log,0.3778,0.3519,0.4095,0.336
21000,3,0.383054,0.616946,client3.log,0.545,0.3247,0.4111,0.2515
21000,4,0.371811,0.628189,client4.log,0.4383,0.3342,0.4127,0.3021
21050,0,0.371156,0.628844,client0.log,0.3668,0.4494,0.2981,0.3703
21050,1,0.368431,0.631569,client1.log,0.3237,0.3659,0.3813,0.4029
21050,2,0.371301,0.628699,client2.log,0.4325,0.3552,0.3999,0.2976
21050,3,0.369556,0.630444,client3.log,0.3563,0.4233,0.3218,0.3769
21050,4,0.369258,0.630742,client4.log,0.3728,0.313,0.3935,0.3977
21100,0,0.372311,0.627689,client0.log,0.4587,0.3975,0.3336,0.2994
21100,1,0.368204,0.631796,client1.log,0.3405,0.3473,0.3887,0.3963
21100,2,0.371549,0.628451,client2.log,0.3249,0.4231,0.3124,0.4258
21100,3,0.368768,0.631232,client3.log,0.3912,0.3536,0.3323,0.398
21100,4,0.372701,0.627299,client4.log,0.2962,0.4328,0.3291,0.4327
21150,0,0.368311,0.631689,client0.log,0.3388,0.3903,0.3451,0.3991
21150,1,0.367594,0.632406,client1.log,0.3665,0.3529,0.3862,0.3647
21150,2,0.370618,0.629382,client2.log,0.2991,0.3991,0.3663,0.4181
21150,3,0.36994,0.63006,client3.log,0.3223,0.3911,0.342,0.4244
21150,4,0.414519,0.585481,client4.log,0.15,0.5565,0.3891,0.5624
21200,0,0.367918,0.632082,client0.log,0.3501,0.3581,0.3653,0.3981
21200,1,0.367345,0.632655,client1.log,0.3613,0.3625,0.3624,0.3832
21200,2,0.36826,0.63174,client2.log,0.3448,0.3523,0.3865,0.3894
21200,3,0.375812,0.624188,client3.log,0.3551,0.2749,0.4939,0.3793
21200,4,0.371393,0.628607,client4.log,0.4425,0.3473,0.3942,0.3015
21250,0,0.382861,0.617139,client0.log,0.2774,0.4996,0.2728,0.4816
21250,1,0.373674,0.626326,client1.log,0.3216,0.4365,0.292,0.4446
21250,2,0.370007,0.629993,client2.log,0.3278,0.4156,0.3304,0.4062
21250,3,0.369391,0.630609,client3.log,0.3282,0.3425,0.4045,0.4024
21250,4,0.368488,0.631512,client4.log,0.4026,0.3299,0.371,0.3704
21300,0,0.374547,0.625453,client0.log,0.4658,0.3081,0.4266,0.2977
21300,1,0.36798,0.63202,client1.log,0.3935,0.3504,0.3865,0.3415
21300,2,0.37287,0.62713,client2.log,0.4258,0.2961,0.4404,0.3291
21300,3,0.367796,0.632204,client3.log,0.3616,0.3597,0.3784,0.3715
21300,4,0.36845,0.63155,client4.log,0.3413,0.393,0.3463,0.3932
21350,0,0.368259,0.631741,client0.log,0.3327,0.3643,0.3706,0.4055
21350,1,0.388908,0.611092,client1.log,0.5544,0.2521,0.476,0.2732
21350,2,0.371319,0.628681,client2.log,0.3002,0.4008,0.3499,0.4344
21350,3,0.37149,0.62851,client3.log,0.4451,0.3172,0.3985,0.3251
21350,4,0.371612,0.628389,client4.log,0.3868,0.3055,0.4534,0.3408
21400,0,0.369033,0.630967,client0.log,0.4053,0.3526,0.3967,0.3215
21400,1,0.368367,0.631633,client1.log,0.4002,0.3873,0.3278,0.3581
21400,2,0.371222,0.628778,client2.log,0.3185,0.4257,0.3208,0.4199
21400,3,0.381526,0.618474,client3.log,0.5187,0.2857,0.4432,0.2786
21400,4,0.375377,0.624623,client4.log,0.3589,0.2884,0.5045,0.3497
21450,0,0.373596,0.626404,client0.log,0.4707,0.3429,0.3944,0.2864
21450,1,0.369417,0.630583,client1.log,0.3717,0.3883,0.3071,0.4105
21450,2,0.375418,0.624582,client2.log,0.2963,0.4403,0.3041,0.461
21450,3,0.375521,0.624479,client3.log,0.4095,0.3067,0.4864,0.2995
21450,4,0.376155,0.623845,client4.log,0.3837,0.2681,0.4921,0.3606
21500,0,0.374165,0.625835,client0.log,0.2979,0.4427,0.3094,0.4467
21500,1,0.368137,0.631863,client1.log,0.3561,0.4065,0.3347,0.3752
21500,2,0.378655,0.621345,client2.log,0.4849,0.2824,0.4514,0.2959
21500,3,0.367901,0.632099,client3.log,0.3715,0.3726,0.3787,0.3489
21500,4,0.36775,0.63225,client4.log,0.3908,0.3631,0.3597,0.3574
21550,0,0.371125,0.628875,client0.log,0.3048,0.4036,0.3383,0.4378
21550,1,0.368545,0.631455,client1.log,0.3502,0.3363,0.415,0.3726
21550,2,0.369569,0.630431,client2.log,0.3272,0.3993,0.3377,0.4141
21550,3,0.370498,0.629502,client3.log,0.3304,0.3925,0.3247,0.4344
21550,4,0.369458,0.630542,client4.log,0.3507,0.3298,0.4318,0.3656
21600,0,0.379419,0.620581,client0.log,0.2788,0.4903,0.2921,0.4565
21600,1,0.383621,0.616379,client1.log,0.2795,0.4812,0.2675,0.5063
21600,2,0.367942,0.632058,client2.log,0.3717,0.3815,0.3539,0.3647
21600,3,0.368406,0.631594,client3.log,0.4003,0.3509,0.3762,0.3463
21600,4,0.368135,0.631865,client4.log,0.3474,0.3704,0.356,0.3988
21650,0,0.367903,0.632097,client0.log,0.3633,0.3958,0.3429,0.3696
21650,1,0.384737,0.615263,client1.log,0.2482,0.4473,0.3045,0.539
21650,2,0.368168,0.631832,client2.log,0.3809,0.3477,0.3891,0.355
21650,3,0.367796,0.632204,client3.log,0.3646,0.3649,0.3778,0.3639
21650,4,0.367809,0.632191,client4.log,0.3433,0.3822,0.3621,0.3837
21700,0,0.369325,0.630675,client0.log,0.32,0.3896,0.3506,0.4171
21700,1,0.370348,0.629652,client1.log,0.3987,0.4139,0.2964,0.3724
21700,2,0.372807,0.627193,client2.log,0.4244,0.3205,0.4432,0.3032
21700,3,0.369455,0.630545,client3.log,0.3723,0.3216,0.422,0.3619
21700,4,0.377387,0.622613,client4.log,0.4157,0.2822,0.5013,0.3105
21750,0,0.372216,0.627784,client0.log,0.4353,0.315,0.4275,0.3111
21750,1,0.371386,0.628614,client1.log,0.4557,0.3358,0.398,0.296
21750,2,0.370306,0.629694,client2.log,0.4332,0.3437,0.3867,0.3176
21750,3,0.369159,0.630841,client3.log,0.3704,0.3376,0.422,0.3466
21750,4,0.369294,0.630706,client4.log,0.373,0.3225,0.4207,0.3609
21800,0,0.368324,0.631676,client0.log,0.3444,0.3439,0.4078,0.3772
21800,1,0.367407,0.632593,client1.log,0.359,0.3628,0.375,0.3728
21800,2,0.384522,0.615478,client2.log,0.3054,0.5252,0.248,0.4595
21800,3,0.368226,0.631774,client3.log,0.3772,0.3369,0.3816,0.3772
21800,4,0.374066,0.625934,client4.log,0.2904,0.4463,0.3216,0.438
21850,0,0.368303,0.631697,client0.log,0.3756,0.4072,0.3349,0.3555
21850,1,0.367549,0.632451,client1.log,0.383,0.3533,0.3725,0.3614
21850,2,0.375537,0.624463,client2.log,0.295,0.4514,0.3037,0.4522
21850,3,0.368151,0.631849,client3.log,0.3431,0.363,0.3866,0.3799
21850,4,0.371624,0.628376,client4.log,0.315,0.4148,0.3206,0.4361
21900,0,0.368692,0.631308,client0.log,0.3982,0.374,0.3808,0.3219
21900,1,0.369655,0.630345,client1.log,0.3851,0.3759,0.3036,0.4141
21900,2,0.373224,0.626776,client2.log,0.2837,0.4203,0.347,0.4419
21900,3,0.370746,0.629254,client3.log,0.3539,0.4523,0.3238,0.353
21900,4,0.380244,0.619756,client4.log,0.4403,0.2591,0.5037,0.3178
21950,0,0.374153,0.625847,client0.log,0.4665,0.312,0.4197,0.2984
21950,1,0.370716,0.629284,client1.log,0.4308,0.3084,0.4119,0.3317
21950,2,0.375115,0.624885,client2.log,0.2999,0.4513,0.302,0.4472
21950,3,0.370393,0.629607,client3.log,0.4347,0.3327,0.3887,0.3255
21950,4,0.367903,0.632097,client4.log,0.3499,0.3801,0.3547,0.3869
22000,0,0.371944,0.628056,client0.log,0.452,0.3655,0.3801,0.2902
22000,1,0.368043,0.631957,client1.log,0.3778,0.3687,0.331,0.3947
22000,2,0.369773,0.630227,client2.log,0.3563,0.3173,0.4233,0.3822
22000,3,0.371074,0.628926,client3.log,0.4551,0.351,0.3609,0.3172
22000,4,0.369761,0.630239,client4.log,0.3583,0.3918,0.3121,0.4168
22050,0,0.369132,0.630868,client0.log,0.3994,0.3293,0.4084,0.3395
22050,1,0.372718,0.627282,client1.log,0.4222,0.2963,0.4485,0.3239
22050,2,0.368579,0.631421,client2.log,0.3429,0.3958,0.343,0.3926
22050,3,0.369174,0.630826,client3.log,0.3296,0.3713,0.3564,0.4194
22050,4,0.369253,0.630747,client4.log,0.3625,0.4297,0.3414,0.3434
22100,0,0.372205,0.627795,client0.log,0.3079,0.4402,0.3168,0.424
22100,1,0.368218,0.631782,client1.log,0.4056,0.3621,0.3704,0.3347
22100,2,0.368654,0.631346,client2.log,0.3261,0.3898,0.3706,0.388
22100,3,0.367818,0.632182,client3.log,0.3686,0.3619,0.3773,0.3634
22100,4,0.367987,0.632013,client4.log,0.3959,0.3521,0.3561,0.3678
22150,0,0.368686,0.631314,client0.log,0.3211,0.3681,0.3932,0.3924
22150,1,0.367495,0.632505,client1.log,0.3528,0.3574,0.3746,0.3851
22150,2,0.371012,0.628988,client2.log,0.3178,0.425,0.3261,0.4152
22150,3,0.367815,0.632185,client3.log,0.3739,0.3567,0.372,0.3687
22150,4,0.368694,0.631306,client4.log,0.3873,0.3459,0.4051,0.3364
22200,0,0.37267,0.62733,client0.log,0.2794,0.3786,0.3866,0.446
22200,1,0.369175,0.630825,client1.log,0.3147,0.4018,0.3594,0.4008
22200,2,0.368209,0.631791,client2.log,0.3598,0.3962,0.342,0.3749
22200,3,0.375127,0.624873,client3.log,0.4555,0.3832,0.3995,0.2623
22200,4,0.377257,0.622743,client4.log,0.4488,0.2876,0.4744,0.2982
22250,0,0.378635,0.621365,client0.log,0.3701,0.4521,0.2419,0.4504
22250,1,0.370355,0.629645,client1.log,0.3772,0.4332,0.2983,0.3727
22250,2,0.371786,0.628214,client2.log,0.4543,0.308,0.3894,0.3354
22250,3,0.37205,0.62795,client3.log,0.3762,0.342,0.4631,0.3069
22250,4,0.369565,0.630435,client4.log,0.3198,0.3834,0.3532,0.4218
22300,0,0.368467,0.631533,client0.log,0.3609,0.3238,0.3847,0.4044
22300,1,0.368844,0.631156,client1.log,0.3765,0.3983,0.3126,0.3879
22300,2,0.367825,0.632175,client2.log,0.3643,0.3856,0.3594,0.362
22300,3,0.368339,0.631661,client3.log,0.3844,0.35,0.3928,0.3462
22300,4,0.368637,0.631363,client4.log,0.3784,0.3709,0.3997,0.3255
22350,0,0.36746,0.63254,client0.log,0.3646,0.3597,0.3758,0.3697
22350,1,0.368625,0.631375,client1.log,0.4165,0.3386,0.3795,0.34
22350,2,0.367889,0.632111,client2.log,0.3805,0.3554,0.3809,0.3548
22350,3,0.372487,0.627513,client3.log,0.325,0.3043,0.4452,0.4154
22350,4,0.369458,0.630542,client4.log,0.3892,0.3203,0.4171,0.3512
22400,0,0.367951,0.632049,client0.log,0.3442,0.359,0.3708,0.3977
22400,1,0.380797,0.619203,client1.log,0.2653,0.4703,0.2989,0.4887
22400,2,0.386085,0.613915,client2.log,0.4989,0.2684,0.5089,0.268
22400,3,0.368876,0.631124,client3.log,0.3656,0.3949,0.3238,0.3912
22400,4,0.37193,0.62807,client4.log,0.4661,0.3477,0.3654,0.3085
22450,0,0.375095,0.624905,client0.log,0.3236,0.4131,0.2849,0.4788
22450,1,0.38194,0.61806,client1.log,0.2205,0.4366,0.4407,0.43
22450,2,0.369247,0.630753,client2.log,0.3972,0.3412,0.4073,0.3313
22450,3,0.368434,0.631566,client3.log,0.3916,0.3563,0.3385,0.3873
22450,4,0.368523,0.631477,client4.log,0.3484,0.3924,0.3395,0.3938
22500,0,0.369836,0.630164,client0.log,0.3419,0.3259,0.4377,0.3738
22500,1,0.367917,0.632083,client1.log,0.3595,0.3976,0.3421,0.3725
22500,2,0.369103,0.630897,client2.log,0.39,0.3274,0.4071,0.3519
22500,3,0.368955,0.631045,client3.log,0.3437,0.3846,0.3376,0.4099
22500,4,0.368931,0.631069,client4.log,0.339,0.3425,0.3767,0.4175
22550,0,0.373652,0.626348,client0.log,0.3119,0.4237,0.3014,0.4576
22550,1,0.381372,0.618628,client1.log,0.2955,0.5012,0.2643,0.4644
22550,2,0.372703,0.627297,client2.log,0.2953,0.4301,0.3307,0.4347
22550,3,0.371356,0.628644,client3.log,0.4098,0.3174,0.4345,0.3237
22550,4,0.367988,0.632012,client4.log,0.3607,0.3948,0.3481,0.3684
22600,0,0.3685,0.6315,client0.log,0.3387,0.3469,0.4053,0.3831
22600,1,0.367817,0.632183,client1.log,0.3655,0.398,0.3309,0.3769
22600,2,0.367333,0.632667,client2.log,0.36,0.3697,0.3653,0.3743
22600,3,0.369256,0.630744,client3.log,0.3606,0.3252,0.3728,0.4183
22600,4,0.367685,0.632315,client4.log,0.3721,0.3612,0.362,0.3754
22650,0,0.367777,0.632223,client0.log,0.3652,0.3564,0.3951,0.3545
22650,1,0.369446,0.630554,client1.log,0.3266,0.3647,0.354,0.4325
22650,2,0.368001,0.631999,client2.log,0.3901,0.3707,0.3539,0.3574
22650,3,0.370594,0.629406,client3.log,0.3342,0.4071,0.3169,0.4241
22650,4,0.370297,0.629703,client4.log,0.3686,0.439,0.3127,0.3609
22700,0,0.377623,0.622377,client0.log,0.3368,0.2655,0.506,0.4022
22700,1,0.382015,0.617985,client1.log,0.3022,0.4699,0.2573,0.4986
22700,2,0.399752,0.600248,client2.log,0.2498,0.5619,0.2364,0.5509
22700,3,0.368509,0.631491,client3.log,0.3417,0.3775,0.3503,0.4045
22700,4,0.377428,0.622572,client4.log,0.2888,0.4314,0.2986,0.4908
22750,0,0.375777,0.624223,client0.log,0.4698,0.437,0.311,0.2854
22750,1,0.369697,0.630303,client1.log,0.3618,0.3072,0.412,0.3979
22750,2,0.377398,0.622602,client2.log,0.2912,0.4517,0.2947,0.4721
22750,3,0.369949,0.630051,client3.log,0.432,0.3465,0.3778,0.3235
22750,4,0.373377,0.626623,client4.log,0.3333,0.4537,0.2897,0.4167
22800,0,0.368192,0.631808,client0.log,0.3639,0.4075,0.3351,0.3663
22800,1,0.369059,0.630941,client1.log,0.3231,0.3905,0.3507,0.4119
22800,2,0.370541,0.629459,client2.log,0.3246,0.407,0.3269,0.4237
22800,3,0.369935,0.630065,client3.log,0.3261,0.3405,0.3835,0.4297
22800,4,0.375493,0.624506,client4.log,0.4781,0.4216,0.2923,0.31
22850,0,0.367942,0.632058,client0.log,0.3422,0.3702,0.3663,0.3931
22850,1,0.36806,0.63194,client1.log,0.3897,0.3607,0.3849,0.3369
22850,2,0.368471,0.631529,client2.log,0.3718,0.3747,0.3951,0.3322
22850,3,0.369504,0.630496,client3.log,0.3356,0.3338,0.4176,0.391
22850,4,0.368112,0.631888,client4.log,0.3652,0.3999,0.3479,0.3594
22900,0,0.370699,0.629301,client0.log,0.3911,0.4412,0.3143,0.3362
22900,1,0.369999,0.630001,client1.log,0.3407,0.4035,0.3141,0.4217
22900,2,0.368775,0.631225,client2.log,0.3418,0.3789,0.3423,0.4122
22900,3,0.369768,0.630232,client3.log,0.382,0.421,0.3156,0.3604
22900,4,0.368642,0.631358,client4.log,0.363,0.3861,0.3989,0.3266
22950,0,0.367713,0.632287,client0.log,0.3465,0.3931,0.3716,0.3597
22950,1,0.367544,0.632456,client1.log,0.3899,0.3638,0.3746,0.3418
22950,2,0.36914,0.63086,client2.log,0.4141,0.336,0.3863,0.3401
22950,3,0.368025,0.631975,client3.log,0.3611,0.3936,0.3621,0.3553
22950,4,0.396121,0.603879,client4.log,0.1899,0.496,0.3606,0.5381
23000,0,0.367651,0.632349,client0.log,0.3687,0.37,0.3767,0.3552
23000,1,0.367672,0.632328,client1.log,0.3556,0.3858,0.3517,0.3776
23000,2,0.368028,0.631971,client2.log,0.3764,0.3676,0.383,0.3451
23000,3,0.370522,0.629478,client3.log,0.3986,0.3248,0.4309,0.3278
23000,4,0.371875,0.628125,client4.log,0.3943,0.2959,0.4466,0.3506
23050,0,0.369468,0.630532,client0.log,0.3397,0.3243,0.3999,0.414
23050,1,0.38344,0.61656,client1.log,0.2915,0.5024,0.2572,0.4826
23050,2,0.375289,0.624711,client2.log,0.4574,0.3208,0.4388,0.2841
23050,3,0.372579,0.627421,client3.log,0.3275,0.4584,0.3056,0.3987
23050,4,0.376552,0.623448,client4.log,0.3128,0.4236,0.2834,0.4864
23100,0,0.368846,0.631154,client0.log,0.3887,0.325,0.4058,0.3559
23100,1,0.369879,0.630121,client1.log,0.3716,0.4076,0.3007,0.3996
23100,2,0.368287,0.631713,client2.log,0.3472,0.3573,0.4083,0.3603
23100,3,0.369791,0.630209,client3.log,0.3768,0.3207,0.4278,0.3539
23100,4,0.370733,0.629267,client4.log,0.4263,0.3493,0.402,0.3054
23150,0,0.37053,0.62947,client0.log,0.4232,0.3297,0.4143,0.315
23150,1,0.367577,0.632423,client1.log,0.3742,0.3578,0.3801,0.3583
23150,2,0.371956,0.628044,client2.log,0.4235,0.3317,0.4296,0.3031
23150,3,0.370051,0.629949,client3.log,0.407,0.3462,0.4115,0.3155
23150,4,0.367689,0.632311,client4.log,0.3602,0.3637,0.3806,0.3663
23200,0,0.381073,0.618927,client0.log,0.28,0.4736,0.2802,0.4905
23200,1,0.378316,0.621684,client1.log,0.4087,0.2425,0.4781,0.3839
23200,2,0.379209,0.620791,client2.log,0.4527,0.2522,0.4744,0.3376
23200,3,0.368377,0.631623,client3.log,0.379,0.3915,0.3355,0.3675
23200,4,0.369323,0.630677,client4.log,0.3948,0.3348,0.4135,0.3342
23250,0,0.369571,0.630429,client0.log,0.3137,0.4269,0.366,0.3718
23250,1,0.389273,0.610727,client1.log,0.257,0.5126,0.2642,0.5234
23250,2,0.370996,0.629004,client2.log,0.4139,0.3162,0.4249,0.329
23250,3,0.37005,0.62995,client3.log,0.3234,0.3892,0.34,0.4277
23250,4,0.369793,0.630207,client4.log,0.3634,0.4287,0.3157,0.3714
23300,0,0.368602,0.631398,client0.log,0.4044,0.3453,0.3897,0.335
23300,1,0.367622,0.632378,client1.log,0.3495,0.3755,0.365,0.3805
23300,2,0.394238,0.605762,client2.log,0.5757,0.2491,0.4941,0.258
23300,3,0.375872,0.624128,client3.log,0.3052,0.4453,0.2917,0.4614
23300,4,0.368415,0.631585,client4.log,0.4002,0.3564,0.3807,0.3363
23350,0,0.379018,0.620982,client0.log,0.268,0.448,0.3099,0.4902
23350,1,0.373271,0.626729,client1.log,0.3366,0.2968,0.3837,0.4761
23350,2,0.367871,0.632129,client2.log,0.3522,0.3773,0.3629,0.3791
23350,3,0.370163,0.629837,client3.log,0.4052,0.3108,0.4132,0.3514
23350,4,0.367967,0.632033,client4.log,0.3476,0.3773,0.3855,0.3615
23400,0,0.376794,0.623206,client0.log,0.3066,0.4502,0.2824,0.4679
23400,1,0.369987,0.630013,client1.log,0.3792,0.3127,0.4354,0.3527
23400,2,0.373871,0.626129,client2.log,0.4141,0.3511,0.4525,0.2777
23400,3,0.368778,0.631222,client3.log,0.3294,0.3749,0.4048,0.3661
23400,4,0.367744,0.632256,client4.log,0.3636,0.3696,0.3532,0.3847
23450,0,0.367444,0.632556,client0.log,0.365,0.3721,0.364,0.3687
23450,1,0.368136,0.631863,client1.log,0.3504,0.3447,0.3672,0.4103
23450,2,0.376136,0.623864,client2.log,0.2999,0.4449,0.2941,0.4656
23450,3,0.372843,0.627157,client3.log,0.4382,0.4241,0.2927,0.3364
23450,4,0.371452,0.628548,client4.log,0.3233,0.4375,0.3149,0.4101
23500,0,0.371163,0.628837,client0.log,0.3521,0.4604,0.3152,0.357
23500,1,0.374365,0.625635,client1.log,0.2889,0.3673,0.3492,0.4921
23500,2,0.407651,0.592349,client2.log,0.2113,0.5812,0.2554,0.5827
23500,3,0.377278,0.622722,client3.log,0.2773,0.3998,0.3261,0.5059
23500,4,0.372003,0.627997,client4.log,0.2972,0.3679,0.3635,0.4595
23550,0,0.369586,0.630414,client0.log,0.3986,0.4038,0.3694,0.3065
23550,1,0.377687,0.622313,client1.log,0.4392,0.2821,0.4885,0.3009
23550,2,0.370931,0.629069,client2.log,0.3619,0.443,0.3057,0.3731
23550,3,0.372451,0.627549,client3.log,0.3311,0.4419,0.2998,0.4169
23550,4,0.41493,0.58507,client4.log,0.206,0.607,0.241,0.6057
23600,0,0.373356,0.626644,client0.log,0.3756,0.2765,0.4596,0.3818
23600,1,0.375266,0.624734,client1.log,0.2673,0.4361,0.3461,0.4516
23600,2,0.368799,0.631201,client2.log,0.3385,0.3539,0.3683,0.4145
23600,3,0.38104,0.61896,client3.log,0.511,0.3049,0.4436,0.2647
23600,4,0.382876,0.617124,client4.log,0.2878,0.5209,0.2676,0.4552
23650,0,0.368404,0.631596,client0.log,0.3472,0.3404,0.4139,0.3721
23650,1,0.367551,0.632449,client1.log,0.3725,0.358,0.3804,0.3592
23650,2,0.381889,0.618111,client2.log,0.2745,0.4752,0.284,0.4939
23650,3,0.373439,0.626562,client3.log,0.4476,0.3176,0.4276,0.3009
23650,4,0.386948,0.613052,client4.log,0.5408,0.2386,0.462,0.3064
23700,0,0.372931,0.627069,client0.log,0.4521,0.3203,0.4191,0.3002
23700,1,0.372105,0.627895,client1.log,0.2993,0.4029,0.3323,0.4539
23700,2,0.369116,0.630884,client2.log,0.3572,0.4023,0.3235,0.3935
23700,3,0.379001,0.620999,client3.log,0.3123,0.4699,0.2672,0.4666
23700,4,0.383666,0.616334,client4.log,0.5404,0.2911,0.4383,0.2648
23750,0,0.368241,0.631759,client0.log,0.3815,0.3292,0.3816,0.3807
23750,1,0.370375,0.629625,client1.log,0.402,0.2991,0.419,0.3614
23750,2,0.372876,0.627124,client2.log,0.4326,0.2853,0.4251,0.3485
23750,3,0.368766,0.631234,client3.log,0.4053,0.35,0.3833,0.3364
23750,4,0.368779,0.631221,client4.log,0.3542,0.4073,0.3301,0.3836
23800,0,0.375105,0.624895,client0.log,0.3002,0.4378,0.2998,0.4626
23800,1,0.369225,0.630775,client1.log,0.3642,0.3144,0.4163,0.382
23800,2,0.36787,0.63213,client2.log,0.3538,0.3693,0.3661,0.3823
23800,3,0.376554,0.623446,client3.log,0.4683,0.2958,0.4461,0.296
23800,4,0.369142,0.630858,client4.log,0.3263,0.402,0.3468,0.4015
23850,0,0.368267,0.631733,client0.log,0.3258,0.4115,0.3419,0.3937
23850,1,0.379061,0.620939,client1.log,0.4596,0.2596,0.4763,0.3208
23850,2,0.376731,0.623268,client2.log,0.4756,0.2878,0.4414,0.3021
23850,3,0.38477,0.61523,client3.log,0.5299,0.2834,0.4622,0.2636
23850,4,0.372127,0.627873,client4.log,0.4126,0.3006,0.4421,0.3333
23900,0,0.367566,0.632434,client0.log,0.3683,0.3608,0.3741,0.3672
23900,1,0.367539,0.632461,client1.log,0.3752,0.3628,0.3646,0.3675
23900,2,0.368026,0.631974,client2.log,0.378,0.385,0.3568,0.3523
23900,3,0.371029,0.628971,client3.log,0.3109,0.3682,0.3555,0.4496
23900,4,0.368464,0.631536,client4.log,0.354,0.3379,0.3796,0.4024
23950,0,0.367576,0.632424,client0.log,0.3804,0.3674,0.3723,0.3502
23950,1,0.367493,0.632507,client1.log,0.3725,0.3721,0.3629,0.3625
23950,2,0.3738,0.6262,client2.log,0.4484,0.3221,0.4305,0.2942
23950,3,0.368594,0.631406,client3.log,0.4038,0.3344,0.3719,0.3643
23950,4,0.373628,0.626372,client4.log,0.2888,0.3298,0.4313,0.4446
24000,0,0.374492,0.625508,client0.log,0.439,0.3013,0.4538,0.3039
24000,1,0.367735,0.632265,client1.log,0.3583,0.3578,0.3632,0.3917
24000,2,0.368926,0.631074,client2.log,0.3635,0.3847,0.325,0.4025
24000,3,0.378319,0.621681,client3.log,0.2625,0.3972,0.3451,0.5085
24000,4,0.369514,0.630486,client4.log,0.3244,0.3555,0.3695,0.4285
24050,0,0.372932,0.627068,client0.log,0.374,0.3208,0.3145,0.4824
24050,1,0.370139,0.629861,client1.log,0.4193,0.4072,0.3375,0.3165
24050,2,0.374152,0.625848,client2.log,0.4102,0.2818,0.4621,0.3425
24050,3,0.369795,0.630205,client3.log,0.329,0.4176,0.3347,0.398
24050,4,0.370268,0.629732,client4.log,0.4224,0.3493,0.3999,0.3096
24100,0,0.372029,0.627971,client0.log,0.4087,0.3067,0.4489,0.3239
24100,1,0.367724,0.632276,client1.log,0.3797,0.3589,0.3543,0.378
24100,2,0.368068,0.631932,client2.log,0.3756,0.3388,0.3822,0.3756
24100,3,0.368928,0.631072,client3.log,0.3373,0.346,0.381,0.4114
24100,4,0.368347,0.631653,client4.log,0.3567,0.3418,0.4032,0.3717
24150,0,0.368011,0.631989,client0.log,0.3848,0.3763,0.3723,0.3386
24150,1,0.367526,0.632474,client1.log,0.3612,0.3844,0.3603,0.3643
24150,2,0.369314,0.630686,client2.log,0.3404,0.4065,0.3303,0.4
24150,3,0.370427,0.629573,client3.log,0.3228,0.3408,0.3772,0.4408
24150,4,0.36855,0.63145,client4.log,0.3405,0.4093,0.3488,0.3756
24200,0,0.3681,0.6319,client0.log,0.3439,0.388,0.3486,0.3918
24200,1,0.367462,0.632537,client1.log,0.3656,0.3676,0.3699,0.3668
24200,2,0.391738,0.608262,client2.log,0.2581,0.4942,0.2571,0.5575
24200,3,0.368834,0.631166,client3.log,0.3392,0.3556,0.4152,0.3653
24200,4,0.373778,0.626222,client4.log,0.3209,0.41,0.2977,0.4665
24250,0,0.372538,0.627462,client0.log,0.44,0.3337,0.4232,0.2932
24250,1,0.368046,0.631954,client1.log,0.3796,0.3458,0.3909,0.3558
24250,2,0.372828,0.627172,client2.log,0.2986,0.4195,0.3258,0.4474
24250,3,0.3701,0.6299,client3.log,0.387,0.3966,0.3017,0.3951
24250,4,0.372579,0.627421,client4.log,0.4429,0.3198,0.4215,0.3061
24300,0,0.370642,0.629358,client0.log,0.4,0.3919,0.2901,0.4006
24300,1,0.374317,0.625683,client1.log,0.4622,0.3334,0.421,0.2808
24300,2,0.372134,0.627867,client2.log,0.2936,0.3864,0.3563,0.4523
24300,3,0.369257,0.630743,client3.log,0.3414,0.3977,0.3316,0.4063
24300,4,0.374365,0.625635,client4.log,0.291,0.4098,0.3246,0.472
24350,0,0.368644,0.631356,client0.log,0.3697,0.3224,0.3892,0.3933
24350,1,0.369329,0.630671,client1.log,0.3085,0.3884,0.3749,0.4055
24350,2,0.375669,0.624331,client2.log,0.4262,0.3145,0.4748,0.2872
24350,3,0.369109,0.630891,client3.log,0.3999,0.3428,0.4003,0.3334
24350,4,0.36915,0.63085,client4.log,0.4149,0.3474,0.3852,0.3292
24400,0,0.374257,0.625743,client0.log,0.3199,0.4934,0.3051,0.3786
24400,1,0.367578,0.632422,client1.log,0.3614,0.3605,0.3719,0.3765
24400,2,0.368263,0.631737,client2.log,0.3546,0.348,0.375,0.3954
24400,3,0.368448,0.631552,client3.log,0.3456,0.3935,0.3465,0.3881
24400,4,0.378071,0.621929,client4.log,0.4197,0.2451,0.4677,0.3798
24450,0,0.370772,0.629228,client0.log,0.3411,0.4562,0.3237,0.3621
24450,1,0.367975,0.632025,client1.log,0.3881,0.3576,0.3849,0.3413
24450,2,0.36806,0.63194,client2.log,0.3474,0.3898,0.3639,0.3712
24450,3,0.367859,0.632141,client3.log,0.3564,0.3737,0.3639,0.3775
24450,4,0.370634,0.629366,client4.log,0.4332,0.3257,0.4004,0.3231
24500,0,0.370832,0.629168,client0.log,0.3098,0.378,0.3467,0.4488
24500,1,0.38992,0.61008,client1.log,0.5035,0.2462,0.5358,0.2742
24500,2,0.369096,0.630904,client2.log,0.3627,0.4255,0.342,0.3462
24500,3,0.370118,0.629882,client3.log,0.3512,0.4213,0.3132,0.3947
24500,4,0.371008,0.628992,client4.log,0.4006,0.3465,0.433,0.304
24550,0,0.368445,0.631555,client0.log,0.3805,0.4031,0.3575,0.3327
24550,1,0.370017,0.629983,client1.log,0.3823,0.3095,0.3611,0.4272
24550,2,0.369111,0.630889,client2.log,0.4106,0.3598,0.3821,0.324
24550,3,0.371023,0.628977,client3.log,0.4451,0.3297,0.3876,0.3217
24550,4,0.371877,0.628123,client4.log,0.33,0.4623,0.3152,0.3801
24600,0,0.37047,0.62953,client0.log,0.3442,0.4247,0.3087,0.4043
24600,1,0.368072,0.631928,client1.log,0.384,0.351,0.3945,0.3427
24600,2,0.367835,0.632165,client2.log,0.3698,0.3554,0.3665,0.3797
24600,3,0.372643,0.627357,client3.log,0.4064,0.3294,0.4532,0.3016
24600,4,0.371923,0.628077,client4.log,0.3071,0.4061,0.3284,0.4461
24650,0,0.39068,0.60932,client0.log,0.5203,0.2591,0.5258,0.2575
24650,1,0.36806,0.63194,client1.log,0.346,0.3938,0.3433,0.3891
24650,2,0.368354,0.631646,client2.log,0.3584,0.3505,0.4053,0.3591
24650,3,0.370076,0.629924,client3.log,0.3951,0.3045,0.4082,0.3726
24650,4,0.368124,0.631876,client4.log,0.3459,0.3855,0.3534,0.3876
24700,0,0.372588,0.627412,client0.log,0.4165,0.4325,0.2809,0.3605
24700,1,0.367825,0.632175,client1.log,0.3523,0.3807,0.3523,0.386
24700,2,0.368176,0.631824,client2.log,0.3725,0.3918,0.3444,0.364
24700,3,0.367762,0.632238,client3.log,0.37,0.3692,0.3657,0.3662
24700,4,0.38957,0.61043,client4.log,0.4768,0.2367,0.5508,0.294
24750,0,0.370142,0.629858,client0.log,0.3178,0.3907,0.3404,0.4317
24750,1,0.370142,0.629858,client1.log,0.4412,0.3329,0.3754,0.331
24750,2,0.368365,0.631635,client2.log,0.3753,0.391,0.3747,0.3325
24750,3,0.37257,0.62743,client3.log,0.4246,0.3223,0.4385,0.3049
24750,4,0.370797,0.629203,client4.log,0.3184,0.3836,0.3354,0.4457
24800,0,0.38173,0.61827,client0.log,0.2535,0.3478,0.3773,0.5484
24800,1,0.369078,0.630922,client1.log,0.4134,0.3952,0.3388,0.3289
24800,2,0.370943,0.629057,client2.log,0.3852,0.3125,0.4433,0.3427
24800,3,0.373156,0.626844,client3.log,0.287,0.369,0.3711,0.4655
24800,4,0.36764,0.63236,client4.log,0.3669,0.3643,0.3698,0.3696
24850,0,0.377554,0.622446,client0.log,0.2452,0.4185,0.3849,0.4617
24850,1,0.367804,0.632196,client1.log,0.3647,0.3703,0.3486,0.3876
24850,2,0.368488,0.631512,client2.log,0.4056,0.3667,0.3609,0.3408
24850,3,0.370925,0.629075,client3.log,0.3066,0.367,0.3668,0.4433
24850,4,0.368962,0.631038,client4.log,0.3509,0.3293,0.3827,0.4129
24900,0,0.381839,0.618161,client0.log,0.43,0.2651,0.5305,0.3017
24900,1,0.371864,0.628136,client1.log,0.4188,0.2985,0.4346,0.3355
24900,2,0.376551,0.623449,client2.log,0.4906,0.3303,0.4099,0.2755
24900,3,0.369666,0.630334,client3.log,0.3215,0.3442,0.4057,0.4073
24900,4,0.368538,0.631462,client4.log,0.3889,0.3923,0.3314,0.3615
24950,0,0.36785,0.63215,client0.log,0.3421,0.3768,0.3823,0.3702
24950,1,0.369106,0.630894,client1.log,0.3319,0.4032,0.3394,0.402
24950,2,0.373088,0.626912,client2.log,0.3417,0.4395,0.2873,0.4239
24950,3,0.369099,0.630901,client3.log,0.4127,0.3754,0.3628,0.3255
24950,4,0.370677,0.629323,client4.log,0.3205,0.326,0.4232,0.4129
25000,0,0.367969,0.632031,client0.log,0.3834,0.3818,0.3391,0.3676
25000,1,0.369469,0.630531,client1.log,0.3317,0.4227,0.3328,0.3907
25000,2,0.371341,0.628659,client2.log,0.4421,0.3949,0.3413,0.307
25000,3,0.368495,0.631505,client3.log,0.3422,0.3743,0.354,0.4036
25000,4,0.379529,0.620471,client4.log,0.2864,0.4866,0.2848,0.4603
25050,0,0.372251,0.627749,client0.log,0.3899,0.3088,0.4637,0.3267
25050,1,0.367577,0.632423,client1.log,0.364,0.359,0.3838,0.3635
25050,2,0.370455,0.629545,client2.log,0.427,0.334,0.402,0.3188
25050,3,0.368245,0.631755,client3.log,0.3606,0.3927,0.3776,0.3421
25050,4,0.372117,0.627883,client4.log,0.3198,0.4243,0.3098,0.4345
25100,0,0.36794,0.63206,client0.log,0.3813,0.3474,0.3883,0.3547
25100,1,0.36845,0.63155,client1.log,0.3698,0.3367,0.4118,0.3555
25100,2,0.379274,0.620726,client2.log,0.2863,0.4506,0.2881,0.4921
25100,3,0.370535,0.629465,client3.log,0.4403,0.3315,0.3836,0.3267
25100,4,0.367813,0.632187,client4.log,0.3697,0.3721,0.3805,0.349
25150,0,0.368208,0.631792,client0.log,0.3605,0.3317,0.3917,0.3889
25150,1,0.368178,0.631822,client1.log,0.3839,0.3461,0.3992,0.3435
25150,2,0.375351,0.624649,client2.log,0.439,0.2952,0.4607,0.3065
25150,3,0.368019,0.631981,client3.log,0.3696,0.3881,0.3652,0.3492
25150,4,0.368048,0.631952,client4.log,0.3772,0.392,0.359,0.3439
25200,0,0.370678,0.629322,client0.log,0.3812,0.3065,0.4402,0.3548
25200,1,0.367591,0.632409,client1.log,0.3747,0.3574,0.3659,0.3724
25200,2,0.367952,0.632047,client2.log,0.3495,0.3849,0.3595,0.3779
25200,3,0.369569,0.630431,client3.log,0.3324,0.3365,0.4185,0.3908
25200,4,0.369533,0.630467,client4.log,0.3878,0.3129,0.4109,0.3664
25250,0,0.43048,0.56952,client0.log,0.1628,0.5296,0.2831,0.7464
25250,1,0.379735,0.620265,client1.log,0.3353,0.5388,0.2676,0.3773
25250,2,0.368513,0.631487,client2.log,0.3768,0.3387,0.3558,0.4028
25250,3,0.368578,0.631422,client3.log,0.33,0.393,0.3691,0.3822
25250,4,0.371481,0.628519,client4.log,0.3035,0.3871,0.347,0.4484
25300,0,0.371282,0.628718,client0.log,0.4018,0.3021,0.4416,0.3397
25300,1,0.370694,0.629306,client1.log,0.3881,0.3987,0.2904,0.4055
25300,2,0.371258,0.628742,client2.log,0.4281,0.3156,0.4159,0.3253
25300,3,0.371229,0.628771,client3.log,0.4269,0.3082,0.4138,0.336
25300,4,0.371323,0.628677,client4.log,0.3054,0.3991,0.3405,0.4403
25350,0,0.379492,0.620508,client0.log,0.3103,0.5011,0.2663,0.4403
25350,1,0.395967,0.604033,client1.log,0.2286,0.5264,0.2726,0.5563
25350,2,0.372604,0.627396,client2.log,0.3175,0.4196,0.3087,0.4446
25350,3,0.37778,0.62222,client3.log,0.2588,0.4409,0.3403,0.4711
25350,4,0.374237,0.625763,client4.log,0.4682,0.3366,0.408,0.2841
25400,0,0.367446,0.632554,client0.log,0.3603,0.3664,0.3748,0.3683
25400,1,0.368506,0.631495,client1.log,0.335,0.3554,0.369,0.4146
25400,2,0.383434,0.616566,client2.log,0.4731,0.2801,0.5096,0.271
25400,3,0.367821,0.632179,client3.log,0.369,0.363,0.3773,0.362
25400,4,0.37753,0.62247,client4.log,0.4523,0.2895,0.4739,0.2945
25450,0,0.367782,0.632218,client0.log,0.3519,0.3732,0.39,0.356
25450,1,0.368467,0.631533,client1.log,0.3311,0.3851,0.3547,0.403
25450,2,0.370285,0.629715,client2.log,0.4234,0.3072,0.3925,0.358
25450,3,0.368234,0.631766,client3.log,0.3485,0.3701,0.3567,0.3977
25450,4,0.368364,0.631636,client4.log,0.3664,0.3993,0.3342,0.3735
25500,0,0.369838,0.630162,client0.log,0.393,0.4264,0.3329,0.3271
25500,1,0.378106,0.621894,client1.log,0.2533,0.4048,0.3599,0.4946
25500,2,0.369102,0.630898,client2.log,0.3327,0.3723,0.3511,0.4204
25500,3,0.370195,0.629805,client3.log,0.3187,0.3676,0.3571,0.4375
25500,4,0.373088,0.626912,client4.log,0.3442,0.2849,0.4195,0.4437
25550,0,0.368737,0.631263,client0.log,0.4056,0.3477,0.3301,0.3915
25550,1,0.368929,0.631071,client1.log,0.3671,0.3199,0.4126,0.3761
25550,2,0.388064,0.611936,client2.log,0.2616,0.5021,0.2669,0.5217
25550,3,0.37519,0.62481,client3.log,0.264,0.4147,0.3682,0.4538
25550,4,0.386404,0.613596,client4.log,0.2604,0.4794,0.2767,0.5291
25600,0,0.371001,0.628999,client0.log,0.3255,0.4173,0.3152,0.426
25600,1,0.369205,0.630795,client1.log,0.405,0.349,0.4007,0.3221
25600,2,0.370009,0.629991,client2.log,0.3464,0.4096,0.3152,0.4089
25600,3,0.371098,0.628902,client3.log,0.3183,0.4185,0.3249,0.4226
25600,4,0.3693,0.6307,client4.log,0.3611,0.4197,0.3212,0.3752
25650,0,0.369199,0.630801,client0.log,0.3964,0.3427,0.4102,0.3274
25650,1,0.372076,0.627924,client1.log,0.3235,0.3099,0.4573,0.3975
25650,2,0.368287,0.631713,client2.log,0.401,0.3456,0.3682,0.3584
25650,3,0.375266,0.624734,client3.log,0.4477,0.2869,0.4498,0.3167
25650,4,0.36998,0.63002,client4.log,0.4182,0.3732,0.3831,0.3054
25700,0,0.374611,0.625389,client0.log,0.2813,0.4322,0.329,0.456
25700,1,0.369441,0.630559,client1.log,0.414,0.3957,0.3499,0.3182
25700,2,0.376675,0.623325,client2.log,0.4698,0.2885,0.4451,0.3032
25700,3,0.371618,0.628382,client3.log,0.3378,0.4041,0.3045,0.4401
25700,4,0.375533,0.624467,client4.log,0.3192,0.2939,0.497,0.3921
25750,0,0.36842,0.63158,client0.log,0.3926,0.3631,0.3274,0.3906
25750,1,0.37028,0.62972,client1.log,0.4299,0.372,0.374,0.3052
25750,2,0.36789,0.63211,client2.log,0.3817,0.3679,0.3658,0.3561
25750,3,0.37465,0.62535,client3.log,0.304,0.4353,0.303,0.4563
25750,4,0.370496,0.629504,client4.log,0.4125,0.2979,0.3922,0.3793
25800,0,0.368017,0.631983,client0.log,0.3915,0.3821,0.3407,0.3577
25800,1,0.367721,0.63228,client1.log,0.3768,0.3842,0.3519,0.358
25800,2,0.371172,0.628828,client2.log,0.4415,0.3194,0.3987,0.3251
25800,3,0.368334,0.631666,client3.log,0.3892,0.3673,0.3803,0.3365
25800,4,0.369233,0.630767,client4.log,0.3332,0.3708,0.3476,0.4253
25850,0,0.367602,0.632398,client0.log,0.3772,0.3681,0.3589,0.3662
25850,1,0.367664,0.632336,client1.log,0.3514,0.3901,0.3583,0.3709
25850,2,0.372286,0.627714,client2.log,0.3459,0.4171,0.2918,0.4344
25850,3,0.368008,0.631992,client3.log,0.3573,0.3905,0.3632,0.3611
25850,4,0.36997,0.63003,client4.log,0.3506,0.324,0.4379,0.3674
25900,0,0.372197,0.627803,client0.log,0.4706,0.3249,0.3774,0.3159
25900,1,0.369235,0.630765,client1.log,0.4195,0.3843,0.3286,0.3444
25900,2,0.369947,0.630053,client2.log,0.3282,0.4121,0.3312,0.4082
25900,3,0.391047,0.608953,client3.log,0.2945,0.5216,0.2298,0.5183
25900,4,0.36933,0.63067,client4.log,0.4051,0.3526,0.3993,0.3203
25950,0,0.370652,0.629348,client0.log,0.3248,0.408,0.3213,0.4285
25950,1,0.3731,0.6269,client1.log,0.2935,0.3414,0.3863,0.4712
25950,2,0.381018,0.618982,client2.log,0.4556,0.2737,0.5034,0.2913
25950,3,0.372243,0.627757,client3.log,0.3074,0.4019,0.3276,0.4521
25950,4,0.375655,0.624345,client4.log,0.4599,0.3755,0.4077,0.2596
26000,0,0.368216,0.631784,client0.log,0.3534,0.3844,0.3375,0.3976
26000,1,0.370608,0.629392,client1.log,0.3923,0.3045,0.4318,0.3538
26000,2,0.375048,0.624952,client2.log,0.3129,0.4372,0.2907,0.4594
26000,3,0.368982,0.631018,client3.log,0.348,0.3327,0.4059,0.3893
26000,4,0.370094,0.629906,client4.log,0.3496,0.338,0.4464,0.3464
26050,0,0.367901,0.632099,client0.log,0.342,0.3735,0.3874,0.3686
26050,1,0.367848,0.632152,client1.log,0.3408,0.3693,0.3786,0.3827
26050,2,0.370246,0.629754,client2.log,0.382,0.3908,0.3004,0.4077
26050,3,0.368381,0.631619,client3.log,0.3888,0.3618,0.3861,0.3368
26050,4,0.367807,0.632193,client4.log,0.3645,0.3845,0.3544,0.3679
26100,0,0.368157,0.631843,client0.log,0.3534,0.3462,0.4037,0.3694
26100,1,0.37046,0.62954,client1.log,0.3508,0.4103,0.3032,0.4175
26100,2,0.373019,0.626981,client2.log,0.3018,0.4181,0.322,0.4502
26100,3,0.368824,0.631176,client3.log,0.3662,0.4099,0.3312,0.368
26100,4,0.371598,0.628402,client4.log,0.301,0.386,0.3497,0.4497
26150,0,0.377801,0.622199,client0.log,0.4826,0.3159,0.4425,0.2702
26150,1,0.367594,0.632406,client1.log,0.3701,0.3761,0.3554,0.3689
26150,2,0.370086,0.629914,client2.log,0.411,0.3776,0.3875,0.3042
26150,3,0.368974,0.631026,client3.log,0.4104,0.3429,0.3846,0.338
26150,4,0.371088,0.628912,client4.log,0.3438,0.3929,0.307,0.4407
26200,0,0.368627,0.631373,client0.log,0.4069,0.3375,0.3443,0.3858
26200,1,0.368865,0.631135,client1.log,0.3213,0.3875,0.3641,0.4026
26200,2,0.36815,0.63185,client2.log,0.3901,0.3402,0.3712,0.371
26200,3,0.368445,0.631555,client3.log,0.3962,0.3373,0.3604,0.3799
26200,4,0.396033,0.603967,client4.log,0.2422,0.5126,0.2573,0.572
26250,0,0.373117,0.626883,client0.log,0.3895,0.2785,0.455,0.3695
26250,1,0.393854,0.606146,client1.log,0.2779,0.5282,0.2307,0.5386
26250,2,0.369514,0.630486,client2.log,0.3229,0.344,0.4006,0.4105
26250,3,0.367937,0.632063,client3.log,0.3729,0.3726,0.3503,0.3759
26250,4,0.367683,0.632317,client4.log,0.3644,0.3681,0.3677,0.3705
26300,0,0.385637,0.614363,client0.log,0.5165,0.3114,0.4768,0.2379
26300,1,0.37257,0.62743,client1.log,0.3218,0.4419,0.3018,0.4248
26300,2,0.368004,0.631996,client2.log,0.3498,0.3885,0.3585,0.3753
26300,3,0.370946,0.629054,client3.log,0.3146,0.3912,0.3376,0.4405
26300,4,0.372424,0.627576,client4.log,0.3022,0.4197,0.3261,0.4416
26350,0,0.368847,0.631153,client0.log,0.3935,0.3828,0.3176,0.3814
26350,1,0.376541,0.623459,client1.log,0.4654,0.2744,0.4457,0.3206
26350,2,0.394142,0.605858,client2.log,0.2374,0.5064,0.2703,0.5624
26350,3,0.370767,0.629233,client3.log,0.306,0.4132,0.3471,0.4167
26350,4,0.369964,0.630036,client4.log,0.3169,0.3815,0.3514,0.43
26400,0,0.368084,0.631916,client0.log,0.3628,0.3429,0.4012,0.3655
26400,1,0.368146,0.631854,client1.log,0.3777,0.3334,0.3879,0.3735
26400,2,0.368806,0.631194,client2.log,0.3986,0.3352,0.3941,0.3473
26400,3,0.368329,0.631671,client3.log,0.3682,0.3728,0.3941,0.3382
26400,4,0.368663,0.631337,client4.log,0.3552,0.331,0.3927,0.3958
26450,0,0.384719,0.615281,client0.log,0.2692,0.5003,0.2724,0.4969
26450,1,0.368744,0.631256,client1.log,0.3197,0.3786,0.3841,0.3926
26450,2,0.373872,0.626128,client2.log,0.4447,0.2871,0.4317,0.3321
26450,3,0.368466,0.631534,client3.log,0.3511,0.3699,0.3475,0.4054
26450,4,0.367886,0.632114,client4.log,0.3851,0.3689,0.348,0.3696
26500,0,0.368406,0.631594,client0.log,0.3404,0.3696,0.353,0.4106
26500,1,0.37809,0.62191,client1.log,0.3109,0.4881,0.2729,0.4405
26500,2,0.371549,0.628451,client2.log,0.3964,0.4464,0.3129,0.3304
26500,3,0.368546,0.631454,client3.log,0.3605,0.3364,0.4019,0.3754
26500,4,0.368831,0.631169,client4.log,0.3368,0.3549,0.4181,0.3655
26550,0,0.368232,0.631768,client0.log,0.3702,0.3481,0.406,0.3487
26550,1,0.369289,0.630711,client1.log,0.3834,0.3677,0.4161,0.3099
26550,2,0.368132,0.631868,client2.log,0.3874,0.3484,0.3529,0.3839
26550,3,0.369774,0.630226,client3.log,0.3212,0.3465,0.3917,0.4197
26550,4,0.369155,0.630845,client4.log,0.3499,0.4197,0.3311,0.376
26600,0,0.372522,0.627478,client0.log,0.3085,0.44,0.3146,0.427
26600,1,0.367924,0.632076,client1.log,0.3763,0.3606,0.344,0.3909
26600,2,0.368056,0.631944,client2.log,0.3837,0.3583,0.3827,0.3476
26600,3,0.368182,0.631819,client3.log,0.352,0.3717,0.3541,0.395
26600,4,0.37196,0.62804,client4.log,0.3138,0.3389,0.3672,0.4679
26650,0,0.377707,0.622293,client0.log,0.4907,0.4368,0.2944,0.2889
26650,1,0.367446,0.632554,client1.log,0.3688,0.3627,0.3764,0.3618
26650,2,0.36916,0.63084,client2.log,0.4039,0.3205,0.3886,0.3636
26650,3,0.370912,0.629088,client3.log,0.4341,0.3924,0.3049,0.3522
26650,4,0.37033,0.62967,client4.log,0.4005,0.4146,0.3636,0.3026
26700,0,0.370864,0.629136,client0.log,0.4161,0.3324,0.423,0.312
26700,1,0.367691,0.632309,client1.log,0.3655,0.3823,0.3522,0.3707
26700,2,0.370451,0.629549,client2.log,0.4361,0.3227,0.3881,0.335
26700,3,0.367827,0.632173,client3.log,0.369,0.3603,0.3744,0.3676
26700,4,0.375099,0.624901,client4.log,0.2769,0.4068,0.3398,0.4768
26750,0,0.371181,0.628819,client0.log,0.4209,0.2983,0.4184,0.3472
26750,1,0.37199,0.62801,client1.log,0.3616,0.284,0.4196,0.4227
26750,2,0.375655,0.624345,client2.log,0.4453,0.445,0.3441,0.2682
26750,3,0.381963,0.618037,client3.log,0.5201,0.3567,0.4112,0.2399
26750,4,0.368245,0.631755,client4.log,0.3952,0.3791,0.3575,0.3411
26800,0,0.372258,0.627742,client0.log,0.4679,0.3779,0.3368,0.3064
26800,1,0.383596,0.616404,client1.log,0.5262,0.2729,0.4583,0.2769
26800,2,0.371205,0.628795,client2.log,0.3155,0.405,0.3287,0.4356
26800,3,0.368242,0.631758,client3.log,0.3658,0.3432,0.3682,0.3957
26800,4,0.370464,0.629536,client4.log,0.3382,0.4318,0.3174,0.3945
26850,0,0.368822,0.631178,client0.log,0.3386,0.4152,0.337,0.3844
26850,1,0.37106,0.62894,client1.log,0.3066,0.337,0.4083,0.4322
26850,2,0.369001,0.630999,client2.log,0.4088,0.3718,0.3717,0.3237
26850,3,0.371105,0.628895,client3.log,0.3806,0.2942,0.3819,0.4277
26850,4,0.369333,0.630666,client4.log,0.365,0.4282,0.3497,0.3345
26900,0,0.368017,0.631983,client0.log,0.3429,0.3844,0.3564,0.3884
26900,1,0.373755,0.626245,client1.log,0.3038,0.311,0.4131,0.467
26900,2,0.3687,0.6313,client2.log,0.391,0.3294,0.3957,0.3587
26900,3,0.371263,0.628737,client3.log,0.2943,0.3838,0.3743,0.4327
26900,4,0.368713,0.631287,client4.log,0.4072,0.3429,0.3834,0.3413
26950,0,0.369221,0.630779,client0.log,0.3716,0.3272,0.3545,0.4236
26950,1,0.369529,0.630471,client1.log,0.368,0.3087,0.4111,0.3904
26950,2,0.382894,0.617106,client2.log,0.2665,0.454,0.2904,0.5207
26950,3,0.370644,0.629357,client3.log,0.3985,0.4008,0.2954,0.3879
26950,4,0.368498,0.631502,client4.log,0.3656,0.3405,0.4084,0.3594
27000,0,0.372591,0.627409,client0.log,0.4221,0.2857,0.433,0.3496
27000,1,0.36861,0.63139,client1.log,0.3528,0.418,0.3397,0.364
27000,2,0.375105,0.624895,client2.log,0.3042,0.4146,0.3027,0.4788
27000,3,0.368549,0.631451,client3.log,0.362,0.4001,0.335,0.3771
27000,4,0.369034,0.630966,client4.log,0.3618,0.3249,0.4146,0.3747
27050,0,0.367649,0.632351,client0.log,0.372,0.3805,0.357,0.3611
27050,1,0.380159,0.619841,client1.log,0.4695,0.2722,0.4841,0.2948
27050,2,0.371609,0.628391,client2.log,0.403,0.3019,0.4391,0.3425
27050,3,0.36797,0.63203,client3.log,0.372,0.3832,0.3511,0.3656
27050,4,0.378921,0.621079,client4.log,0.3128,0.3746,0.2892,0.5391
27100,0,0.425874,0.574126,client0.log,0.2093,0.6218,0.2124,0.6601
27100,1,0.367645,0.632355,client1.log,0.3785,0.374,0.3625,0.3556
27100,2,0.368904,0.631096,client2.log,0.3439,0.4043,0.3339,0.3935
27100,3,0.369532,0.630468,client3.log,0.4315,0.3426,0.3394,0.3647
27100,4,0.372609,0.627391,client4.log,0.41,0.4468,0.292,0.3416
27150,0,0.367878,0.632122,client0.log,0.3759,0.3434,0.3895,0.3627
27150,1,0.405004,0.594996,client1.log,0.2358,0.5773,0.2337,0.5732
27150,2,0.370775,0.629225,client2.log,0.321,0.424,0.3266,0.4115
27150,3,0.367849,0.632151,client3.log,0.3692,0.3589,0.3777,0.3656
27150,4,0.368193,0.631807,client4.log,0.3771,0.3893,0.3382,0.3681
27200,0,0.3826,0.6174,client0.log,0.4201,0.2439,0.5307,0.3356
27200,1,0.373702,0.626298,client1.log,0.2832,0.3542,0.3851,0.4723
27200,2,0.367763,0.632237,client2.log,0.3668,0.3678,0.3602,0.3763
27200,3,0.370132,0.629868,client3.log,0.3101,0.3704,0.3725,0.4275
27200,4,0.367776,0.632224,client4.log,0.3656,0.3781,0.3504,0.377
27250,0,0.368413,0.631587,client0.log,0.3816,0.4041,0.3474,0.3406
27250,1,0.375625,0.624375,client1.log,0.4892,0.3162,0.4075,0.2896
27250,2,0.368363,0.631637,client2.log,0.3968,0.3642,0.3735,0.339
27250,3,0.37348,0.62652,client3.log,0.4304,0.3002,0.4454,0.3179
27250,4,0.368605,0.631395,client4.log,0.4009,0.3385,0.3877,0.3473
27300,0,0.369325,0.630675,client0.log,0.4051,0.3301,0.4069,0.3352
27300,1,0.368972,0.631028,client1.log,0.3361,0.3692,0.3488,0.4218
27300,2,0.371935,0.628065,client2.log,0.4119,0.2926,0.4323,0.351
27300,3,0.371173,0.628827,client3.log,0.4263,0.3123,0.4145,0.3316
27300,4,0.367905,0.632095,client4.log,0.3827,0.3517,0.3757,0.3616
27350,0,0.368231,0.631769,client0.log,0.3868,0.369,0.3877,0.3295
27350,1,0.368934,0.631066,client1.log,0.3912,0.4093,0.3269,0.3484
27350,2,0.370737,0.629263,client2.log,0.3087,0.4269,0.3434,0.4039
27350,3,0.369696,0.630304,client3.log,0.3424,0.3974,0.3242,0.4148
27350,4,0.367824,0.632176,client4.log,0.3525,0.3718,0.3646,0.3824
27400,0,0.368011,0.631989,client0.log,0.3775,0.3626,0.3913,0.3406
27400,1,0.368115,0.631885,client1.log,0.336,0.3724,0.3765,0.3876
27400,2,0.368795,0.631205,client2.log,0.3637,0.3272,0.3852,0.3991
27400,3,0.369448,0.630552,client3.log,0.3926,0.3203,0.4098,0.355
27400,4,0.370838,0.629162,client4.log,0.3047,0.4189,0.3467,0.4131
27450,0,0.368414,0.631586,client0.log,0.326,0.3775,0.3752,0.395
27450,1,0.368386,0.631614,client1.log,0.4047,0.3482,0.38,0.3406
27450,2,0.370578,0.629422,client2.log,0.3826,0.4384,0.3137,0.3476
27450,3,0.368437,0.631563,client3.log,0.3868,0.3925,0.3539,0.3405
27450,4,0.372281,0.627719,client4.log,0.4534,0.3263,0.4028,0.3067
27500,0,0.368677,0.631323,client0.log,0.3531,0.3298,0.3891,0.4027
27500,1,0.367677,0.632323,client1.log,0.3531,0.3596,0.3808,0.3771
27500,2,0.369115,0.630885,client2.log,0.4019,0.3486,0.398,0.328
27500,3,0.369833,0.630167,client3.log,0.3868,0.3379,0.4261,0.3286
27500,4,0.391602,0.608398,client4.log,0.3048,0.5471,0.2231,0.4915
27550,0,0.373327,0.626673,client0.log,0.3346,0.448,0.2877,0.4229
27550,1,0.370062,0.629938,client1.log,0.3264,0.4157,0.3281,0.4101
27550,2,0.368056,0.631944,client2.log,0.3501,0.3584,0.385,0.3787
27550,3,0.368112,0.631888,client3.log,0.3707,0.3623,0.3909,0.3486
27550,4,0.368397,0.631603,client4.log,0.3891,0.3395,0.3934,0.3516
27600,0,0.378682,0.621318,client0.log,0.5237,0.2788,0.399,0.3132
27600,1,0.367593,0.632407,client1.log,0.3726,0.3608,0.3717,0.3653
27600,2,0.367889,0.632111,client2.log,0.367,0.3648,0.3555,0.3843
27600,3,0.373297,0.626703,client3.log,0.438,0.3408,0.428,0.2863
27600,4,0.368498,0.631502,client4.log,0.404,0.3671,0.3686,0.3344
27650,0,0.368462,0.631538,client0.log,0.3786,0.3557,0.4052,0.3344
27650,1,0.382832,0.617168,client1.log,0.256,0.3972,0.3242,0.5539
27650,2,0.372148,0.627852,client2.log,0.4294,0.3501,0.4179,0.2912
27650,3,0.37291,0.62709,client3.log,0.4157,0.3082,0.4514,0.3163
27650,4,0.370563,0.629437,client4.log,0.4357,0.3747,0.3667,0.3051
27700,0,0.372197,0.627803,client0.log,0.4283,0.4269,0.3406,0.293
27700,1,0.383219,0.616781,client1.log,0.2607,0.4685,0.2918,0.5119
27700,2,0.37063,0.62937,client2.log,0.3454,0.4099,0.3081,0.4191
27700,3,0.371747,0.628253,client3.log,0.4656,0.34,0.3631,0.3183
27700,4,0.373195,0.626805,client4.log,0.3086,0.4061,0.3149,0.4632
27750,0,0.369719,0.630281,client0.log,0.4088,0.3769,0.3061,0.3871
27750,1,0.36759,0.63241,client1.log,0.3675,0.3806,0.372,0.3503
27750,2,0.368923,0.631077,client2.log,0.3891,0.34,0.4054,0.3412
27750,3,0.372433,0.627567,client3.log,0.3391,0.4172,0.2948,0.4386
27750,4,0.368685,0.631315,client4.log,0.3942,0.3847,0.3715,0.3243
27800,0,0.368939,0.631061,client0.log,0.4213,0.3739,0.3419,0.3386
27800,1,0.369195,0.630805,client1.log,0.3625,0.4226,0.3254,0.3663
27800,2,0.36804,0.63196,client2.log,0.3652,0.3903,0.3674,0.3493
27800,3,0.368315,0.631685,client3.log,0.364,0.3385,0.3895,0.3813
27800,4,0.390336,0.609664,client4.log,0.5264,0.271,0.5153,0.2486
27850,0,0.388355,0.611645,client0.log,0.5613,0.3161,0.4447,0.2313
27850,1,0.37942,0.62058,client1.log,0.2693,0.4662,0.3047,0.4775
27850,2,0.368435,0.631565,client2.log,0.3385,0.3911,0.3898,0.3544
27850,3,0.36908,0.63092,client3.log,0.3252,0.4077,0.3591,0.3844
27850,4,0.371894,0.628106,client4.log,0.3464,0.4202,0.2942,0.4268
27900,0,0.369707,0.630293,client0.log,0.396,0.3992,0.3011,0.3825
27900,1,0.368131,0.631869,client1.log,0.3446,0.3853,0.3512,0.3915
27900,2,0.369816,0.630184,client2.log,0.4105,0.3292,0.4064,0.3332
27900,3,0.368223,0.631777,client3.log,0.3692,0.3669,0.3933,0.3435
27900,4,0.367667,0.632333,client4.log,0.3732,0.3687,0.3641,0.3647
27950,0,0.369338,0.630662,client0.log,0.3179,0.3963,0.3536,0.4096
27950,1,0.39555,0.60445,client1.log,0.2315,0.4819,0.2762,0.5926
27950,2,0.368674,0.631326,client2.log,0.4015,0.3456,0.3871,0.3405
27950,3,0.369741,0.630259,client3.log,0.3241,0.3762,0.3504,0.4283
27950,4,0.370335,0.629665,client4.log,0.4115,0.3316,0.4168,0.3215
28000,0,0.368878,0.631122,client0.log,0.4231,0.3632,0.3452,0.3441
28000,1,0.3817,0.6183,client1.log,0.273,0.4843,0.2849,0.4845
28000,2,0.368292,0.631708,client2.log,0.389,0.3541,0.3859,0.3442
28000,3,0.367925,0.632075,client3.log,0.3601,0.3636,0.3621,0.3859
28000,4,0.371404,0.628596,client4.log,0.4221,0.3767,0.3983,0.2885
28050,0,0.376175,0.623825,client0.log,0.4814,0.3363,0.4163,0.2707
28050,1,0.370288,0.629712,client1.log,0.3041,0.391,0.3604,0.4256
28050,2,0.368119,0.631881,client2.log,0.3554,0.3784,0.3508,0.388
28050,3,0.368582,0.631418,client3.log,0.3719,0.4071,0.3508,0.3446
28050,4,0.367773,0.632227,client4.log,0.3613,0.377,0.3742,0.3587
28100,0,0.433164,0.566836,client0.log,0.1945,0.6472,0.2141,0.6768
28100,1,0.367916,0.632084,client1.log,0.3881,0.3609,0.3762,0.3465
28100,2,0.370332,0.629668,client2.log,0.3889,0.3256,0.4331,0.3337
28100,3,0.368637,0.631363,client3.log,0.3973,0.3528,0.388,0.3364
28100,4,0.369096,0.630904,client4.log,0.374,0.4152,0.3257,0.3614
28150,0,0.368224,0.631776,client0.log,0.3444,0.403,0.3533,0.3721
28150,1,0.368006,0.631994,client1.log,0.342,0.3706,0.371,0.3884
28150,2,0.369083,0.630917,client2.log,0.3365,0.3984,0.3391,0.4024
28150,3,0.375051,0.624949,client3.log,0.4629,0.3353,0.4239,0.2781
28150,4,0.374464,0.625536,client4.log,0.2752,0.3642,0.3859,0.4725
28200,0,0.367609,0.632391,client0.log,0.359,0.3785,0.366,0.3669
28200,1,0.36846,0.63154,client1.log,0.3739,0.3513,0.408,0.3406
28200,2,0.369661,0.630339,client2.log,0.4172,0.3281,0.3945,0.3388
28200,3,0.373859,0.626141,client3.log,0.2897,0.3279,0.4302,0.4476
28200,4,0.367785,0.632215,client4.log,0.3744,0.3752,0.3672,0.3543
28250,0,0.369017,0.630983,client0.log,0.3385,0.3353,0.3918,0.4105
28250,1,0.367622,0.632378,client1.log,0.3573,0.3782,0.367,0.368
28250,2,0.368342,0.631658,client2.log,0.4003,0.372,0.34,0.361
28250,3,0.369734,0.630266,client3.log,0.3206,0.3849,0.3511,0.4224
28250,4,0.370243,0.629757,client4.log,0.3294,0.3273,0.3923,0.432
28300,0,0.36885,0.63115,client0.log,0.4094,0.3308,0.3845,0.3507
28300,1,0.370054,0.629946,client1.log,0.3138,0.3923,0.3481,0.4261
28300,2,0.368899,0.631101,client2.log,0.3871,0.3969,0.3678,0.3239
28300,3,0.368291,0.631709,client3.log,0.3921,0.3708,0.3718,0.3385
28300,4,0.372044,0.627956,client4.log,0.3136,0.4124,0.3185,0.4437
28350,0,0.36919,0.63081,client0.log,0.3131,0.3982,0.3629,0.4025
28350,1,0.367854,0.632146,client1.log,0.3732,0.3907,0.356,0.3515
28350,2,0.368267,0.631733,client2.log,0.3594,0.3457,0.3695,0.3984
28350,3,0.371035,0.628965,client3.log,0.3483,0.3122,0.4481,0.3755
28350,4,0.37916,0.62084,client4.log,0.4469,0.2767,0.4939,0.2992
28400,0,0.372719,0.627281,client0.log,0.4519,0.3298,0.4127,0.2964
28400,1,0.368049,0.631951,client1.log,0.3436,0.3738,0.3926,0.3622
28400,2,0.373898,0.626102,client2.log,0.433,0.3249,0.446,0.2916
28400,3,0.368217,0.631783,client3.log,0.3705,0.3944,0.3451,0.3629
28400,4,0.367946,0.632054,client4.log,0.3583,0.3713,0.3878,0.3544
28450,0,0.371164,0.628836,client0.log,0.305,0.3425,0.3946,0.4425
28450,1,0.371074,0.628926,client1.log,0.443,0.3145,0.3949,0.3319
28450,2,0.367889,0.632111,client2.log,0.353,0.3668,0.372,0.3798
28450,3,0.371142,0.628858,client3.log,0.3112,0.4409,0.3385,0.3939
28450,4,0.368818,0.631182,client4.log,0.3911,0.3473,0.4026,0.3343
28500,0,0.367796,0.632204,client0.log,0.3706,0.388,0.3521,0.3605
28500,1,0.367939,0.632061,client1.log,0.36,0.377,0.3437,0.391
28500,2,0.37058,0.62942,client2.log,0.3011,0.3886,0.3708,0.4219
28500,3,0.368331,0.631669,client3.log,0.3768,0.3417,0.3949,0.3599
28500,4,0.367811,0.632189,client4.log,0.3575,0.3814,0.3726,0.3598
28550,0,0.367783,0.632217,client0.log,0.3675,0.3616,0.3527,0.3893
28550,1,0.367794,0.632206,client1.log,0.3684,0.3823,0.372,0.3484
28550,2,0.368149,0.631851,client2.log,0.3838,0.3427,0.3762,0.3699
28550,3,0.376028,0.623972,client3.log,0.2737,0.4197,0.3344,0.4763
28550,4,0.368505,0.631495,client4.log,0.3754,0.3326,0.4007,0.3653
28600,0,0.370288,0.629712,client0.log,0.3092,0.3999,0.3482,0.4239
28600,1,0.379244,0.620756,client1.log,0.2523,0.4,0.3552,0.5095
28600,2,0.385053,0.614947,client2.log,0.4687,0.2581,0.5258,0.2876
28600,3,0.381782,0.618218,client3.log,0.2766,0.4744,0.2825,0.4937
28600,4,0.370876,0.629124,client4.log,0.3332,0.3354,0.3579,0.457
28650,0,0.368871,0.631129,client0.log,0.3682,0.4158,0.3254,0.366
28650,1,0.368178,0.631822,client1.log,0.399,0.3532,0.3442,0.3762
28650,2,0.368523,0.631477,client2.log,0.3497,0.3984,0.341,0.385
28650,3,0.371349,0.628651,client3.log,0.4279,0.3077,0.4146,0.3351
28650,4,0.367909,0.632091,client4.log,0.3828,0.3498,0.3795,0.3596
28700,0,0.371717,0.628283,client0.log,0.4265,0.3004,0.4242,0.3358
28700,1,0.367722,0.632278,client1.log,0.3648,0.3833,0.349,0.3738
28700,2,0.369026,0.630974,client2.log,0.3935,0.403,0.3493,0.3303
28700,3,0.375477,0.624523,client3.log,0.3063,0.4505,0.2939,0.4513
28700,4,0.369596,0.630404,client4.log,0.3756,0.4246,0.3202,0.358
28750,0,0.382315,0.617685,client0.log,0.2729,0.4474,0.2858,0.5231
28750,1,0.368299,0.631701,client1.log,0.396,0.3816,0.361,0.3347
28750,2,0.36843,0.63157,client2.log,0.3904,0.3425,0.3898,0.351
28750,3,0.382425,0.617575,client3.log,0.5257,0.2571,0.4374,0.3095
28750,4,0.369273,0.630727,client4.log,0.4266,0.3675,0.3481,0.335
28800,0,0.405086,0.594914,client0.log,0.1898,0.5386,0.3035,0.5885
28800,1,0.367669,0.632331,client1.log,0.373,0.363,0.3749,0.3597
28800,2,0.367869,0.632131,client2.log,0.3561,0.3788,0.3674,0.3691
28800,3,0.369263,0.630737,client3.log,0.3418,0.4106,0.3323,0.3923
28800,4,0.374774,0.625226,client4.log,0.4314,0.2967,0.4616,0.3093
28850,0,0.368697,0.631303,client0.log,0.3398,0.4136,0.3447,0.3766
28850,1,0.369425,0.630575,client1.log,0.3259,0.3784,0.3481,0.4253
28850,2,0.370456,0.629544,client2.log,0.3294,0.3537,0.3492,0.4495
28850,3,0.368007,0.631993,client3.log,0.3716,0.3804,0.3722,0.3477
28850,4,0.370784,0.629216,client4.log,0.4293,0.3934,0.3592,0.3012
28900,0,0.372165,0.627835,client0.log,0.4288,0.368,0.4104,0.2814
28900,1,0.382863,0.617137,client1.log,0.3958,0.2952,0.563,0.2774
28900,2,0.373845,0.626155,client2.log,0.3799,0.4788,0.2884,0.3482
28900,3,0.367925,0.632075,client3.log,0.373,0.3589,0.3814,0.3584
28900,4,0.368463,0.631537,client4.log,0.3535,0.4011,0.3391,0.3801
28950,0,0.371515,0.628485,client0.log,0.4266,0.4224,0.3339,0.3032
28950,1,0.373154,0.626846,client1.log,0.312,0.4274,0.3065,0.4467
28950,2,0.37146,0.62854,client2.log,0.4349,0.3112,0.4096,0.3302
28950,3,0.368559,0.631441,client3.log,0.3642,0.3655,0.3391,0.4055
28950,4,0.367853,0.632147,client4.log,0.3856,0.3682,0.3633,0.3543
29000,0,0.37403,0.62597,client0.log,0.4114,0.4499,0.2707,0.3641
29000,1,0.369828,0.630172,client1.log,0.3104,0.3876,0.3627,0.4187
29000,2,0.371289,0.628711,client2.log,0.3927,0.3033,0.4415,0.3476
29000,3,0.368673,0.631327,client3.log,0.3372,0.3681,0.3604,0.409
29000,4,0.372442,0.627558,client4.log,0.4465,0.3281,0.4132,0.302
29050,0,0.369121,0.630879,client0.log,0.428,0.3448,0.3632,0.3405
29050,1,0.374022,0.625978,client1.log,0.3231,0.3709,0.3094,0.4928
29050,2,0.373241,0.626759,client2.log,0.2935,0.4175,0.3316,0.4503
29050,3,0.368936,0.631064,client3.log,0.3329,0.4135,0.3575,0.3718
29050,4,0.368149,0.631851,client4.log,0.386,0.3783,0.369,0.3393
29100,0,0.368033,0.631967,client0.log,0.3904,0.3781,0.3624,0.3413
29100,1,0.371167,0.628833,client1.log,0.3146,0.3387,0.4533,0.3781
29100,2,0.373614,0.626386,client2.log,0.4421,0.3568,0.4182,0.2774
29100,3,0.370223,0.629777,client3.log,0.4346,0.346,0.3803,0.3199
29100,4,0.367884,0.632116,client4.log,0.3532,0.3588,0.3798,0.3797
29150,0,0.383738,0.616262,client0.log,0.2695,0.4518,0.2815,0.5321
29150,1,0.370299,0.629701,client1.log,0.3237,0.3513,0.359,0.4472
29150,2,0.370858,0.629142,client2.log,0.3754,0.3009,0.4338,0.3733
29150,3,0.374418,0.625582,client3.log,0.2971,0.3374,0.3706,0.4926
29150,4,0.371138,0.628862,client4.log,0.4234,0.4088,0.3535,0.2989
29200,0,0.369472,0.630528,client0.log,0.4091,0.3322,0.4047,0.3319
29200,1,0.367631,0.632369,client1.log,0.3621,0.3737,0.3556,0.3791
29200,2,0.368103,0.631897,client2.log,0.3757,0.3825,0.3717,0.3426
29200,3,0.378293,0.621707,client3.log,0.3127,0.4939,0.2737,0.4329
29200,4,0.367746,0.632254,client4.log,0.3625,0.3646,0.374,0.3699
29250,0,0.368535,0.631465,client0.log,0.3988,0.3888,0.3543,0.3323
29250,1,0.370459,0.629541,client1.log,0.3913,0.3183,0.4363,0.3359
29250,2,0.367867,0.632133,client2.log,0.3529,0.3632,0.3756,0.3798
29250,3,0.369924,0.630076,client3.log,0.3119,0.3635,0.3841,0.4203
29250,4,0.369276,0.630724,client4.log,0.3927,0.4113,0.3462,0.327
29300,0,0.368781,0.631219,client0.log,0.3621,0.4127,0.3289,0.3714
29300,1,0.368037,0.631963,client1.log,0.389,0.3653,0.3758,0.342
29300,2,0.369993,0.630007,client2.log,0.3579,0.4248,0.3144,0.3829
29300,3,0.3704,0.6296,client3.log,0.3033,0.3665,0.394,0.4178
29300,4,0.368614,0.631386,client4.log,0.3723,0.3858,0.3905,0.3259
29350,0,0.374141,0.625859,client0.log,0.4635,0.3975,0.3619,0.2736
29350,1,0.389782,0.610218,client1.log,0.209,0.5018,0.3477,0.5006
29350,2,0.369114,0.630886,client2.log,0.3323,0.3964,0.3439,0.4039
29350,3,0.369876,0.630124,client3.log,0.3055,0.385,0.3855,0.4035
29350,4,0.376094,0.623906,client4.log,0.3114,0.4781,0.2869,0.4279
29400,0,0.372569,0.627431,client0.log,0.4206,0.2817,0.4282,0.3598
29400,1,0.367804,0.632196,client1.log,0.3703,0.3492,0.3888,0.3629
29400,2,0.370393,0.629607,client2.log,0.3293,0.4268,0.3256,0.3998
29400,3,0.368738,0.631262,client3.log,0.3302,0.3905,0.3588,0.3955
29400,4,0.375243,0.624757,client4.log,0.2849,0.4123,0.3253,0.4785
29450,0,0.392832,0.607168,client0.log,0.5371,0.2598,0.5256,0.2488
29450,1,0.392417,0.607583,client1.log,0.4414,0.2484,0.6042,0.2756
29450,2,0.369104,0.630896,client2.log,0.4102,0.3569,0.3823,0.3271
29450,3,0.37105,0.62895,client3.log,0.3752,0.4144,0.2933,0.4012
29450,4,0.375148,0.624852,client4.log,0.4259,0.2871,0.4688,0.3189
29500,0,0.367967,0.632033,client0.log,0.3938,0.3715,0.3579,0.3486
29500,1,0.374251,0.625749,client1.log,0.3134,0.4541,0.2964,0.4331
29500,2,0.372508,0.627492,client2.log,0.3094,0.4313,0.3173,0.432
29500,3,0.385003,0.614997,client3.log,0.2649,0.4964,0.2779,0.5008
29500,4,0.368057,0.631943,client4.log,0.3614,0.3564,0.3968,0.3576
29550,0,0.368364,0.631636,client0.log,0.3929,0.3427,0.3934,0.3445
29550,1,0.376762,0.623238,client1.log,0.2747,0.4718,0.3192,0.4414
29550,2,0.371016,0.628984,client2.log,0.3168,0.3981,0.3318,0.4374
29550,3,0.367904,0.632096,client3.log,0.3577,0.3747,0.3613,0.3779
29550,4,0.37169,0.62831,client4.log,0.3147,0.404,0.3231,0.4449
29600,0,0.36761,0.63239,client0.log,0.3778,0.3593,0.37,0.3633
29600,1,0.369619,0.630381,client1.log,0.3101,0.3893,0.3685,0.4106
29600,2,0.368962,0.631038,client2.log,0.3898,0.3406,0.407,0.3385
29600,3,0.371476,0.628524,client3.log,0.34,0.3452,0.3343,0.4664
29600,4,0.387391,0.612609,client4.log,0.2327,0.503,0.3097,0.5042
29650,0,0.384088,0.615912,client0.log,0.4985,0.2404,0.4804,0.3171
29650,1,0.368308,0.631692,client1.log,0.3552,0.3884,0.3383,0.3913
29650,2,0.368018,0.631982,client2.log,0.3878,0.3601,0.3692,0.355
29650,3,0.370022,0.629978,client3.log,0.3374,0.4243,0.3244,0.3939
29650,4,0.372762,0.627238,client4.log,0.4269,0.3319,0.4369,0.2953
29700,0,0.368326,0.631674,client0.log,0.3439,0.3458,0.3941,0.3895
29700,1,0.370122,0.629878,client1.log,0.3223,0.4238,0.3338,0.4006
29700,2,0.3745,0.6255,client2.log,0.3162,0.2982,0.4081,0.4754
29700,3,0.367917,0.632083,client3.log,0.3625,0.3707,0.3564,0.382
29700,4,0.368472,0.631528,client4.log,0.3662,0.4071,0.342,0.3586
29750,0,0.371649,0.628351,client0.log,0.3222,0.4215,0.3115,0.4314
29750,1,0.368617,0.631383,client1.log,0.3827,0.3441,0.4077,0.3399
29750,2,0.36977,0.63023,client2.log,0.4172,0.346,0.3947,0.3212
29750,3,0.367891,0.632109,client3.log,0.3579,0.362,0.3725,0.3792
29750,4,0.367818,0.632182,client4.log,0.3561,0.3704,0.3659,0.3789
29800,0,0.3684,0.6316,client0.log,0.3697,0.3954,0.3288,0.3797
29800,1,0.367535,0.632465,client1.log,0.3636,0.366,0.3683,0.3723
29800,2,0.372644,0.627356,client2.log,0.37,0.3013,0.4702,0.349
29800,3,0.373708,0.626292,client3.log,0.2985,0.4065,0.323,0.4669
29800,4,0.380343,0.619657,client4.log,0.4535,0.2842,0.5001,0.2836
29850,0,0.371315,0.628685,client0.log,0.3209,0.3892,0.3239,0.4512
29850,1,0.398778,0.601222,client1.log,0.2425,0.5112,0.2484,0.593
29850,2,0.369405,0.630595,client2.log,0.3343,0.4286,0.356,0.3588
29850,3,0.369151,0.630849,client3.log,0.4102,0.3527,0.3861,0.3276
29850,4,0.373573,0.626427,client4.log,0.4175,0.3105,0.459,0.3074
29900,0,0.380689,0.619311,client0.log,0.3868,0.2649,0.543,0.3279
29900,1,0.367627,0.632373,client1.log,0.3662,0.3655,0.366,0.3728
29900,2,0.368234,0.631766,client2.log,0.3723,0.339,0.3905,0.3712
29900,3,0.368795,0.631205,client3.log,0.3243,0.3761,0.3791,0.3956
29900,4,0.36912,0.63088,client4.log,0.3989,0.3482,0.4016,0.3278
29950,0,0.369002,0.630998,client0.log,0.3532,0.3313,0.3703,0.4212
29950,1,0.368977,0.631023,client1.log,0.3467,0.3954,0.3289,0.405
29950,2,0.375663,0.624337,client2.log,0.308,0.4669,0.292,0.4357
29950,3,0.370752,0.629248,client3.log,0.425,0.4093,0.3286,0.32
29950,4,0.368281,0.631719,client4.log,0.3698,0.3397,0.3972,0.3663
30000,0,0.374344,0.625656,client0.log,0.3127,0.4224,0.2972,0.465
30000,1,0.367732,0.632268,client1.log,0.367,0.3567,0.3846,0.3625
30000,2,0.370018,0.629982,client2.log,0.4002,0.3344,0.4209,0.3246
30000,3,0.371341,0.628659,client3.log,0.2935,0.4018,0.3656,0.4244
30000,4,0.368375,0.631625,client4.log,0.4025,0.3491,0.346,0.376
