dataset,client,domain,assigned_key,file,total_px,ann_fg_px,ann_labeled_px,gt_fg_px,ann_fg_ratio,ann_labeled_ratio,gt_fg_ratio,ann_fg_inside_gt_ratio,gt_fg_covered_by_ann_ratio,ann_fg_boundary_ratio,ann_fg_core_ratio
faz,client1,Domain1,scribble_noisy,001_M_1.h5,65536,187,1401,2221,0.0028533935546875,0.0213775634765625,0.0338897705078125,1.0,0.08419630796938316,0.8235294117647058,0.17647058823529413
faz,client1,Domain1,scribble_noisy,001_N_1.h5,65536,168,1368,1850,0.0025634765625,0.0208740234375,0.028228759765625,1.0,0.09081081081081081,0.2261904761904762,0.7738095238095238
faz,client1,Domain1,scribble_noisy,002_D_10.h5,65536,292,602,9495,0.00445556640625,0.009185791015625,0.1448822021484375,1.0,0.030753027909426012,0.7534246575342466,0.2465753424657534
faz,client1,Domain1,scribble_noisy,002_M_10.h5,65536,198,1420,1244,0.003021240234375,0.02166748046875,0.01898193359375,1.0,0.15916398713826366,0.3686868686868687,0.6313131313131313
faz,client1,Domain1,scribble_noisy,003_D_100.h5,65536,160,1375,1566,0.00244140625,0.0209808349609375,0.023895263671875,1.0,0.10217113665389528,0.16875,0.83125
faz,client1,Domain1,scribble_noisy,003_M_100.h5,65536,217,1424,964,0.0033111572265625,0.021728515625,0.01470947265625,1.0,0.22510373443983403,0.3778801843317972,0.6221198156682027
faz,client1,Domain1,scribble_noisy,003_N_11.h5,65536,105,1363,1276,0.0016021728515625,0.0207977294921875,0.01947021484375,1.0,0.0822884012539185,0.38095238095238093,0.6190476190476191
faz,client1,Domain1,scribble_noisy,004_D_101.h5,65536,96,1342,1637,0.00146484375,0.020477294921875,0.0249786376953125,1.0,0.05864386072083079,0.20833333333333334,0.7916666666666666
faz,client1,Domain1,scribble_noisy,004_N_12.h5,65536,360,1658,2305,0.0054931640625,0.025299072265625,0.0351715087890625,1.0,0.1561822125813449,0.25,0.75
faz,client1,Domain1,scribble_noisy,005_D_102.h5,65536,194,1339,1702,0.002960205078125,0.0204315185546875,0.025970458984375,1.0,0.11398354876615746,0.030927835051546393,0.9690721649484536
faz,client1,Domain1,scribble_noisy,005_M_102.h5,65536,220,1491,1422,0.00335693359375,0.0227508544921875,0.021697998046875,1.0,0.15471167369901548,0.21363636363636362,0.7863636363636364
faz,client1,Domain1,scribble_noisy,005_N_13.h5,65536,159,1374,1047,0.0024261474609375,0.020965576171875,0.0159759521484375,1.0,0.1518624641833811,0.16352201257861634,0.8364779874213837
faz,client1,Domain1,scribble_noisy,006_M_103.h5,65536,113,1314,1471,0.0017242431640625,0.020050048828125,0.0224456787109375,1.0,0.07681849082256968,0.34513274336283184,0.6548672566371682
faz,client1,Domain1,scribble_noisy,006_N_14.h5,65536,215,1436,1473,0.0032806396484375,0.02191162109375,0.0224761962890625,1.0,0.14596062457569586,0.20465116279069767,0.7953488372093023
faz,client1,Domain1,scribble_noisy,007_D_104.h5,65536,184,1414,1889,0.0028076171875,0.021575927734375,0.0288238525390625,1.0,0.09740603493912123,0.391304347826087,0.6086956521739131
faz,client1,Domain1,scribble_noisy,007_M_104.h5,65536,185,1371,769,0.0028228759765625,0.0209197998046875,0.0117340087890625,1.0,0.24057217165149544,0.3675675675675676,0.6324324324324324
faz,client1,Domain1,scribble_noisy,008_D_105.h5,65536,84,236,2004,0.00128173828125,0.00360107421875,0.03057861328125,1.0,0.041916167664670656,0.39285714285714285,0.6071428571428571
faz,client1,Domain1,scribble_noisy,008_M_105.h5,65536,206,1396,799,0.003143310546875,0.02130126953125,0.0121917724609375,1.0,0.25782227784730916,0.49029126213592233,0.5097087378640777
faz,client1,Domain1,scribble_noisy,008_N_16.h5,65536,212,1411,906,0.00323486328125,0.0215301513671875,0.013824462890625,1.0,0.23399558498896247,0.5754716981132075,0.42452830188679247
faz,client1,Domain1,scribble_noisy,009_D_106.h5,65536,130,1395,1649,0.001983642578125,0.0212860107421875,0.0251617431640625,1.0,0.07883565797453002,0.046153846153846156,0.9538461538461539
faz,client1,Domain1,scribble_noisy,009_N_17.h5,65536,140,1383,1766,0.00213623046875,0.0211029052734375,0.026947021484375,1.0,0.07927519818799547,0.09285714285714286,0.9071428571428571
faz,client1,Domain1,scribble_noisy,010_D_107.h5,65536,174,1386,1355,0.002655029296875,0.021148681640625,0.0206756591796875,1.0,0.12841328413284134,0.4942528735632184,0.5057471264367817
faz,client1,Domain1,scribble_noisy,010_M_107.h5,65536,121,1350,2138,0.0018463134765625,0.020599365234375,0.032623291015625,1.0,0.05659494855004677,0.32231404958677684,0.6776859504132231
faz,client1,Domain1,scribble_noisy,010_N_18.h5,65536,147,1309,1885,0.0022430419921875,0.0199737548828125,0.0287628173828125,1.0,0.0779840848806366,0.40816326530612246,0.5918367346938775
faz,client1,Domain1,scribble_noisy,011_M_108.h5,65536,113,1330,1561,0.0017242431640625,0.020294189453125,0.0238189697265625,1.0,0.0723894939141576,0.4247787610619469,0.5752212389380531
faz,client1,Domain1,scribble_noisy,011_N_19.h5,65536,166,1429,1801,0.002532958984375,0.0218048095703125,0.0274810791015625,1.0,0.09217101610216547,0.3192771084337349,0.6807228915662651
faz,client1,Domain1,scribble_noisy,012_D_12.h5,65536,264,1561,2364,0.0040283203125,0.0238189697265625,0.03607177734375,1.0,0.1116751269035533,0.48863636363636365,0.5113636363636364
faz,client1,Domain1,scribble_noisy,012_M_109.h5,65536,154,1410,1581,0.002349853515625,0.021514892578125,0.0241241455078125,1.0,0.09740670461733081,0.4155844155844156,0.5844155844155844
faz,client1,Domain1,scribble_noisy,013_D_13.h5,65536,208,1459,2173,0.003173828125,0.0222625732421875,0.0331573486328125,1.0,0.09572020248504372,0.4375,0.5625
faz,client1,Domain1,scribble_noisy,013_M_11.h5,65536,264,1527,1497,0.0040283203125,0.0233001708984375,0.0228424072265625,1.0,0.17635270541082165,0.48484848484848486,0.5151515151515151
faz,client1,Domain1,scribble_noisy,013_N_20.h5,65536,238,1485,1508,0.003631591796875,0.0226593017578125,0.02301025390625,1.0,0.15782493368700265,0.3907563025210084,0.6092436974789915
faz,client1,Domain1,scribble_noisy,014_D_14.h5,65536,186,1400,1932,0.002838134765625,0.0213623046875,0.02947998046875,1.0,0.09627329192546584,0.3870967741935484,0.6129032258064516
faz,client1,Domain1,scribble_noisy,014_N_21.h5,65536,159,1360,1448,0.0024261474609375,0.020751953125,0.0220947265625,1.0,0.10980662983425414,0.6792452830188679,0.32075471698113206
faz,client1,Domain1,scribble_noisy,015_D_15.h5,65536,108,1319,1982,0.00164794921875,0.0201263427734375,0.030242919921875,1.0,0.054490413723511606,0.9907407407407407,0.009259259259259259
faz,client1,Domain1,scribble_noisy,015_M_13.h5,65536,93,1276,532,0.0014190673828125,0.01947021484375,0.00811767578125,1.0,0.17481203007518797,0.3763440860215054,0.6236559139784946
faz,client1,Domain1,scribble_noisy,015_N_22.h5,65536,191,1420,1624,0.0029144287109375,0.02166748046875,0.0247802734375,1.0,0.11761083743842364,0.418848167539267,0.581151832460733
faz,client1,Domain1,scribble_noisy,016_M_14.h5,65536,112,1371,1043,0.001708984375,0.0209197998046875,0.0159149169921875,1.0,0.10738255033557047,0.09821428571428571,0.9017857142857143
faz,client1,Domain1,scribble_noisy,016_N_23.h5,65536,207,1455,1711,0.0031585693359375,0.0222015380859375,0.0261077880859375,1.0,0.12098188194038574,0.42995169082125606,0.5700483091787439
faz,client1,Domain1,scribble_noisy,017_D_17.h5,65536,110,1370,1803,0.001678466796875,0.020904541015625,0.0275115966796875,1.0,0.06100942872989462,0.5818181818181818,0.41818181818181815
faz,client1,Domain1,scribble_noisy,017_M_15.h5,65536,176,1416,2174,0.002685546875,0.0216064453125,0.033172607421875,1.0,0.08095676172953081,0.5852272727272727,0.4147727272727273
faz,client1,Domain1,scribble_noisy,018_D_18.h5,65536,138,1315,1187,0.002105712890625,0.0200653076171875,0.0181121826171875,1.0,0.11625947767481044,0.2246376811594203,0.7753623188405797
faz,client1,Domain1,scribble_noisy,018_M_16.h5,65536,168,1410,2351,0.0025634765625,0.021514892578125,0.0358734130859375,1.0,0.07145895363675032,0.10714285714285714,0.8928571428571429
faz,client1,Domain1,scribble_noisy,018_N_25.h5,65536,156,1437,1957,0.00238037109375,0.0219268798828125,0.0298614501953125,1.0,0.0797138477261114,0.2564102564102564,0.7435897435897436
faz,client1,Domain1,scribble_noisy,019_D_19.h5,65536,175,1389,1494,0.0026702880859375,0.0211944580078125,0.022796630859375,1.0,0.11713520749665328,0.49714285714285716,0.5028571428571429
faz,client1,Domain1,scribble_noisy,019_N_26.h5,65536,253,1419,2030,0.0038604736328125,0.0216522216796875,0.030975341796875,1.0,0.12463054187192119,0.34782608695652173,0.6521739130434783
faz,client1,Domain1,scribble_noisy,020_D_2.h5,65536,89,1382,1458,0.0013580322265625,0.021087646484375,0.022247314453125,1.0,0.061042524005486966,0.8314606741573034,0.16853932584269662
faz,client1,Domain1,scribble_noisy,020_M_18.h5,65536,242,1539,1634,0.003692626953125,0.0234832763671875,0.024932861328125,1.0,0.1481028151774786,0.371900826446281,0.628099173553719
faz,client1,Domain1,scribble_noisy,020_N_27.h5,65536,134,1522,1920,0.002044677734375,0.023223876953125,0.029296875,1.0,0.06979166666666667,0.44776119402985076,0.5522388059701493
faz,client1,Domain1,scribble_noisy,021_D_20.h5,65536,272,1536,2724,0.004150390625,0.0234375,0.04156494140625,1.0,0.09985315712187959,0.33088235294117646,0.6691176470588235
faz,client1,Domain1,scribble_noisy,021_N_28.h5,65536,240,1528,1536,0.003662109375,0.0233154296875,0.0234375,1.0,0.15625,0.2833333333333333,0.7166666666666667
faz,client1,Domain1,scribble_noisy,022_D_21.h5,65536,285,1594,2340,0.0043487548828125,0.024322509765625,0.03570556640625,1.0,0.12179487179487179,0.312280701754386,0.6877192982456141
faz,client1,Domain1,scribble_noisy,022_M_2.h5,65536,236,1504,1807,0.00360107421875,0.02294921875,0.0275726318359375,1.0,0.1306032097399004,0.059322033898305086,0.940677966101695
faz,client1,Domain1,scribble_noisy,022_N_29.h5,65536,167,1414,1769,0.0025482177734375,0.021575927734375,0.0269927978515625,1.0,0.09440361786319955,0.5269461077844312,0.47305389221556887
faz,client1,Domain1,scribble_noisy,023_M_20.h5,65536,288,1554,1994,0.00439453125,0.023712158203125,0.030426025390625,1.0,0.1444332998996991,0.1875,0.8125
faz,client1,Domain1,scribble_noisy,023_N_3.h5,65536,255,1438,1085,0.0038909912109375,0.021942138671875,0.0165557861328125,1.0,0.2350230414746544,0.4823529411764706,0.5176470588235295
faz,client1,Domain1,scribble_noisy,024_D_23.h5,65536,212,1473,1822,0.00323486328125,0.0224761962890625,0.027801513671875,1.0,0.1163556531284303,0.24528301886792453,0.7547169811320755
faz,client1,Domain1,scribble_noisy,024_M_21.h5,65536,183,1423,1502,0.0027923583984375,0.0217132568359375,0.022918701171875,1.0,0.1218375499334221,0.4918032786885246,0.5081967213114754
faz,client1,Domain1,scribble_noisy,025_D_24.h5,65536,227,1516,3000,0.0034637451171875,0.02313232421875,0.0457763671875,1.0,0.07566666666666666,0.42290748898678415,0.5770925110132159
faz,client1,Domain1,scribble_noisy,025_M_22.h5,65536,140,1363,1364,0.00213623046875,0.0207977294921875,0.02081298828125,1.0,0.10263929618768329,0.2571428571428571,0.7428571428571429
faz,client1,Domain1,scribble_noisy,025_N_31.h5,65536,175,1345,1440,0.0026702880859375,0.0205230712890625,0.02197265625,1.0,0.12152777777777778,0.34285714285714286,0.6571428571428571
faz,client1,Domain1,scribble_noisy,026_D_25.h5,65536,171,1443,2831,0.0026092529296875,0.0220184326171875,0.0431976318359375,1.0,0.06040268456375839,0.672514619883041,0.32748538011695905
faz,client1,Domain1,scribble_noisy,026_N_32.h5,65536,261,1494,1611,0.0039825439453125,0.022796630859375,0.0245819091796875,1.0,0.16201117318435754,0.42911877394636017,0.5708812260536399
faz,client1,Domain1,scribble_noisy,027_D_26.h5,65536,122,1335,1107,0.001861572265625,0.0203704833984375,0.0168914794921875,1.0,0.1102077687443541,0.5983606557377049,0.4016393442622951
faz,client1,Domain1,scribble_noisy,027_M_24.h5,65536,238,1548,2306,0.003631591796875,0.02362060546875,0.035186767578125,1.0,0.10320901994796183,0.38235294117647056,0.6176470588235294
faz,client1,Domain1,scribble_noisy,027_N_33.h5,65536,269,1484,1829,0.0041046142578125,0.02264404296875,0.0279083251953125,1.0,0.14707490431930018,0.4758364312267658,0.5241635687732342
faz,client1,Domain1,scribble_noisy,028_M_25.h5,65536,220,1409,1037,0.00335693359375,0.0214996337890625,0.0158233642578125,1.0,0.21215043394406943,0.41818181818181815,0.5818181818181818
faz,client1,Domain1,scribble_noisy,028_N_34.h5,65536,98,1321,1247,0.001495361328125,0.0201568603515625,0.0190277099609375,1.0,0.07858861267040898,0.23469387755102042,0.7653061224489796
faz,client1,Domain1,scribble_noisy,029_D_28.h5,65536,132,1384,1538,0.00201416015625,0.0211181640625,0.023468017578125,1.0,0.0858257477243173,0.42424242424242425,0.5757575757575758
faz,client1,Domain1,scribble_noisy,029_M_26.h5,65536,242,1511,2242,0.003692626953125,0.0230560302734375,0.034210205078125,1.0,0.1079393398751115,0.17355371900826447,0.8264462809917356
faz,client1,Domain1,scribble_noisy,030_D_29.h5,65536,189,1454,1547,0.0028839111328125,0.022186279296875,0.0236053466796875,1.0,0.12217194570135746,0.6031746031746031,0.3968253968253968
faz,client1,Domain1,scribble_noisy,030_M_27.h5,65536,171,1382,1064,0.0026092529296875,0.021087646484375,0.0162353515625,1.0,0.16071428571428573,0.1695906432748538,0.8304093567251462
faz,client1,Domain1,scribble_noisy,030_N_36.h5,65536,94,1299,1472,0.001434326171875,0.0198211669921875,0.0224609375,1.0,0.06385869565217392,0.8085106382978723,0.19148936170212766
faz,client1,Domain1,scribble_noisy,031_D_3.h5,65536,127,1415,2288,0.0019378662109375,0.0215911865234375,0.034912109375,1.0,0.05550699300699301,0.2755905511811024,0.7244094488188977
faz,client1,Domain1,scribble_noisy,031_N_37.h5,65536,167,1428,1238,0.0025482177734375,0.02178955078125,0.018890380859375,1.0,0.13489499192245558,0.2694610778443114,0.7305389221556886
faz,client1,Domain1,scribble_noisy,032_D_30.h5,65536,354,1640,3097,0.005401611328125,0.0250244140625,0.0472564697265625,1.0,0.11430416532127866,0.11016949152542373,0.8898305084745762
faz,client1,Domain1,scribble_noisy,032_M_29.h5,65536,129,1347,1162,0.0019683837890625,0.0205535888671875,0.017730712890625,1.0,0.11101549053356283,0.3023255813953488,0.6976744186046512
faz,client1,Domain1,scribble_noisy,032_N_38.h5,65536,218,1430,1813,0.003326416015625,0.021820068359375,0.0276641845703125,1.0,0.1202426916712631,0.39908256880733944,0.6009174311926605
faz,client1,Domain1,scribble_noisy,033_M_3.h5,65536,103,1352,1550,0.0015716552734375,0.0206298828125,0.023651123046875,1.0,0.0664516129032258,0.4368932038834951,0.5631067961165048
faz,client1,Domain1,scribble_noisy,033_N_39.h5,65536,267,1520,1418,0.0040740966796875,0.023193359375,0.021636962890625,1.0,0.18829337094499296,0.43820224719101125,0.5617977528089888
faz,client1,Domain1,scribble_noisy,034_D_32.h5,65536,228,1542,2505,0.00347900390625,0.023529052734375,0.0382232666015625,1.0,0.09101796407185629,0.5131578947368421,0.4868421052631579
faz,client1,Domain1,scribble_noisy,034_M_30.h5,65536,63,1285,1247,0.0009613037109375,0.0196075439453125,0.0190277099609375,1.0,0.05052125100240577,0.031746031746031744,0.9682539682539683
faz,client1,Domain1,scribble_noisy,035_D_33.h5,65536,189,1433,2236,0.0028839111328125,0.0218658447265625,0.03411865234375,1.0,0.08452593917710197,0.5291005291005291,0.4708994708994709
faz,client1,Domain1,scribble_noisy,035_M_31.h5,65536,164,1342,1338,0.00250244140625,0.020477294921875,0.020416259765625,1.0,0.12257100149476831,0.4268292682926829,0.573170731707317
faz,client1,Domain1,scribble_noisy,035_N_40.h5,65536,176,1436,1980,0.002685546875,0.02191162109375,0.03021240234375,1.0,0.08888888888888889,0.3352272727272727,0.6647727272727273
faz,client1,Domain1,scribble_noisy,036_D_34.h5,65536,67,1325,1849,0.0010223388671875,0.0202178955078125,0.0282135009765625,1.0,0.03623580313683072,0.1044776119402985,0.8955223880597015
faz,client1,Domain1,scribble_noisy,036_N_41.h5,65536,136,1361,1540,0.0020751953125,0.0207672119140625,0.02349853515625,1.0,0.08831168831168831,0.5147058823529411,0.4852941176470588
faz,client1,Domain1,scribble_noisy,037_D_35.h5,65536,119,1391,2143,0.0018157958984375,0.0212249755859375,0.0326995849609375,1.0,0.055529631357909476,0.1092436974789916,0.8907563025210085
faz,client1,Domain1,scribble_noisy,037_M_33.h5,65536,186,1419,1676,0.002838134765625,0.0216522216796875,0.02557373046875,1.0,0.11097852028639618,0.22043010752688172,0.7795698924731183
faz,client1,Domain1,scribble_noisy,037_N_42.h5,65536,223,1474,1946,0.0034027099609375,0.022491455078125,0.029693603515625,1.0,0.11459403905447071,0.7219730941704036,0.27802690582959644
faz,client1,Domain1,scribble_noisy,038_M_34.h5,65536,332,1585,1819,0.00506591796875,0.0241851806640625,0.0277557373046875,1.0,0.18251786695986805,0.4006024096385542,0.5993975903614458
faz,client1,Domain1,scribble_noisy,038_N_43.h5,65536,258,1593,2009,0.003936767578125,0.0243072509765625,0.0306549072265625,1.0,0.12842210054753608,0.4263565891472868,0.5736434108527132
faz,client1,Domain1,scribble_noisy,039_D_37.h5,65536,103,1322,1527,0.0015716552734375,0.020172119140625,0.0233001708984375,1.0,0.06745252128356254,0.34951456310679613,0.6504854368932039
faz,client1,Domain1,scribble_noisy,039_M_35.h5,65536,219,1446,1841,0.0033416748046875,0.022064208984375,0.0280914306640625,1.0,0.11895708853883759,0.2511415525114155,0.7488584474885844
faz,client1,Domain1,scribble_noisy,040_D_38.h5,65536,144,1324,943,0.002197265625,0.02020263671875,0.0143890380859375,1.0,0.15270413573700956,0.0,1.0
faz,client1,Domain1,scribble_noisy,040_M_36.h5,65536,262,1444,1834,0.003997802734375,0.02203369140625,0.027984619140625,1.0,0.14285714285714285,0.30916030534351147,0.6908396946564885
faz,client1,Domain1,scribble_noisy,040_N_45.h5,65536,237,1485,1959,0.0036163330078125,0.0226593017578125,0.0298919677734375,1.0,0.12098009188361408,0.43037974683544306,0.569620253164557
faz,client1,Domain1,scribble_noisy,041_D_39.h5,65536,238,1503,1762,0.003631591796875,0.0229339599609375,0.026885986328125,1.0,0.13507377979568672,0.6554621848739496,0.3445378151260504
faz,client1,Domain1,scribble_noisy,041_M_37.h5,65536,262,1463,1883,0.003997802734375,0.0223236083984375,0.0287322998046875,1.0,0.13913967073818376,0.5038167938931297,0.4961832061068702
faz,client1,Domain1,scribble_noisy,042_D_4.h5,65536,228,1550,3158,0.00347900390625,0.023651123046875,0.048187255859375,1.0,0.07219759341355288,0.15789473684210525,0.8421052631578947
faz,client1,Domain1,scribble_noisy,042_M_38.h5,65536,161,1411,1622,0.0024566650390625,0.0215301513671875,0.024749755859375,1.0,0.09926017262638717,0.39751552795031053,0.6024844720496895
faz,client1,Domain1,scribble_noisy,042_N_47.h5,65536,205,1473,1727,0.0031280517578125,0.0224761962890625,0.0263519287109375,1.0,0.11870295309785756,0.2682926829268293,0.7317073170731707
faz,client1,Domain1,scribble_noisy,043_D_40.h5,65536,94,1351,1861,0.001434326171875,0.0206146240234375,0.0283966064453125,1.0,0.05051047823750672,0.7553191489361702,0.24468085106382978
faz,client1,Domain1,scribble_noisy,043_N_48.h5,65536,189,1392,1321,0.0028839111328125,0.021240234375,0.0201568603515625,1.0,0.14307342922028765,0.4021164021164021,0.5978835978835979
faz,client1,Domain1,scribble_noisy,044_D_41.h5,65536,243,1563,2881,0.0037078857421875,0.0238494873046875,0.0439605712890625,1.0,0.08434571329399514,0.34156378600823045,0.6584362139917695
faz,client1,Domain1,scribble_noisy,044_M_4.h5,65536,236,1529,1817,0.00360107421875,0.0233306884765625,0.0277252197265625,1.0,0.1298844248761695,0.3432203389830508,0.6567796610169492
faz,client1,Domain1,scribble_noisy,044_N_49.h5,65536,160,1401,1282,0.00244140625,0.0213775634765625,0.019561767578125,1.0,0.12480499219968799,0.3375,0.6625
faz,client1,Domain1,scribble_noisy,045_M_40.h5,65536,200,1310,804,0.0030517578125,0.019989013671875,0.01226806640625,1.0,0.24875621890547264,0.515,0.485
faz,client1,Domain1,scribble_noisy,045_N_5.h5,65536,232,1421,964,0.0035400390625,0.0216827392578125,0.01470947265625,1.0,0.24066390041493776,0.7370689655172413,0.2629310344827586
faz,client1,Domain1,scribble_noisy,046_D_43.h5,65536,217,357,2825,0.0033111572265625,0.0054473876953125,0.0431060791015625,1.0,0.0768141592920354,0.5622119815668203,0.4377880184331797
faz,client1,Domain1,scribble_noisy,046_M_41.h5,65536,88,1391,2107,0.0013427734375,0.0212249755859375,0.0321502685546875,1.0,0.041765543426673,0.4772727272727273,0.5227272727272727
faz,client1,Domain1,scribble_noisy,047_D_44.h5,65536,149,1351,3483,0.0022735595703125,0.0206146240234375,0.0531463623046875,1.0,0.04277921332184898,0.6174496644295302,0.3825503355704698
faz,client1,Domain1,scribble_noisy,047_M_42.h5,65536,182,1485,2516,0.002777099609375,0.0226593017578125,0.03839111328125,1.0,0.07233704292527822,0.3241758241758242,0.6758241758241759
faz,client1,Domain1,scribble_noisy,047_N_51.h5,65536,151,1482,3405,0.0023040771484375,0.022613525390625,0.0519561767578125,1.0,0.04434654919236417,0.2847682119205298,0.7152317880794702
faz,client1,Domain1,scribble_noisy,048_D_45.h5,65536,155,1382,2205,0.0023651123046875,0.021087646484375,0.0336456298828125,1.0,0.07029478458049887,0.38064516129032255,0.6193548387096774
faz,client1,Domain1,scribble_noisy,048_N_52.h5,65536,191,1433,1244,0.0029144287109375,0.0218658447265625,0.01898193359375,1.0,0.1535369774919614,0.36649214659685864,0.6335078534031413
faz,client1,Domain1,scribble_noisy,049_D_46.h5,65536,218,1489,1930,0.003326416015625,0.0227203369140625,0.029449462890625,1.0,0.11295336787564766,0.4036697247706422,0.5963302752293578
faz,client1,Domain1,scribble_noisy,049_M_44.h5,65536,130,1348,1515,0.001983642578125,0.02056884765625,0.0231170654296875,1.0,0.0858085808580858,0.5615384615384615,0.43846153846153846
faz,client1,Domain1,scribble_noisy,049_N_53.h5,65536,222,1388,1022,0.003387451171875,0.02117919921875,0.015594482421875,1.0,0.2172211350293542,0.26126126126126126,0.7387387387387387
faz,client1,Domain1,scribble_noisy,050_M_45.h5,65536,190,1350,1290,0.002899169921875,0.020599365234375,0.019683837890625,1.0,0.14728682170542637,0.4052631578947368,0.5947368421052631
faz,client1,Domain1,scribble_noisy,050_N_54.h5,65536,186,1360,1105,0.002838134765625,0.020751953125,0.0168609619140625,1.0,0.16832579185520363,0.6505376344086021,0.34946236559139787
faz,client1,Domain1,scribble_noisy,051_D_48.h5,65536,127,1376,1878,0.0019378662109375,0.02099609375,0.028656005859375,1.0,0.06762513312034078,0.4094488188976378,0.5905511811023622
faz,client1,Domain1,scribble_noisy,051_M_46.h5,65536,157,1353,1098,0.0023956298828125,0.0206451416015625,0.016754150390625,1.0,0.1429872495446266,0.5159235668789809,0.4840764331210191
faz,client1,Domain1,scribble_noisy,052_D_49.h5,65536,133,1421,2997,0.0020294189453125,0.0216827392578125,0.0457305908203125,1.0,0.04437771104437771,0.17293233082706766,0.8270676691729323
faz,client1,Domain1,scribble_noisy,052_M_47.h5,65536,105,1318,2161,0.0016021728515625,0.020111083984375,0.0329742431640625,1.0,0.048588616381304954,0.10476190476190476,0.8952380952380953
faz,client1,Domain1,scribble_noisy,052_N_56.h5,65536,173,1434,2031,0.0026397705078125,0.021881103515625,0.0309906005859375,1.0,0.08517971442639094,0.1329479768786127,0.8670520231213873
faz,client1,Domain1,scribble_noisy,053_D_5.h5,65536,283,1502,1975,0.0043182373046875,0.022918701171875,0.0301361083984375,1.0,0.14329113924050632,0.5406360424028268,0.45936395759717313
faz,client1,Domain1,scribble_noisy,053_N_57.h5,65536,274,1465,1552,0.004180908203125,0.0223541259765625,0.023681640625,1.0,0.17654639175257733,0.6313868613138686,0.3686131386861314
faz,client1,Domain1,scribble_noisy,054_D_50.h5,65536,335,1655,3138,0.0051116943359375,0.0252532958984375,0.047882080078125,1.0,0.10675589547482472,0.43283582089552236,0.5671641791044776
faz,client1,Domain1,scribble_noisy,054_M_49.h5,65536,171,1411,1479,0.0026092529296875,0.0215301513671875,0.0225677490234375,1.0,0.11561866125760649,0.4502923976608187,0.5497076023391813
faz,client1,Domain1,scribble_noisy,054_N_58.h5,65536,174,1485,2183,0.002655029296875,0.0226593017578125,0.0333099365234375,1.0,0.07970682546953733,0.1839080459770115,0.8160919540229885
faz,client1,Domain1,scribble_noisy,055_M_5.h5,65536,195,1407,2122,0.0029754638671875,0.0214691162109375,0.032379150390625,1.0,0.09189443920829406,0.4307692307692308,0.5692307692307692
faz,client1,Domain1,scribble_noisy,055_N_59.h5,65536,231,1523,1998,0.0035247802734375,0.0232391357421875,0.030487060546875,1.0,0.11561561561561562,0.23376623376623376,0.7662337662337663
faz,client1,Domain1,scribble_noisy,056_D_52.h5,65536,200,1601,3475,0.0030517578125,0.0244293212890625,0.0530242919921875,1.0,0.05755395683453238,0.495,0.505
faz,client1,Domain1,scribble_noisy,056_M_50.h5,65536,182,1438,1214,0.002777099609375,0.021942138671875,0.018524169921875,1.0,0.14991762767710048,0.21428571428571427,0.7857142857142857
faz,client1,Domain1,scribble_noisy,057_D_53.h5,65536,210,1416,1516,0.003204345703125,0.0216064453125,0.02313232421875,1.0,0.13852242744063326,0.49047619047619045,0.5095238095238095
faz,client1,Domain1,scribble_noisy,057_M_51.h5,65536,113,1320,1772,0.0017242431640625,0.0201416015625,0.02703857421875,1.0,0.06376975169300225,0.6106194690265486,0.3893805309734513
faz,client1,Domain1,scribble_noisy,057_N_60.h5,65536,178,1460,2050,0.002716064453125,0.02227783203125,0.031280517578125,1.0,0.08682926829268292,0.5561797752808989,0.4438202247191011
faz,client1,Domain1,scribble_noisy,058_D_54.h5,65536,147,1447,1937,0.0022430419921875,0.0220794677734375,0.0295562744140625,1.0,0.07589055240061951,0.3673469387755102,0.6326530612244898
faz,client1,Domain1,scribble_noisy,058_N_61.h5,65536,121,1315,1642,0.0018463134765625,0.0200653076171875,0.025054931640625,1.0,0.07369062119366626,0.5867768595041323,0.4132231404958678
faz,client1,Domain1,scribble_noisy,059_D_55.h5,65536,244,1443,1851,0.00372314453125,0.0220184326171875,0.0282440185546875,1.0,0.1318206374932469,0.5286885245901639,0.4713114754098361
faz,client1,Domain1,scribble_noisy,059_M_53.h5,65536,165,1431,1716,0.0025177001953125,0.0218353271484375,0.02618408203125,1.0,0.09615384615384616,0.5757575757575758,0.42424242424242425
faz,client1,Domain1,scribble_noisy,059_N_62.h5,65536,303,1512,1876,0.0046234130859375,0.0230712890625,0.02862548828125,1.0,0.1615138592750533,0.29372937293729373,0.7062706270627063
faz,client1,Domain1,scribble_noisy,060_M_54.h5,65536,234,1500,2332,0.003570556640625,0.02288818359375,0.03558349609375,1.0,0.10034305317324185,0.3717948717948718,0.6282051282051282
faz,client1,Domain1,scribble_noisy,060_N_63.h5,65536,143,1422,1827,0.0021820068359375,0.021697998046875,0.0278778076171875,1.0,0.07827038861521621,0.20279720279720279,0.7972027972027972
faz,client1,Domain1,scribble_noisy,061_D_57.h5,65536,163,1614,2065,0.0024871826171875,0.024627685546875,0.0315093994140625,1.0,0.07893462469733656,0.018404907975460124,0.9815950920245399
faz,client1,Domain1,scribble_noisy,061_M_55.h5,65536,227,1494,1966,0.0034637451171875,0.022796630859375,0.029998779296875,1.0,0.11546286876907426,0.3920704845814978,0.6079295154185022
faz,client1,Domain1,scribble_noisy,061_N_64.h5,65536,164,1486,1680,0.00250244140625,0.022674560546875,0.025634765625,1.0,0.09761904761904762,0.36585365853658536,0.6341463414634146
faz,client1,Domain1,scribble_noisy,062_M_56.h5,65536,110,1366,2035,0.001678466796875,0.020843505859375,0.0310516357421875,1.0,0.05405405405405406,0.2545454545454545,0.7454545454545455
faz,client1,Domain1,scribble_noisy,062_N_65.h5,65536,158,1500,2565,0.002410888671875,0.02288818359375,0.0391387939453125,1.0,0.061598440545808965,0.12025316455696203,0.879746835443038
faz,client1,Domain1,scribble_noisy,063_D_59.h5,65536,91,1342,2076,0.0013885498046875,0.020477294921875,0.03167724609375,1.0,0.04383429672447013,0.3956043956043956,0.6043956043956044
faz,client1,Domain1,scribble_noisy,063_M_57.h5,65536,167,1405,1268,0.0025482177734375,0.0214385986328125,0.01934814453125,1.0,0.13170347003154576,0.592814371257485,0.40718562874251496
faz,client1,Domain1,scribble_noisy,064_D_6.h5,65536,226,1535,2210,0.003448486328125,0.0234222412109375,0.033721923828125,1.0,0.10226244343891402,0.19469026548672566,0.8053097345132744
faz,client1,Domain1,scribble_noisy,064_M_58.h5,65536,218,1451,1554,0.003326416015625,0.0221405029296875,0.023712158203125,1.0,0.1402831402831403,0.3669724770642202,0.6330275229357798
faz,client1,Domain1,scribble_noisy,064_N_67.h5,65536,230,1420,1670,0.003509521484375,0.02166748046875,0.025482177734375,1.0,0.1377245508982036,0.1565217391304348,0.8434782608695652
faz,client1,Domain1,scribble_noisy,065_D_60.h5,65536,175,1442,2310,0.0026702880859375,0.022003173828125,0.035247802734375,1.0,0.07575757575757576,0.2571428571428571,0.7428571428571429
faz,client1,Domain1,scribble_noisy,065_N_68.h5,65536,296,1552,1541,0.0045166015625,0.023681640625,0.0235137939453125,1.0,0.19208306294613886,0.375,0.625
faz,client1,Domain1,scribble_noisy,066_D_61.h5,65536,79,1497,2485,0.0012054443359375,0.0228424072265625,0.0379180908203125,1.0,0.0317907444668008,0.26582278481012656,0.7341772151898734
faz,client1,Domain1,scribble_noisy,066_M_6.h5,65536,253,1485,1986,0.0038604736328125,0.0226593017578125,0.030303955078125,1.0,0.12739174219536759,0.1857707509881423,0.8142292490118577
faz,client1,Domain1,scribble_noisy,066_N_69.h5,65536,126,1323,1154,0.001922607421875,0.0201873779296875,0.017608642578125,1.0,0.10918544194107452,0.5,0.5
faz,client1,Domain1,scribble_noisy,067_M_60.h5,65536,175,1429,1910,0.0026702880859375,0.0218048095703125,0.029144287109375,1.0,0.09162303664921466,0.19428571428571428,0.8057142857142857
faz,client1,Domain1,scribble_noisy,067_N_7.h5,65536,118,1331,1246,0.001800537109375,0.0203094482421875,0.019012451171875,1.0,0.09470304975922954,0.2711864406779661,0.7288135593220338
faz,client1,Domain1,scribble_noisy,068_D_63.h5,65536,154,1395,1449,0.002349853515625,0.0212860107421875,0.0221099853515625,1.0,0.10628019323671498,0.33116883116883117,0.6688311688311688
faz,client1,Domain1,scribble_noisy,068_M_61.h5,65536,208,1480,1976,0.003173828125,0.0225830078125,0.0301513671875,1.0,0.10526315789473684,0.5913461538461539,0.40865384615384615
faz,client1,Domain1,scribble_noisy,069_D_64.h5,65536,139,1311,1440,0.0021209716796875,0.0200042724609375,0.02197265625,1.0,0.09652777777777778,0.6546762589928058,0.34532374100719426
faz,client1,Domain1,scribble_noisy,069_M_62.h5,65536,255,1593,2253,0.0038909912109375,0.0243072509765625,0.0343780517578125,1.0,0.11318242343541944,0.19215686274509805,0.807843137254902
faz,client1,Domain1,scribble_noisy,069_N_71.h5,65536,236,1488,1901,0.00360107421875,0.022705078125,0.0290069580078125,1.0,0.12414518674381904,0.059322033898305086,0.940677966101695
faz,client1,Domain1,scribble_noisy,070_D_65.h5,65536,167,1355,1760,0.0025482177734375,0.0206756591796875,0.02685546875,1.0,0.09488636363636363,0.10778443113772455,0.8922155688622755
faz,client1,Domain1,scribble_noisy,070_N_72.h5,65536,183,1379,1171,0.0027923583984375,0.0210418701171875,0.0178680419921875,1.0,0.15627668659265584,0.25136612021857924,0.7486338797814208
faz,client1,Domain1,scribble_noisy,071_D_66.h5,65536,273,1567,3396,0.0041656494140625,0.0239105224609375,0.05181884765625,1.0,0.0803886925795053,0.45787545787545786,0.5421245421245421
faz,client1,Domain1,scribble_noisy,071_M_64.h5,65536,94,1264,1346,0.001434326171875,0.019287109375,0.020538330078125,1.0,0.06983655274888559,0.2765957446808511,0.723404255319149
faz,client1,Domain1,scribble_noisy,071_N_73.h5,65536,159,1335,965,0.0024261474609375,0.0203704833984375,0.0147247314453125,1.0,0.16476683937823836,0.27044025157232704,0.7295597484276729
faz,client1,Domain1,scribble_noisy,072_M_65.h5,65536,164,1408,1707,0.00250244140625,0.021484375,0.0260467529296875,1.0,0.09607498535442296,0.2804878048780488,0.7195121951219512
faz,client1,Domain1,scribble_noisy,072_N_74.h5,65536,166,1386,1182,0.002532958984375,0.021148681640625,0.018035888671875,1.0,0.1404399323181049,0.19879518072289157,0.8012048192771084
faz,client1,Domain1,scribble_noisy,073_D_68.h5,65536,129,1354,1430,0.0019683837890625,0.020660400390625,0.021820068359375,1.0,0.09020979020979021,0.32558139534883723,0.6744186046511628
faz,client1,Domain1,scribble_noisy,073_M_66.h5,65536,119,1327,1310,0.0018157958984375,0.0202484130859375,0.019989013671875,1.0,0.09083969465648854,0.3865546218487395,0.6134453781512605
faz,client1,Domain1,scribble_noisy,074_D_69.h5,65536,269,1564,1711,0.0041046142578125,0.02386474609375,0.0261077880859375,1.0,0.15721800116890708,0.3828996282527881,0.6171003717472119
faz,client1,Domain1,scribble_noisy,074_M_67.h5,65536,216,1480,1777,0.0032958984375,0.0225830078125,0.0271148681640625,1.0,0.12155317951603826,0.49074074074074076,0.5092592592592593
faz,client1,Domain1,scribble_noisy,074_N_76.h5,65536,137,1380,2419,0.0020904541015625,0.02105712890625,0.0369110107421875,1.0,0.05663497312939231,0.4744525547445255,0.5255474452554745
faz,client1,Domain1,scribble_noisy,075_D_7.h5,65536,81,1374,1390,0.0012359619140625,0.020965576171875,0.021209716796875,1.0,0.05827338129496403,0.4691358024691358,0.5308641975308642
faz,client1,Domain1,scribble_noisy,075_N_77.h5,65536,126,1355,2371,0.001922607421875,0.0206756591796875,0.0361785888671875,1.0,0.05314213412062421,0.42063492063492064,0.5793650793650794
faz,client1,Domain1,scribble_noisy,076_D_70.h5,65536,169,1467,2197,0.0025787353515625,0.0223846435546875,0.0335235595703125,1.0,0.07692307692307693,0.08284023668639054,0.9171597633136095
faz,client1,Domain1,scribble_noisy,076_M_69.h5,65536,162,1445,1948,0.002471923828125,0.0220489501953125,0.02972412109375,1.0,0.08316221765913757,0.41975308641975306,0.5802469135802469
faz,client1,Domain1,scribble_noisy,076_N_78.h5,65536,79,1254,1010,0.0012054443359375,0.019134521484375,0.015411376953125,1.0,0.07821782178217822,0.12658227848101267,0.8734177215189873
faz,client1,Domain1,scribble_noisy,077_M_7.h5,65536,182,1395,2153,0.002777099609375,0.0212860107421875,0.0328521728515625,1.0,0.08453320947515096,0.3241758241758242,0.6758241758241759
faz,client1,Domain1,scribble_noisy,077_N_79.h5,65536,224,1534,2449,0.00341796875,0.023406982421875,0.0373687744140625,1.0,0.09146590445079625,0.48214285714285715,0.5178571428571429
faz,client1,Domain1,scribble_noisy,078_D_72.h5,65536,105,1360,2159,0.0016021728515625,0.020751953125,0.0329437255859375,1.0,0.04863362667901806,0.047619047619047616,0.9523809523809523
faz,client1,Domain1,scribble_noisy,078_M_70.h5,65536,179,1384,1389,0.0027313232421875,0.0211181640625,0.0211944580078125,1.0,0.128869690424766,0.5083798882681564,0.49162011173184356
faz,client1,Domain1,scribble_noisy,079_D_73.h5,65536,322,1591,3151,0.004913330078125,0.0242767333984375,0.0480804443359375,1.0,0.10218978102189781,0.4658385093167702,0.5341614906832298
faz,client1,Domain1,scribble_noisy,079_M_71.h5,65536,165,1338,1391,0.0025177001953125,0.020416259765625,0.0212249755859375,1.0,0.1186196980589504,0.36363636363636365,0.6363636363636364
faz,client1,Domain1,scribble_noisy,079_N_80.h5,65536,169,1506,2651,0.0025787353515625,0.022979736328125,0.0404510498046875,1.0,0.06374952847981893,0.21893491124260356,0.7810650887573964
faz,client1,Domain1,scribble_noisy,080_D_74.h5,65536,83,1347,2350,0.0012664794921875,0.0205535888671875,0.035858154296875,1.0,0.03531914893617021,0.0,1.0
faz,client1,Domain1,scribble_noisy,080_N_81.h5,65536,284,1598,2643,0.00433349609375,0.024383544921875,0.0403289794921875,1.0,0.10745365115399168,0.2887323943661972,0.7112676056338029
faz,client1,Domain1,scribble_noisy,081_D_75.h5,65536,239,1522,1840,0.0036468505859375,0.023223876953125,0.028076171875,1.0,0.1298913043478261,0.1506276150627615,0.8493723849372385
faz,client1,Domain1,scribble_noisy,081_M_73.h5,65536,208,1406,1225,0.003173828125,0.021453857421875,0.0186920166015625,1.0,0.16979591836734695,0.4375,0.5625
faz,client1,Domain1,scribble_noisy,081_N_82.h5,65536,265,1544,1502,0.0040435791015625,0.0235595703125,0.022918701171875,1.0,0.17643142476697737,0.07924528301886792,0.9207547169811321
faz,client1,Domain1,scribble_noisy,082_D_76.h5,65536,159,1365,1220,0.0024261474609375,0.0208282470703125,0.01861572265625,1.0,0.130327868852459,0.3522012578616352,0.6477987421383647
faz,client1,Domain1,scribble_noisy,082_N_83.h5,65536,270,1502,1799,0.004119873046875,0.022918701171875,0.0274505615234375,1.0,0.15008337965536409,0.07407407407407407,0.9259259259259259
faz,client1,Domain1,scribble_noisy,083_D_77.h5,65536,243,1422,1587,0.0037078857421875,0.021697998046875,0.0242156982421875,1.0,0.15311909262759923,0.053497942386831275,0.9465020576131687
faz,client1,Domain1,scribble_noisy,083_M_75.h5,65536,155,1396,1437,0.0023651123046875,0.02130126953125,0.0219268798828125,1.0,0.10786360473208072,0.2838709677419355,0.7161290322580646
faz,client1,Domain1,scribble_noisy,083_N_84.h5,65536,190,1438,2126,0.002899169921875,0.021942138671875,0.032440185546875,1.0,0.08936970837253057,0.6631578947368421,0.3368421052631579
faz,client1,Domain1,scribble_noisy,084_M_76.h5,65536,253,1451,1185,0.0038604736328125,0.0221405029296875,0.0180816650390625,1.0,0.21350210970464134,0.4901185770750988,0.5098814229249012
faz,client1,Domain1,scribble_noisy,084_N_85.h5,65536,223,1485,1805,0.0034027099609375,0.0226593017578125,0.0275421142578125,1.0,0.12354570637119114,0.15246636771300448,0.8475336322869955
faz,client1,Domain1,scribble_noisy,085_D_79.h5,65536,351,1611,3478,0.0053558349609375,0.0245819091796875,0.053070068359375,1.0,0.10092006900517539,0.45584045584045585,0.5441595441595442
faz,client1,Domain1,scribble_noisy,085_M_77.h5,65536,117,1339,1482,0.0017852783203125,0.0204315185546875,0.022613525390625,1.0,0.07894736842105263,0.48717948717948717,0.5128205128205128
faz,client1,Domain1,scribble_noisy,086_D_8.h5,65536,239,1489,1361,0.0036468505859375,0.0227203369140625,0.0207672119140625,1.0,0.17560617193240263,0.606694560669456,0.39330543933054396
faz,client1,Domain1,scribble_noisy,086_M_78.h5,65536,166,1334,1161,0.002532958984375,0.020355224609375,0.0177154541015625,1.0,0.1429801894918174,0.10240963855421686,0.8975903614457831
faz,client1,Domain1,scribble_noisy,086_N_87.h5,65536,220,1509,2580,0.00335693359375,0.0230255126953125,0.03936767578125,1.0,0.08527131782945736,0.2,0.8
faz,client1,Domain1,scribble_noisy,087_D_80.h5,65536,302,1569,2093,0.004608154296875,0.0239410400390625,0.0319366455078125,1.0,0.14429049211657907,0.2947019867549669,0.7052980132450332
faz,client1,Domain1,scribble_noisy,087_N_88.h5,65536,165,1412,1993,0.0025177001953125,0.02154541015625,0.0304107666015625,1.0,0.08278976417461113,0.5515151515151515,0.4484848484848485
faz,client1,Domain1,scribble_noisy,088_D_81.h5,65536,120,1343,1604,0.0018310546875,0.0204925537109375,0.02447509765625,1.0,0.07481296758104738,0.6416666666666667,0.35833333333333334
faz,client1,Domain1,scribble_noisy,088_M_8.h5,65536,210,1370,2190,0.003204345703125,0.020904541015625,0.033416748046875,1.0,0.0958904109589041,0.38095238095238093,0.6190476190476191
faz,client1,Domain1,scribble_noisy,088_N_9.h5,65536,79,1280,1437,0.0012054443359375,0.01953125,0.0219268798828125,1.0,0.054975643702157274,0.24050632911392406,0.759493670886076
faz,client1,Domain1,scribble_noisy,089_M_80.h5,65536,237,1489,1390,0.0036163330078125,0.0227203369140625,0.021209716796875,1.0,0.17050359712230215,0.3628691983122363,0.6371308016877637
faz,client1,Domain1,scribble_noisy,090_D_83.h5,65536,115,1401,1646,0.0017547607421875,0.0213775634765625,0.025115966796875,1.0,0.06986634264884568,0.12173913043478261,0.8782608695652174
faz,client1,Domain1,scribble_noisy,090_M_81.h5,65536,200,1367,1076,0.0030517578125,0.0208587646484375,0.01641845703125,1.0,0.18587360594795538,0.315,0.685
faz,client1,Domain1,scribble_noisy,091_D_84.h5,65536,233,1511,2161,0.0035552978515625,0.0230560302734375,0.0329742431640625,1.0,0.1078204534937529,0.45064377682403434,0.5493562231759657
faz,client1,Domain1,scribble_noisy,092_D_85.h5,65536,97,1428,3560,0.0014801025390625,0.02178955078125,0.0543212890625,1.0,0.027247191011235954,0.7422680412371134,0.25773195876288657
faz,client1,Domain1,scribble_noisy,092_M_83.h5,65536,151,1297,1757,0.0023040771484375,0.0197906494140625,0.0268096923828125,1.0,0.08594194649971543,0.4370860927152318,0.5629139072847682
faz,client1,Domain1,scribble_noisy,093_D_86.h5,65536,198,1511,4340,0.003021240234375,0.0230560302734375,0.06622314453125,1.0,0.0456221198156682,0.9292929292929293,0.0707070707070707
faz,client1,Domain1,scribble_noisy,093_M_84.h5,65536,154,1431,1759,0.002349853515625,0.0218353271484375,0.0268402099609375,1.0,0.08754974417282547,0.551948051948052,0.44805194805194803
faz,client1,Domain1,scribble_noisy,094_M_85.h5,65536,193,1356,989,0.0029449462890625,0.02069091796875,0.0150909423828125,1.0,0.19514661274014156,0.38341968911917096,0.616580310880829
faz,client1,Domain1,scribble_noisy,095_D_88.h5,65536,245,1557,2421,0.0037384033203125,0.0237579345703125,0.0369415283203125,1.0,0.10119785212722016,0.5183673469387755,0.4816326530612245
faz,client1,Domain1,scribble_noisy,095_M_86.h5,65536,113,1258,1008,0.0017242431640625,0.019195556640625,0.015380859375,1.0,0.11210317460317461,0.035398230088495575,0.9646017699115044
faz,client1,Domain1,scribble_noisy,096_D_89.h5,65536,195,1403,1409,0.0029754638671875,0.0214080810546875,0.0214996337890625,1.0,0.1383960255500355,0.31794871794871793,0.6820512820512821
faz,client1,Domain1,scribble_noisy,097_D_9.h5,65536,205,1482,2482,0.0031280517578125,0.022613525390625,0.037872314453125,1.0,0.08259468170829976,0.4975609756097561,0.5024390243902439
faz,client1,Domain1,scribble_noisy,097_M_88.h5,65536,216,1510,1227,0.0032958984375,0.023040771484375,0.0187225341796875,1.0,0.17603911980440098,0.375,0.625
faz,client1,Domain1,scribble_noisy,098_D_90.h5,65536,158,1375,1473,0.002410888671875,0.0209808349609375,0.0224761962890625,1.0,0.10726408689748812,0.5886075949367089,0.41139240506329117
faz,client1,Domain1,scribble_noisy,098_M_89.h5,65536,222,1550,3006,0.003387451171875,0.023651123046875,0.045867919921875,1.0,0.07385229540918163,0.09009009009009009,0.9099099099099099
faz,client1,Domain1,scribble_noisy,099_M_9.h5,65536,139,1372,1335,0.0021209716796875,0.02093505859375,0.0203704833984375,1.0,0.10411985018726591,0.7122302158273381,0.28776978417266186
faz,client1,Domain1,scribble_noisy,100_D_92.h5,65536,281,1514,1076,0.0042877197265625,0.023101806640625,0.01641845703125,1.0,0.2611524163568773,0.5587188612099644,0.4412811387900356
faz,client1,Domain1,scribble_noisy,100_M_90.h5,65536,163,1366,1628,0.0024871826171875,0.020843505859375,0.02484130859375,1.0,0.10012285012285012,0.3496932515337423,0.6503067484662577
faz,client1,Domain1,scribble_noisy,101_D_93.h5,65536,207,1489,2415,0.0031585693359375,0.0227203369140625,0.0368499755859375,1.0,0.08571428571428572,0.3333333333333333,0.6666666666666666
faz,client1,Domain1,scribble_noisy,102_D_94.h5,65536,186,1508,2387,0.002838134765625,0.02301025390625,0.0364227294921875,1.0,0.07792207792207792,0.34946236559139787,0.6505376344086021
faz,client1,Domain1,scribble_noisy,102_M_92.h5,65536,71,1302,948,0.0010833740234375,0.019866943359375,0.01446533203125,1.0,0.07489451476793249,0.22535211267605634,0.7746478873239436
faz,client1,Domain1,scribble_noisy,103_D_95.h5,65536,218,1338,1640,0.003326416015625,0.020416259765625,0.0250244140625,1.0,0.1329268292682927,0.3944954128440367,0.6055045871559633
faz,client1,Domain1,scribble_noisy,103_M_93.h5,65536,288,1592,1640,0.00439453125,0.0242919921875,0.0250244140625,1.0,0.17560975609756097,0.4548611111111111,0.5451388888888888
faz,client1,Domain1,scribble_noisy,104_M_94.h5,65536,113,1449,1430,0.0017242431640625,0.0221099853515625,0.021820068359375,1.0,0.07902097902097902,0.12389380530973451,0.8761061946902655
faz,client1,Domain1,scribble_noisy,105_D_97.h5,65536,152,1339,1771,0.0023193359375,0.0204315185546875,0.0270233154296875,1.0,0.08582721626199886,0.3881578947368421,0.6118421052631579
faz,client1,Domain1,scribble_noisy,105_M_95.h5,65536,211,1383,1097,0.0032196044921875,0.0211029052734375,0.0167388916015625,1.0,0.19234275296262535,0.38388625592417064,0.6161137440758294
faz,client1,Domain1,scribble_noisy,106_D_98.h5,65536,202,1573,3489,0.003082275390625,0.0240020751953125,0.0532379150390625,1.0,0.057896245342505016,0.7079207920792079,0.29207920792079206
faz,client1,Domain1,scribble_noisy,107_D_99.h5,65536,246,1619,3590,0.003753662109375,0.0247039794921875,0.054779052734375,1.0,0.06852367688022284,0.33739837398373984,0.6626016260162602
faz,client1,Domain1,scribble_noisy,107_M_97.h5,65536,248,1496,1178,0.0037841796875,0.0228271484375,0.017974853515625,1.0,0.21052631578947367,0.5806451612903226,0.41935483870967744
faz,client1,Domain1,scribble_noisy,108_M_98.h5,65536,58,1357,1969,0.000885009765625,0.0207061767578125,0.0300445556640625,1.0,0.029456576942610464,0.7241379310344828,0.27586206896551724
faz,client1,Domain1,scribble_noisy,109_M_99.h5,65536,81,1400,2195,0.0012359619140625,0.0213623046875,0.0334930419921875,1.0,0.03690205011389522,0.4444444444444444,0.5555555555555556
faz,client2,Domain2,keypoint,10301.h5,65536,52,104,2777,0.00079345703125,0.0015869140625,0.0423736572265625,1.0,0.018725243068059057,0.0,1.0
faz,client2,Domain2,keypoint,10302.h5,65536,52,104,631,0.00079345703125,0.0015869140625,0.0096282958984375,0.6730769230769231,0.0554675118858954,0.25,0.4230769230769231
faz,client2,Domain2,keypoint,10303.h5,65536,52,104,5513,0.00079345703125,0.0015869140625,0.0841217041015625,1.0,0.009432251042989299,0.0,1.0
faz,client2,Domain2,keypoint,10304.h5,65536,52,104,2894,0.00079345703125,0.0015869140625,0.044158935546875,1.0,0.01796821008984105,0.057692307692307696,0.9423076923076923
faz,client2,Domain2,keypoint,10305.h5,65536,52,104,2951,0.00079345703125,0.0015869140625,0.0450286865234375,1.0,0.01762114537444934,0.0,1.0
faz,client2,Domain2,keypoint,10306.h5,65536,52,104,3862,0.00079345703125,0.0015869140625,0.058929443359375,1.0,0.013464526152252718,0.23076923076923078,0.7692307692307693
faz,client2,Domain2,keypoint,10307.h5,65536,52,104,3241,0.00079345703125,0.0015869140625,0.0494537353515625,1.0,0.016044430731255787,0.0,1.0
faz,client2,Domain2,keypoint,10308.h5,65536,52,104,2740,0.00079345703125,0.0015869140625,0.04180908203125,1.0,0.01897810218978102,0.19230769230769232,0.8076923076923077
faz,client2,Domain2,keypoint,10309.h5,65536,52,104,3407,0.00079345703125,0.0015869140625,0.0519866943359375,1.0,0.015262694452597593,0.0,1.0
faz,client2,Domain2,keypoint,10310.h5,65536,52,104,2416,0.00079345703125,0.0015869140625,0.036865234375,1.0,0.02152317880794702,0.1346153846153846,0.8653846153846154
faz,client2,Domain2,keypoint,10311.h5,65536,52,104,3871,0.00079345703125,0.0015869140625,0.0590667724609375,1.0,0.013433221389821752,0.0,1.0
faz,client2,Domain2,keypoint,10312.h5,65536,52,104,3164,0.00079345703125,0.0015869140625,0.04827880859375,1.0,0.01643489254108723,0.0,1.0
faz,client2,Domain2,keypoint,10313.h5,65536,52,104,3085,0.00079345703125,0.0015869140625,0.0470733642578125,1.0,0.016855753646677473,0.0,1.0
faz,client2,Domain2,keypoint,10314.h5,65536,52,104,5049,0.00079345703125,0.0015869140625,0.0770416259765625,1.0,0.010299069122598535,0.0,1.0
faz,client2,Domain2,keypoint,10315.h5,65536,52,104,3843,0.00079345703125,0.0015869140625,0.0586395263671875,1.0,0.013531095498308613,0.0,1.0
faz,client2,Domain2,keypoint,10316.h5,65536,52,104,4343,0.00079345703125,0.0015869140625,0.0662689208984375,1.0,0.011973290352291043,0.0,1.0
faz,client2,Domain2,keypoint,10317.h5,65536,52,103,14612,0.00079345703125,0.0015716552734375,0.22296142578125,1.0,0.0035587188612099642,0.0,1.0
faz,client2,Domain2,keypoint,10318.h5,65536,52,104,4267,0.00079345703125,0.0015869140625,0.0651092529296875,1.0,0.012186547925943286,0.0,1.0
faz,client2,Domain2,keypoint,10319.h5,65536,52,104,1916,0.00079345703125,0.0015869140625,0.02923583984375,1.0,0.027139874739039668,0.019230769230769232,0.9807692307692307
faz,client2,Domain2,keypoint,10320.h5,65536,52,104,3052,0.00079345703125,0.0015869140625,0.04656982421875,1.0,0.01703800786369594,0.0,1.0
faz,client2,Domain2,keypoint,10321.h5,65536,52,104,6340,0.00079345703125,0.0015869140625,0.09674072265625,1.0,0.008201892744479496,0.0,1.0
faz,client2,Domain2,keypoint,10322.h5,65536,52,104,3797,0.00079345703125,0.0015869140625,0.0579376220703125,1.0,0.013695022386094284,0.0,1.0
faz,client2,Domain2,keypoint,10323.h5,65536,52,104,3455,0.00079345703125,0.0015869140625,0.0527191162109375,1.0,0.015050651230101303,0.0,1.0
faz,client2,Domain2,keypoint,10324.h5,65536,52,104,5498,0.00079345703125,0.0015869140625,0.083892822265625,1.0,0.009457984721716987,0.0,1.0
faz,client2,Domain2,keypoint,10325.h5,65536,52,104,2430,0.00079345703125,0.0015869140625,0.037078857421875,1.0,0.02139917695473251,0.0,1.0
faz,client2,Domain2,keypoint,10326.h5,65536,52,104,7284,0.00079345703125,0.0015869140625,0.11114501953125,1.0,0.007138934651290499,0.0,1.0
faz,client2,Domain2,keypoint,10327.h5,65536,52,104,3912,0.00079345703125,0.0015869140625,0.0596923828125,1.0,0.013292433537832311,0.0,1.0
faz,client2,Domain2,keypoint,10328.h5,65536,52,104,4011,0.00079345703125,0.0015869140625,0.0612030029296875,1.0,0.012964348042882073,0.0,1.0
faz,client2,Domain2,keypoint,10329.h5,65536,52,104,4495,0.00079345703125,0.0015869140625,0.0685882568359375,1.0,0.011568409343715239,0.0,1.0
faz,client2,Domain2,keypoint,10330.h5,65536,52,104,3576,0.00079345703125,0.0015869140625,0.0545654296875,1.0,0.0145413870246085,0.0,1.0
faz,client2,Domain2,keypoint,10331.h5,65536,52,104,2334,0.00079345703125,0.0015869140625,0.035614013671875,1.0,0.022279348757497857,0.0,1.0
faz,client2,Domain2,keypoint,10332.h5,65536,52,104,3735,0.00079345703125,0.0015869140625,0.0569915771484375,1.0,0.013922356091030789,0.0,1.0
faz,client2,Domain2,keypoint,10333.h5,65536,52,104,1679,0.00079345703125,0.0015869140625,0.0256195068359375,1.0,0.030970815961882073,0.057692307692307696,0.9423076923076923
faz,client2,Domain2,keypoint,10334.h5,65536,52,104,1408,0.00079345703125,0.0015869140625,0.021484375,1.0,0.036931818181818184,0.15384615384615385,0.8461538461538461
faz,client2,Domain2,keypoint,10335.h5,65536,52,104,5830,0.00079345703125,0.0015869140625,0.088958740234375,1.0,0.008919382504288165,0.0,1.0
faz,client2,Domain2,keypoint,10336.h5,65536,52,104,3346,0.00079345703125,0.0015869140625,0.051055908203125,1.0,0.015540944411237299,0.0,1.0
faz,client2,Domain2,keypoint,10337.h5,65536,52,104,2641,0.00079345703125,0.0015869140625,0.0402984619140625,1.0,0.01968951154865581,0.17307692307692307,0.8269230769230769
faz,client2,Domain2,keypoint,10338.h5,65536,52,104,2888,0.00079345703125,0.0015869140625,0.0440673828125,1.0,0.018005540166204988,0.0,1.0
faz,client2,Domain2,keypoint,10339.h5,65536,52,104,3472,0.00079345703125,0.0015869140625,0.052978515625,1.0,0.014976958525345621,0.0,1.0
faz,client2,Domain2,keypoint,10340.h5,65536,52,104,5734,0.00079345703125,0.0015869140625,0.087493896484375,1.0,0.009068712940355772,0.0,1.0
faz,client2,Domain2,keypoint,10341.h5,65536,52,104,3263,0.00079345703125,0.0015869140625,0.0497894287109375,1.0,0.01593625498007968,0.0,1.0
faz,client2,Domain2,keypoint,10342.h5,65536,52,104,5496,0.00079345703125,0.0015869140625,0.0838623046875,1.0,0.009461426491994178,0.0,1.0
faz,client2,Domain2,keypoint,10343.h5,65536,52,104,1844,0.00079345703125,0.0015869140625,0.02813720703125,1.0,0.028199566160520606,0.28846153846153844,0.7115384615384616
faz,client2,Domain2,keypoint,10344.h5,65536,52,104,2664,0.00079345703125,0.0015869140625,0.0406494140625,1.0,0.01951951951951952,0.0,1.0
faz,client2,Domain2,keypoint,10345.h5,65536,52,104,7033,0.00079345703125,0.0015869140625,0.1073150634765625,1.0,0.0073937153419593345,0.0,1.0
faz,client2,Domain2,keypoint,10346.h5,65536,52,104,4501,0.00079345703125,0.0015869140625,0.0686798095703125,1.0,0.011552988224838925,0.0,1.0
faz,client2,Domain2,keypoint,10347.h5,65536,52,104,4413,0.00079345703125,0.0015869140625,0.0673370361328125,1.0,0.011783367323815998,0.0,1.0
faz,client2,Domain2,keypoint,10348.h5,65536,52,104,3030,0.00079345703125,0.0015869140625,0.046234130859375,1.0,0.017161716171617162,0.0,1.0
faz,client2,Domain2,keypoint,10349.h5,65536,52,104,5528,0.00079345703125,0.0015869140625,0.0843505859375,1.0,0.009406657018813314,0.0,1.0
faz,client2,Domain2,keypoint,10350.h5,65536,52,104,2926,0.00079345703125,0.0015869140625,0.044647216796875,1.0,0.0177717019822283,0.0,1.0
faz,client2,Domain2,keypoint,10351.h5,65536,52,104,3391,0.00079345703125,0.0015869140625,0.0517425537109375,1.0,0.015334709525213801,0.0,1.0
faz,client2,Domain2,keypoint,10352.h5,65536,52,104,2933,0.00079345703125,0.0015869140625,0.0447540283203125,1.0,0.017729287419024888,0.0,1.0
faz,client2,Domain2,keypoint,10353.h5,65536,52,104,5328,0.00079345703125,0.0015869140625,0.081298828125,1.0,0.00975975975975976,0.0,1.0
faz,client2,Domain2,keypoint,10354.h5,65536,52,104,913,0.00079345703125,0.0015869140625,0.0139312744140625,0.8076923076923077,0.04600219058050383,0.3076923076923077,0.5
faz,client2,Domain2,keypoint,10355.h5,65536,52,104,4093,0.00079345703125,0.0015869140625,0.0624542236328125,1.0,0.012704617639872955,0.25,0.75
faz,client2,Domain2,keypoint,10356.h5,65536,52,104,1705,0.00079345703125,0.0015869140625,0.0260162353515625,1.0,0.030498533724340176,0.0,1.0
faz,client2,Domain2,keypoint,10357.h5,65536,52,104,3326,0.00079345703125,0.0015869140625,0.050750732421875,1.0,0.015634395670475046,0.0,1.0
faz,client2,Domain2,keypoint,10358.h5,65536,52,104,3326,0.00079345703125,0.0015869140625,0.050750732421875,1.0,0.015634395670475046,0.0,1.0
faz,client2,Domain2,keypoint,10359.h5,65536,52,104,1047,0.00079345703125,0.0015869140625,0.0159759521484375,0.9807692307692307,0.04871060171919771,0.2692307692307692,0.7115384615384616
faz,client2,Domain2,keypoint,10360.h5,65536,52,104,4354,0.00079345703125,0.0015869140625,0.066436767578125,1.0,0.011943040881947635,0.0,1.0
faz,client2,Domain2,keypoint,10361.h5,65536,52,104,4581,0.00079345703125,0.0015869140625,0.0699005126953125,1.0,0.011351233355162629,0.0,1.0
faz,client2,Domain2,keypoint,10362.h5,65536,52,104,5003,0.00079345703125,0.0015869140625,0.0763397216796875,1.0,0.010393763741754948,0.0,1.0
faz,client2,Domain2,keypoint,10363.h5,65536,52,104,3420,0.00079345703125,0.0015869140625,0.05218505859375,1.0,0.0152046783625731,0.0,1.0
faz,client2,Domain2,keypoint,10364.h5,65536,52,104,4923,0.00079345703125,0.0015869140625,0.0751190185546875,1.0,0.010562665041641276,0.0,1.0
faz,client2,Domain2,keypoint,10365.h5,65536,52,104,5157,0.00079345703125,0.0015869140625,0.0786895751953125,1.0,0.010083381811130502,0.0,1.0
faz,client2,Domain2,keypoint,10366.h5,65536,52,104,2681,0.00079345703125,0.0015869140625,0.0409088134765625,1.0,0.01939574785527788,0.0,1.0
faz,client2,Domain2,keypoint,10367.h5,65536,52,104,2815,0.00079345703125,0.0015869140625,0.0429534912109375,1.0,0.01847246891651865,0.0,1.0
faz,client2,Domain2,keypoint,10368.h5,65536,52,104,1939,0.00079345703125,0.0015869140625,0.0295867919921875,0.9807692307692307,0.02630221763795771,0.25,0.7307692307692307
faz,client2,Domain2,keypoint,10369.h5,65536,52,104,2770,0.00079345703125,0.0015869140625,0.042266845703125,1.0,0.018772563176895306,0.0,1.0
faz,client2,Domain2,keypoint,10370.h5,65536,52,104,5608,0.00079345703125,0.0015869140625,0.0855712890625,1.0,0.009272467902995721,0.0,1.0
faz,client2,Domain2,keypoint,10371.h5,65536,52,104,4748,0.00079345703125,0.0015869140625,0.07244873046875,1.0,0.010951979780960405,0.0,1.0
faz,client2,Domain2,keypoint,10372.h5,65536,52,104,4792,0.00079345703125,0.0015869140625,0.0731201171875,1.0,0.010851419031719533,0.0,1.0
faz,client2,Domain2,keypoint,10373.h5,65536,52,104,3701,0.00079345703125,0.0015869140625,0.0564727783203125,1.0,0.01405025668738179,0.0,1.0
faz,client2,Domain2,keypoint,10374.h5,65536,52,104,3222,0.00079345703125,0.0015869140625,0.049163818359375,1.0,0.016139044072004966,0.0,1.0
faz,client2,Domain2,keypoint,10375.h5,65536,52,104,3245,0.00079345703125,0.0015869140625,0.0495147705078125,1.0,0.016024653312788906,0.019230769230769232,0.9807692307692307
faz,client2,Domain2,keypoint,10376.h5,65536,52,104,2886,0.00079345703125,0.0015869140625,0.044036865234375,1.0,0.018018018018018018,0.0,1.0
faz,client2,Domain2,keypoint,10377.h5,65536,52,104,2314,0.00079345703125,0.0015869140625,0.035308837890625,1.0,0.02247191011235955,0.0,1.0
faz,client2,Domain2,keypoint,10378.h5,65536,52,104,1674,0.00079345703125,0.0015869140625,0.025543212890625,1.0,0.03106332138590203,0.25,0.75
faz,client2,Domain2,keypoint,10379.h5,65536,52,104,8023,0.00079345703125,0.0015869140625,0.1224212646484375,1.0,0.006481366072541443,0.11538461538461539,0.8846153846153846
faz,client2,Domain2,keypoint,10380.h5,65536,52,104,5315,0.00079345703125,0.0015869140625,0.0811004638671875,1.0,0.009783631232361242,0.0,1.0
faz,client2,Domain2,keypoint,10381.h5,65536,52,104,3596,0.00079345703125,0.0015869140625,0.05487060546875,1.0,0.014460511679644048,0.0,1.0
faz,client2,Domain2,keypoint,10382.h5,65536,52,104,1729,0.00079345703125,0.0015869140625,0.0263824462890625,1.0,0.03007518796992481,0.19230769230769232,0.8076923076923077
faz,client2,Domain2,keypoint,10383.h5,65536,52,104,6092,0.00079345703125,0.0015869140625,0.09295654296875,1.0,0.008535784635587657,0.0,1.0
faz,client2,Domain2,keypoint,10384.h5,65536,52,104,6383,0.00079345703125,0.0015869140625,0.0973968505859375,1.0,0.008146639511201629,0.0,1.0
faz,client2,Domain2,keypoint,10385.h5,65536,52,104,2275,0.00079345703125,0.0015869140625,0.0347137451171875,1.0,0.022857142857142857,0.0,1.0
faz,client2,Domain2,keypoint,10386.h5,65536,52,104,5553,0.00079345703125,0.0015869140625,0.0847320556640625,1.0,0.009364307581487484,0.0,1.0
faz,client2,Domain2,keypoint,10387.h5,65536,52,104,1934,0.00079345703125,0.0015869140625,0.029510498046875,1.0,0.02688728024819028,0.0,1.0
faz,client2,Domain2,keypoint,10388.h5,65536,52,104,1683,0.00079345703125,0.0015869140625,0.0256805419921875,1.0,0.030897207367795602,0.17307692307692307,0.8269230769230769
faz,client2,Domain2,keypoint,10389.h5,65536,52,104,3272,0.00079345703125,0.0015869140625,0.0499267578125,1.0,0.01589242053789731,0.0,1.0
faz,client2,Domain2,keypoint,10390.h5,65536,52,104,3125,0.00079345703125,0.0015869140625,0.0476837158203125,1.0,0.01664,0.0,1.0
faz,client2,Domain2,keypoint,10391.h5,65536,52,104,4249,0.00079345703125,0.0015869140625,0.0648345947265625,1.0,0.012238173687926571,0.0,1.0
faz,client2,Domain2,keypoint,10392.h5,65536,52,104,2507,0.00079345703125,0.0015869140625,0.0382537841796875,1.0,0.020741922616673316,0.0,1.0
faz,client2,Domain2,keypoint,10393.h5,65536,52,104,2680,0.00079345703125,0.0015869140625,0.0408935546875,1.0,0.019402985074626865,0.0,1.0
faz,client2,Domain2,keypoint,10394.h5,65536,52,104,2675,0.00079345703125,0.0015869140625,0.0408172607421875,1.0,0.0194392523364486,0.0,1.0
faz,client2,Domain2,keypoint,10395.h5,65536,52,104,2889,0.00079345703125,0.0015869140625,0.0440826416015625,1.0,0.017999307718933887,0.0,1.0
faz,client2,Domain2,keypoint,10396.h5,65536,52,104,3445,0.00079345703125,0.0015869140625,0.0525665283203125,1.0,0.01509433962264151,0.0,1.0
faz,client2,Domain2,keypoint,10397.h5,65536,52,104,3393,0.00079345703125,0.0015869140625,0.0517730712890625,1.0,0.01532567049808429,0.0,1.0
faz,client2,Domain2,keypoint,10398.h5,65536,52,104,3014,0.00079345703125,0.0015869140625,0.045989990234375,1.0,0.017252820172528202,0.0,1.0
faz,client2,Domain2,keypoint,10399.h5,65536,52,104,3795,0.00079345703125,0.0015869140625,0.0579071044921875,1.0,0.01370223978919631,0.0,1.0
faz,client2,Domain2,keypoint,10400.h5,65536,52,104,3175,0.00079345703125,0.0015869140625,0.0484466552734375,1.0,0.016377952755905513,0.0,1.0
faz,client2,Domain2,keypoint,10401.h5,65536,52,104,4506,0.00079345703125,0.0015869140625,0.068756103515625,1.0,0.01154016866400355,0.0,1.0
faz,client2,Domain2,keypoint,10402.h5,65536,52,104,2981,0.00079345703125,0.0015869140625,0.0454864501953125,1.0,0.01744381080174438,0.0,1.0
faz,client2,Domain2,keypoint,10403.h5,65536,52,104,3331,0.00079345703125,0.0015869140625,0.0508270263671875,1.0,0.015610927649354548,0.0,1.0
faz,client2,Domain2,keypoint,10404.h5,65536,52,104,4078,0.00079345703125,0.0015869140625,0.062225341796875,1.0,0.012751348700343305,0.0,1.0
faz,client2,Domain2,keypoint,10405.h5,65536,52,104,5317,0.00079345703125,0.0015869140625,0.0811309814453125,1.0,0.009779951100244499,0.0,1.0
faz,client2,Domain2,keypoint,10406.h5,65536,52,104,5341,0.00079345703125,0.0015869140625,0.0814971923828125,1.0,0.009736004493540536,0.0,1.0
faz,client2,Domain2,keypoint,10407.h5,65536,52,104,3741,0.00079345703125,0.0015869140625,0.0570831298828125,1.0,0.013900026730820636,0.0,1.0
faz,client2,Domain2,keypoint,10408.h5,65536,52,104,3587,0.00079345703125,0.0015869140625,0.0547332763671875,1.0,0.01449679397825481,0.0,1.0
faz,client2,Domain2,keypoint,10409.h5,65536,52,104,2933,0.00079345703125,0.0015869140625,0.0447540283203125,1.0,0.017729287419024888,0.0,1.0
faz,client2,Domain2,keypoint,10410.h5,65536,52,104,2548,0.00079345703125,0.0015869140625,0.03887939453125,1.0,0.02040816326530612,0.0,1.0
faz,client2,Domain2,keypoint,10411.h5,65536,52,104,3745,0.00079345703125,0.0015869140625,0.0571441650390625,1.0,0.013885180240320427,0.0,1.0
faz,client2,Domain2,keypoint,10412.h5,65536,52,104,5051,0.00079345703125,0.0015869140625,0.0770721435546875,1.0,0.010294991090873094,0.0,1.0
faz,client2,Domain2,keypoint,10413.h5,65536,52,104,5752,0.00079345703125,0.0015869140625,0.0877685546875,1.0,0.009040333796940195,0.0,1.0
faz,client2,Domain2,keypoint,10414.h5,65536,52,104,4981,0.00079345703125,0.0015869140625,0.0760040283203125,1.0,0.010439670748845614,0.0,1.0
faz,client2,Domain2,keypoint,10415.h5,65536,52,104,4653,0.00079345703125,0.0015869140625,0.0709991455078125,1.0,0.01117558564367075,0.0,1.0
faz,client2,Domain2,keypoint,10416.h5,65536,52,104,1578,0.00079345703125,0.0015869140625,0.024078369140625,1.0,0.032953105196451206,0.0,1.0
faz,client2,Domain2,keypoint,10417.h5,65536,52,104,4367,0.00079345703125,0.0015869140625,0.0666351318359375,1.0,0.011907487978016945,0.0,1.0
faz,client2,Domain2,keypoint,10418.h5,65536,52,104,2575,0.00079345703125,0.0015869140625,0.0392913818359375,1.0,0.020194174757281552,0.0,1.0
faz,client2,Domain2,keypoint,10419.h5,65536,52,104,2181,0.00079345703125,0.0015869140625,0.0332794189453125,1.0,0.02384227418615314,0.25,0.75
faz,client2,Domain2,keypoint,10420.h5,65536,52,104,2084,0.00079345703125,0.0015869140625,0.03179931640625,1.0,0.02495201535508637,0.0,1.0
faz,client2,Domain2,keypoint,10421.h5,65536,52,104,3995,0.00079345703125,0.0015869140625,0.0609588623046875,1.0,0.013016270337922404,0.0,1.0
faz,client2,Domain2,keypoint,10422.h5,65536,52,104,2436,0.00079345703125,0.0015869140625,0.03717041015625,1.0,0.021346469622331693,0.1346153846153846,0.8653846153846154
faz,client2,Domain2,keypoint,10423.h5,65536,52,104,3530,0.00079345703125,0.0015869140625,0.053863525390625,1.0,0.014730878186968839,0.0,1.0
faz,client2,Domain2,keypoint,10424.h5,65536,52,104,5936,0.00079345703125,0.0015869140625,0.090576171875,1.0,0.00876010781671159,0.0,1.0
faz,client2,Domain2,keypoint,10425.h5,65536,52,104,3073,0.00079345703125,0.0015869140625,0.0468902587890625,1.0,0.016921575008135372,0.0,1.0
faz,client2,Domain2,keypoint,10426.h5,65536,52,104,1470,0.00079345703125,0.0015869140625,0.022430419921875,1.0,0.03537414965986395,0.019230769230769232,0.9807692307692307
faz,client2,Domain2,keypoint,10427.h5,65536,52,104,4360,0.00079345703125,0.0015869140625,0.0665283203125,1.0,0.011926605504587157,0.0,1.0
faz,client2,Domain2,keypoint,10428.h5,65536,52,104,2407,0.00079345703125,0.0015869140625,0.0367279052734375,1.0,0.02160365600332364,0.0,1.0
faz,client2,Domain2,keypoint,10429.h5,65536,52,104,1925,0.00079345703125,0.0015869140625,0.0293731689453125,1.0,0.027012987012987013,0.0,1.0
faz,client2,Domain2,keypoint,10430.h5,65536,52,104,2651,0.00079345703125,0.0015869140625,0.0404510498046875,1.0,0.01961523953225198,0.038461538461538464,0.9615384615384616
faz,client2,Domain2,keypoint,10431.h5,65536,52,104,3686,0.00079345703125,0.0015869140625,0.056243896484375,1.0,0.01410743353228432,0.0,1.0
faz,client2,Domain2,keypoint,10432.h5,65536,52,104,3574,0.00079345703125,0.0015869140625,0.054534912109375,1.0,0.014549524342473419,0.0,1.0
faz,client2,Domain2,keypoint,10433.h5,65536,52,104,4871,0.00079345703125,0.0015869140625,0.0743255615234375,1.0,0.010675425990556354,0.0,1.0
faz,client2,Domain2,keypoint,10434.h5,65536,52,104,1111,0.00079345703125,0.0015869140625,0.0169525146484375,1.0,0.046804680468046804,0.1346153846153846,0.8653846153846154
faz,client2,Domain2,keypoint,10435.h5,65536,52,104,1432,0.00079345703125,0.0015869140625,0.0218505859375,0.75,0.02723463687150838,0.19230769230769232,0.5576923076923077
faz,client2,Domain2,keypoint,10436.h5,65536,52,104,6666,0.00079345703125,0.0015869140625,0.101715087890625,1.0,0.007800780078007801,0.0,1.0
faz,client2,Domain2,keypoint,10437.h5,65536,52,104,2390,0.00079345703125,0.0015869140625,0.036468505859375,1.0,0.021757322175732216,0.0,1.0
faz,client2,Domain2,keypoint,10438.h5,65536,52,104,2465,0.00079345703125,0.0015869140625,0.0376129150390625,1.0,0.021095334685598377,0.0,1.0
faz,client2,Domain2,keypoint,10439.h5,65536,52,104,1971,0.00079345703125,0.0015869140625,0.0300750732421875,1.0,0.026382546930492135,0.23076923076923078,0.7692307692307693
faz,client2,Domain2,keypoint,10440.h5,65536,52,104,3724,0.00079345703125,0.0015869140625,0.05682373046875,1.0,0.013963480128893663,0.0,1.0
faz,client2,Domain2,keypoint,10441.h5,65536,52,104,2269,0.00079345703125,0.0015869140625,0.0346221923828125,1.0,0.022917584839136182,0.21153846153846154,0.7884615384615384
faz,client2,Domain2,keypoint,10442.h5,65536,52,104,1942,0.00079345703125,0.0015869140625,0.029632568359375,1.0,0.026776519052523172,0.0,1.0
faz,client2,Domain2,keypoint,10443.h5,65536,52,104,4481,0.00079345703125,0.0015869140625,0.0683746337890625,1.0,0.011604552555233207,0.0,1.0
faz,client2,Domain2,keypoint,10444.h5,65536,52,104,1911,0.00079345703125,0.0015869140625,0.0291595458984375,1.0,0.027210884353741496,0.07692307692307693,0.9230769230769231
faz,client2,Domain2,keypoint,10445.h5,65536,52,104,4516,0.00079345703125,0.0015869140625,0.06890869140625,1.0,0.011514614703277236,0.0,1.0
faz,client2,Domain2,keypoint,10446.h5,65536,52,104,2744,0.00079345703125,0.0015869140625,0.0418701171875,1.0,0.018950437317784258,0.0,1.0
faz,client2,Domain2,keypoint,10447.h5,65536,52,104,6852,0.00079345703125,0.0015869140625,0.10455322265625,1.0,0.007589025102159953,0.0,1.0
faz,client2,Domain2,keypoint,10448.h5,65536,52,104,4718,0.00079345703125,0.0015869140625,0.071990966796875,1.0,0.011021619330224672,0.0,1.0
faz,client2,Domain2,keypoint,10449.h5,65536,52,104,5230,0.00079345703125,0.0015869140625,0.079803466796875,1.0,0.00994263862332696,0.0,1.0
faz,client2,Domain2,keypoint,10450.h5,65536,52,104,4956,0.00079345703125,0.0015869140625,0.07562255859375,1.0,0.010492332526230832,0.0,1.0
faz,client3,Domain3,block,10001.h5,65536,881,58100,1840,0.0134429931640625,0.88653564453125,0.028076171875,1.0,0.47880434782608694,0.056753688989784334,0.9432463110102156
faz,client3,Domain3,block,10002.h5,65536,112,60920,565,0.001708984375,0.9295654296875,0.0086212158203125,1.0,0.19823008849557522,0.05357142857142857,0.9464285714285714
faz,client3,Domain3,block,10003.h5,65536,293,59910,978,0.0044708251953125,0.914154052734375,0.014923095703125,1.0,0.2995910020449898,0.06484641638225255,0.9351535836177475
faz,client3,Domain3,block,10004.h5,65536,991,58288,1955,0.0151214599609375,0.889404296875,0.0298309326171875,1.0,0.5069053708439898,0.05146316851664985,0.9485368314833501
faz,client3,Domain3,block,10005.h5,65536,345,59369,996,0.0052642822265625,0.9058990478515625,0.01519775390625,1.0,0.3463855421686747,0.020289855072463767,0.9797101449275363
faz,client3,Domain3,block,10006.h5,65536,2085,55582,3541,0.0318145751953125,0.848114013671875,0.0540313720703125,1.0,0.5888167184411184,0.02541966426858513,0.9745803357314149
faz,client3,Domain3,block,10007.h5,65536,62,60734,520,0.000946044921875,0.926727294921875,0.0079345703125,1.0,0.11923076923076924,0.0,1.0
faz,client3,Domain3,block,10008.h5,65536,609,58846,1460,0.0092926025390625,0.897918701171875,0.02227783203125,1.0,0.41712328767123286,0.13957307060755336,0.8604269293924466
faz,client3,Domain3,block,10009.h5,65536,581,59056,1417,0.0088653564453125,0.901123046875,0.0216217041015625,1.0,0.4100211714890614,0.06712564543889846,0.9328743545611016
faz,client3,Domain3,block,10010.h5,65536,514,59055,1327,0.007843017578125,0.9011077880859375,0.0202484130859375,1.0,0.3873398643556895,0.07198443579766536,0.9280155642023347
faz,client3,Domain3,block,10011.h5,65536,608,58938,1449,0.00927734375,0.899322509765625,0.0221099853515625,1.0,0.41959972394755,0.023026315789473683,0.9769736842105263
faz,client3,Domain3,block,10012.h5,65536,900,57871,2018,0.01373291015625,0.8830413818359375,0.030792236328125,1.0,0.44598612487611494,0.025555555555555557,0.9744444444444444
faz,client3,Domain3,block,10013.h5,65536,235,60063,819,0.0035858154296875,0.9164886474609375,0.0124969482421875,1.0,0.2869352869352869,0.00425531914893617,0.9957446808510638
faz,client3,Domain3,block,10014.h5,65536,340,59449,1026,0.00518798828125,0.9071197509765625,0.015655517578125,1.0,0.3313840155945419,0.08235294117647059,0.9176470588235294
faz,client3,Domain3,block,10015.h5,65536,4197,52489,6110,0.0640411376953125,0.8009185791015625,0.093231201171875,1.0,0.6869067103109656,0.043364307838932574,0.9566356921610675
faz,client3,Domain3,block,10016.h5,65536,371,59116,1198,0.0056610107421875,0.90203857421875,0.018280029296875,1.0,0.3096828046744574,0.029649595687331536,0.9703504043126685
faz,client3,Domain3,block,10017.h5,65536,801,58881,1589,0.0122222900390625,0.8984527587890625,0.0242462158203125,1.0,0.5040906230333543,0.06367041198501873,0.9363295880149812
faz,client3,Domain3,block,10018.h5,65536,424,59577,1110,0.0064697265625,0.9090728759765625,0.016937255859375,1.0,0.38198198198198197,0.02358490566037736,0.9764150943396226
faz,client3,Domain3,block,10019.h5,65536,867,57975,1894,0.0132293701171875,0.8846282958984375,0.028900146484375,1.0,0.45776135163674764,0.02768166089965398,0.972318339100346
faz,client3,Domain3,block,10020.h5,65536,866,58418,1821,0.013214111328125,0.891387939453125,0.0277862548828125,1.0,0.4755628775398133,0.042725173210161664,0.9572748267898383
faz,client3,Domain3,block,10021.h5,65536,695,58703,1529,0.0106048583984375,0.8957366943359375,0.0233306884765625,1.0,0.45454545454545453,0.09496402877697842,0.9050359712230216
faz,client3,Domain3,block,10022.h5,65536,9,61295,367,0.0001373291015625,0.9352874755859375,0.0055999755859375,1.0,0.02452316076294278,0.0,1.0
faz,client3,Domain3,block,10023.h5,65536,824,57282,2166,0.0125732421875,0.874053955078125,0.033050537109375,1.0,0.3804247460757156,0.10679611650485436,0.8932038834951457
faz,client3,Domain3,block,10024.h5,65536,734,58278,1719,0.011199951171875,0.889251708984375,0.0262298583984375,1.0,0.4269924374636416,0.12942779291553133,0.8705722070844687
faz,client3,Domain3,block,10025.h5,65536,1661,56849,2927,0.0253448486328125,0.8674468994140625,0.0446624755859375,1.0,0.5674752306115477,0.020469596628537028,0.979530403371463
faz,client3,Domain3,block,10026.h5,65536,703,58672,1568,0.0107269287109375,0.895263671875,0.02392578125,1.0,0.44834183673469385,0.06543385490753911,0.9345661450924608
faz,client3,Domain3,block,10027.h5,65536,576,58514,1469,0.0087890625,0.892852783203125,0.0224151611328125,1.0,0.39210347174948945,0.0920138888888889,0.9079861111111112
faz,client3,Domain3,block,10028.h5,65536,456,59519,1202,0.0069580078125,0.9081878662109375,0.018341064453125,1.0,0.3793677204658902,0.08771929824561403,0.9122807017543859
faz,client3,Domain3,block,10029.h5,65536,532,59399,1280,0.00811767578125,0.9063568115234375,0.01953125,1.0,0.415625,0.03571428571428571,0.9642857142857143
faz,client3,Domain3,block,10030.h5,65536,776,58584,1678,0.0118408203125,0.8939208984375,0.025604248046875,1.0,0.46245530393325385,0.030927835051546393,0.9690721649484536
faz,client3,Domain3,block,10031.h5,65536,567,58660,1425,0.0086517333984375,0.89508056640625,0.0217437744140625,1.0,0.39789473684210525,0.13756613756613756,0.8624338624338624
faz,client3,Domain3,block,10032.h5,65536,772,56811,2027,0.01177978515625,0.8668670654296875,0.0309295654296875,1.0,0.38085841144548593,0.08419689119170984,0.9158031088082902
faz,client3,Domain3,block,10033.h5,65536,225,59387,897,0.0034332275390625,0.9061737060546875,0.0136871337890625,1.0,0.2508361204013378,0.11555555555555555,0.8844444444444445
faz,client3,Domain3,block,10034.h5,65536,1079,57990,2080,0.0164642333984375,0.884857177734375,0.03173828125,1.0,0.51875,0.03429101019462465,0.9657089898053753
faz,client3,Domain3,block,10035.h5,65536,1197,57947,2213,0.0182647705078125,0.8842010498046875,0.0337677001953125,1.0,0.5408947130591957,0.07017543859649122,0.9298245614035088
faz,client3,Domain3,block,10036.h5,65536,877,58188,1827,0.0133819580078125,0.88787841796875,0.0278778076171875,1.0,0.48002189381499727,0.07525655644241733,0.9247434435575826
faz,client3,Domain3,block,10037.h5,65536,1121,58122,2144,0.0171051025390625,0.886871337890625,0.03271484375,1.0,0.5228544776119403,0.09009812667261374,0.9099018733273863
faz,client3,Domain3,block,10038.h5,65536,1215,57232,2299,0.0185394287109375,0.873291015625,0.0350799560546875,1.0,0.5284906481078729,0.05761316872427984,0.9423868312757202
faz,client3,Domain3,block,10039.h5,65536,655,58533,1497,0.0099945068359375,0.8931427001953125,0.0228424072265625,1.0,0.43754175016700064,0.06717557251908397,0.932824427480916
faz,client3,Domain3,block,10040.h5,65536,612,58869,1450,0.00933837890625,0.8982696533203125,0.022125244140625,1.0,0.4220689655172414,0.008169934640522876,0.9918300653594772
faz,client3,Domain3,block,10041.h5,65536,301,59796,932,0.0045928955078125,0.91241455078125,0.01422119140625,1.0,0.3229613733905579,0.046511627906976744,0.9534883720930233
faz,client3,Domain3,block,10042.h5,65536,452,59880,1093,0.00689697265625,0.9136962890625,0.0166778564453125,1.0,0.41354071363220496,0.08849557522123894,0.911504424778761
faz,client3,Domain3,block,10043.h5,65536,1492,57580,2569,0.02276611328125,0.87860107421875,0.0391998291015625,1.0,0.5807707279096925,0.06702412868632708,0.9329758713136729
faz,client3,Domain3,block,10044.h5,65536,830,58408,1723,0.012664794921875,0.8912353515625,0.0262908935546875,1.0,0.481717933836332,0.08795180722891566,0.9120481927710843
faz,client3,Domain3,block,10045.h5,65536,672,58516,1478,0.01025390625,0.89288330078125,0.022552490234375,1.0,0.4546684709066306,0.05952380952380952,0.9404761904761905
faz,client3,Domain3,block,10046.h5,65536,849,57984,1929,0.0129547119140625,0.884765625,0.0294342041015625,1.0,0.4401244167962675,0.020023557126030624,0.9799764428739693
faz,client3,Domain3,block,10047.h5,65536,800,58320,1724,0.01220703125,0.889892578125,0.02630615234375,1.0,0.46403712296983757,0.0475,0.9525
faz,client3,Domain3,block,10048.h5,65536,692,58855,1541,0.01055908203125,0.8980560302734375,0.0235137939453125,1.0,0.4490590525632706,0.02745664739884393,0.9725433526011561
faz,client3,Domain3,block,10049.h5,65536,440,59513,1144,0.0067138671875,0.9080963134765625,0.0174560546875,1.0,0.38461538461538464,0.025,0.975
faz,client3,Domain3,block,10050.h5,65536,826,57976,1802,0.012603759765625,0.8846435546875,0.027496337890625,1.0,0.4583795782463929,0.08716707021791767,0.9128329297820823
faz,client3,Domain3,block,10051.h5,65536,803,58151,1786,0.0122528076171875,0.8873138427734375,0.027252197265625,1.0,0.4496080627099664,0.0448318804483188,0.9551681195516812
faz,client3,Domain3,block,10052.h5,65536,732,58430,1683,0.01116943359375,0.891571044921875,0.0256805419921875,1.0,0.43493761140819964,0.02185792349726776,0.9781420765027322
faz,client3,Domain3,block,10053.h5,65536,746,58240,1654,0.011383056640625,0.888671875,0.025238037109375,1.0,0.45102781136638453,0.054959785522788206,0.9450402144772118
faz,client3,Domain3,block,10054.h5,65536,506,58726,1338,0.007720947265625,0.896087646484375,0.020416259765625,1.0,0.3781763826606876,0.14624505928853754,0.8537549407114624
faz,client3,Domain3,block,10055.h5,65536,492,58342,1550,0.00750732421875,0.890228271484375,0.023651123046875,1.0,0.3174193548387097,0.09146341463414634,0.9085365853658537
faz,client3,Domain3,block,10056.h5,65536,1494,57687,2572,0.022796630859375,0.8802337646484375,0.03924560546875,1.0,0.5808709175738724,0.050870147255689425,0.9491298527443106
faz,client3,Domain3,block,10057.h5,65536,1222,57886,2292,0.018646240234375,0.883270263671875,0.03497314453125,1.0,0.5331588132635253,0.05646481178396072,0.9435351882160393
faz,client3,Domain3,block,10058.h5,65536,182,60604,664,0.002777099609375,0.92474365234375,0.0101318359375,1.0,0.2740963855421687,0.14835164835164835,0.8516483516483516
faz,client3,Domain3,block,10059.h5,65536,604,58647,1500,0.00921630859375,0.8948822021484375,0.02288818359375,1.0,0.4026666666666667,0.048013245033112585,0.9519867549668874
faz,client3,Domain3,block,10060.h5,65536,294,59834,968,0.004486083984375,0.912994384765625,0.0147705078125,1.0,0.3037190082644628,0.034013605442176874,0.9659863945578231
faz,client3,Domain3,block,10061.h5,65536,871,57540,1945,0.0132904052734375,0.87799072265625,0.0296783447265625,1.0,0.44781491002570695,0.07921928817451206,0.9207807118254879
faz,client3,Domain3,block,10062.h5,65536,295,60052,841,0.0045013427734375,0.91632080078125,0.0128326416015625,1.0,0.3507728894173603,0.15593220338983052,0.8440677966101695
faz,client3,Domain3,block,10063.h5,65536,813,58476,1703,0.0124053955078125,0.89227294921875,0.0259857177734375,1.0,0.4773928361714621,0.05412054120541206,0.9458794587945879
faz,client3,Domain3,block,10064.h5,65536,617,58549,1505,0.0094146728515625,0.8933868408203125,0.0229644775390625,1.0,0.40996677740863785,0.06645056726094004,0.93354943273906
faz,client3,Domain3,block,10065.h5,65536,112,60692,598,0.001708984375,0.92608642578125,0.009124755859375,1.0,0.18729096989966554,0.044642857142857144,0.9553571428571429
faz,client3,Domain3,block,10066.h5,65536,618,59288,1366,0.009429931640625,0.9046630859375,0.020843505859375,1.0,0.45241581259150804,0.08090614886731391,0.919093851132686
faz,client3,Domain3,block,10067.h5,65536,825,58169,1754,0.0125885009765625,0.8875885009765625,0.026763916015625,1.0,0.47035347776510833,0.04363636363636364,0.9563636363636364
faz,client3,Domain3,block,10068.h5,65536,1131,57311,2222,0.0172576904296875,0.8744964599609375,0.033905029296875,1.0,0.509000900090009,0.10167992926613616,0.8983200707338639
faz,client3,Domain3,block,10069.h5,65536,910,58717,1725,0.013885498046875,0.8959503173828125,0.0263214111328125,1.0,0.527536231884058,0.07472527472527472,0.9252747252747253
faz,client3,Domain3,block,10070.h5,65536,284,58318,1239,0.00433349609375,0.889862060546875,0.0189056396484375,1.0,0.22921711057304278,0.1936619718309859,0.8063380281690141
faz,client3,Domain3,block,10071.h5,65536,180,59704,724,0.00274658203125,0.9110107421875,0.01104736328125,1.0,0.24861878453038674,0.1111111111111111,0.8888888888888888
faz,client3,Domain3,block,10072.h5,65536,395,59399,1083,0.0060272216796875,0.9063568115234375,0.0165252685546875,1.0,0.36472760849492153,0.13164556962025317,0.8683544303797468
faz,client3,Domain3,block,10073.h5,65536,961,57959,1910,0.0146636962890625,0.8843841552734375,0.029144287109375,1.0,0.5031413612565445,0.04994797086368366,0.9500520291363164
faz,client3,Domain3,block,10074.h5,65536,959,58155,1896,0.0146331787109375,0.8873748779296875,0.0289306640625,1.0,0.505801687763713,0.040667361835245046,0.959332638164755
faz,client3,Domain3,block,10075.h5,65536,1180,57295,2260,0.01800537109375,0.8742523193359375,0.03448486328125,1.0,0.5221238938053098,0.023728813559322035,0.976271186440678
faz,client3,Domain3,block,10076.h5,65536,316,59517,1060,0.00482177734375,0.9081573486328125,0.01617431640625,1.0,0.2981132075471698,0.04430379746835443,0.9556962025316456
faz,client3,Domain3,block,10077.h5,65536,1286,56968,2485,0.019622802734375,0.8692626953125,0.0379180908203125,1.0,0.5175050301810865,0.052099533437014,0.947900466562986
faz,client3,Domain3,block,10078.h5,65536,616,58534,1480,0.0093994140625,0.893157958984375,0.0225830078125,1.0,0.41621621621621624,0.048701298701298704,0.9512987012987013
faz,client3,Domain3,block,10079.h5,65536,1454,56954,2574,0.022186279296875,0.869049072265625,0.039276123046875,1.0,0.5648795648795649,0.061898211829436035,0.938101788170564
faz,client3,Domain3,block,10080.h5,65536,407,59794,1070,0.0062103271484375,0.912384033203125,0.016326904296875,1.0,0.38037383177570094,0.07616707616707617,0.9238329238329238
faz,client3,Domain3,block,10081.h5,65536,2630,55046,4172,0.040130615234375,0.839935302734375,0.06365966796875,1.0,0.6303930968360498,0.023193916349809884,0.9768060836501901
faz,client3,Domain3,block,10082.h5,65536,574,59365,1345,0.008758544921875,0.9058380126953125,0.0205230712890625,1.0,0.4267657992565056,0.09930313588850175,0.9006968641114983
faz,client3,Domain3,block,10083.h5,65536,767,58787,1625,0.0117034912109375,0.8970184326171875,0.0247955322265625,1.0,0.472,0.03129074315514994,0.9687092568448501
faz,client3,Domain3,block,10084.h5,65536,962,58043,1981,0.014678955078125,0.8856658935546875,0.0302276611328125,1.0,0.4856133266027259,0.058212058212058215,0.9417879417879418
faz,client3,Domain3,block,10085.h5,65536,153,60445,692,0.0023345947265625,0.9223175048828125,0.01055908203125,1.0,0.22109826589595374,0.05228758169934641,0.9477124183006536
faz,client3,Domain3,block,10086.h5,65536,2204,54600,3919,0.03363037109375,0.8331298828125,0.0597991943359375,1.0,0.562388364378668,0.0544464609800363,0.9455535390199638
faz,client3,Domain3,block,10087.h5,65536,1159,57727,2250,0.0176849365234375,0.8808441162109375,0.034332275390625,1.0,0.5151111111111111,0.030198446937014668,0.9698015530629853
faz,client3,Domain3,block,10088.h5,65536,439,59750,1107,0.0066986083984375,0.911712646484375,0.0168914794921875,1.0,0.39656729900632337,0.1070615034168565,0.8929384965831435
faz,client3,Domain3,block,10089.h5,65536,962,60079,1808,0.014678955078125,0.9167327880859375,0.027587890625,1.0,0.5320796460176991,0.10083160083160084,0.8991683991683992
faz,client3,Domain3,block,10090.h5,65536,641,58542,1534,0.0097808837890625,0.893280029296875,0.023406982421875,1.0,0.4178617992177314,0.0327613104524181,0.9672386895475819
faz,client3,Domain3,block,10091.h5,65536,1467,57365,2613,0.0223846435546875,0.8753204345703125,0.0398712158203125,1.0,0.5614236509758898,0.017041581458759374,0.9829584185412407
faz,client3,Domain3,block,10092.h5,65536,986,57986,1997,0.015045166015625,0.884796142578125,0.0304718017578125,1.0,0.49374061091637456,0.04766734279918864,0.9523326572008114
faz,client3,Domain3,block,10093.h5,65536,69,60657,534,0.0010528564453125,0.9255523681640625,0.008148193359375,1.0,0.12921348314606743,0.2608695652173913,0.7391304347826086
faz,client3,Domain3,block,10094.h5,65536,421,58856,1209,0.0064239501953125,0.8980712890625,0.0184478759765625,1.0,0.348221670802316,0.023752969121140142,0.9762470308788599
faz,client3,Domain3,block,10095.h5,65536,1004,58036,1985,0.01531982421875,0.88555908203125,0.0302886962890625,1.0,0.5057934508816121,0.045816733067729085,0.954183266932271
faz,client3,Domain3,block,10096.h5,65536,603,58894,1374,0.0092010498046875,0.898651123046875,0.020965576171875,1.0,0.4388646288209607,0.03814262023217247,0.9618573797678275
faz,client3,Domain3,block,10097.h5,65536,575,59322,1346,0.0087738037109375,0.905181884765625,0.020538330078125,1.0,0.42719167904903416,0.06260869565217392,0.9373913043478261
faz,client3,Domain3,block,10098.h5,65536,1047,57938,2039,0.0159759521484375,0.884063720703125,0.0311126708984375,1.0,0.5134870034330554,0.015281757402101241,0.9847182425978988
faz,client3,Domain3,block,10099.h5,65536,1166,57569,2275,0.017791748046875,0.8784332275390625,0.0347137451171875,1.0,0.5125274725274725,0.038593481989708404,0.9614065180102916
faz,client3,Domain3,block,10100.h5,65536,1439,57274,2556,0.0219573974609375,0.873931884765625,0.03900146484375,1.0,0.5629890453834115,0.021542738012508687,0.9784572619874913
faz,client3,Domain3,block,10101.h5,65536,427,59475,1113,0.0065155029296875,0.9075164794921875,0.0169830322265625,1.0,0.3836477987421384,0.09601873536299765,0.9039812646370023
faz,client3,Domain3,block,10102.h5,65536,494,58436,1466,0.007537841796875,0.89166259765625,0.022369384765625,1.0,0.3369713506139154,0.01417004048582996,0.9858299595141701
faz,client3,Domain3,block,10103.h5,65536,539,59041,1319,0.0082244873046875,0.9008941650390625,0.0201263427734375,1.0,0.4086429112964367,0.09833024118738404,0.9016697588126159
faz,client3,Domain3,block,10104.h5,65536,794,58627,1674,0.012115478515625,0.8945770263671875,0.025543212890625,1.0,0.4743130227001195,0.07808564231738035,0.9219143576826196
faz,client3,Domain3,block,10105.h5,65536,107,61188,455,0.0016326904296875,0.93365478515625,0.0069427490234375,1.0,0.23516483516483516,0.38317757009345793,0.616822429906542
faz,client3,Domain3,block,10106.h5,65536,455,59374,1204,0.0069427490234375,0.905975341796875,0.01837158203125,1.0,0.37790697674418605,0.035164835164835165,0.9648351648351648
faz,client3,Domain3,block,10107.h5,65536,1015,58264,1943,0.0154876708984375,0.8890380859375,0.0296478271484375,1.0,0.5223880597014925,0.04433497536945813,0.9556650246305419
faz,client3,Domain3,block,10108.h5,65536,715,59250,1484,0.0109100341796875,0.904083251953125,0.02264404296875,1.0,0.48180592991913745,0.07132867132867132,0.9286713286713286
faz,client3,Domain3,block,10109.h5,65536,253,60086,816,0.0038604736328125,0.916839599609375,0.012451171875,1.0,0.31004901960784315,0.1422924901185771,0.857707509881423
faz,client3,Domain3,block,10110.h5,65536,643,59075,1469,0.0098114013671875,0.9014129638671875,0.0224151611328125,1.0,0.43771272974812797,0.03421461897356143,0.9657853810264385
faz,client3,Domain3,block,10111.h5,65536,675,57959,1662,0.0102996826171875,0.8843841552734375,0.025360107421875,1.0,0.40613718411552346,0.03851851851851852,0.9614814814814815
faz,client3,Domain3,block,10112.h5,65536,89,60896,513,0.0013580322265625,0.92919921875,0.0078277587890625,1.0,0.17348927875243664,0.2808988764044944,0.7191011235955056
faz,client3,Domain3,block,10113.h5,65536,504,58560,1380,0.0076904296875,0.8935546875,0.02105712890625,1.0,0.3652173913043478,0.037698412698412696,0.9623015873015873
faz,client3,Domain3,block,10114.h5,65536,788,55491,2716,0.01202392578125,0.8467254638671875,0.04144287109375,1.0,0.29013254786450665,0.10532994923857868,0.8946700507614214
faz,client3,Domain3,block,10115.h5,65536,570,59353,1330,0.008697509765625,0.9056549072265625,0.020294189453125,1.0,0.42857142857142855,0.05964912280701754,0.9403508771929825
faz,client3,Domain3,block,10116.h5,65536,958,58472,1898,0.014617919921875,0.8922119140625,0.028961181640625,1.0,0.5047418335089568,0.031315240083507306,0.9686847599164927
faz,client3,Domain3,block,10117.h5,65536,564,58606,1486,0.00860595703125,0.894256591796875,0.022674560546875,1.0,0.3795423956931359,0.03368794326241135,0.9663120567375887
faz,client3,Domain3,block,10118.h5,65536,1035,58093,2030,0.0157928466796875,0.8864288330078125,0.030975341796875,1.0,0.5098522167487685,0.021256038647342997,0.978743961352657
faz,client3,Domain3,block,10119.h5,65536,34,62706,123,0.000518798828125,0.956817626953125,0.0018768310546875,1.0,0.2764227642276423,1.0,0.0
faz,client3,Domain3,block,10120.h5,65536,1109,57725,2141,0.0169219970703125,0.8808135986328125,0.0326690673828125,1.0,0.5179822512844465,0.057709648331830475,0.9422903516681695
faz,client3,Domain3,block,10121.h5,65536,578,58677,1448,0.008819580078125,0.8953399658203125,0.0220947265625,1.0,0.39917127071823205,0.0328719723183391,0.967128027681661
faz,client3,Domain3,block,10122.h5,65536,518,59105,1239,0.007904052734375,0.9018707275390625,0.0189056396484375,1.0,0.4180790960451977,0.07915057915057915,0.9208494208494209
faz,client3,Domain3,block,10123.h5,65536,547,59310,1344,0.0083465576171875,0.904998779296875,0.0205078125,1.0,0.4069940476190476,0.08409506398537477,0.9159049360146252
faz,client3,Domain3,block,10124.h5,65536,863,58793,1671,0.0131683349609375,0.8971099853515625,0.0254974365234375,1.0,0.5164572112507481,0.04287369640787949,0.9571263035921205
faz,client3,Domain3,block,10125.h5,65536,3824,53781,5738,0.058349609375,0.8206329345703125,0.087554931640625,1.0,0.6664342976646915,0.02510460251046025,0.9748953974895398
faz,client3,Domain3,block,10126.h5,65536,899,58223,1867,0.0137176513671875,0.8884124755859375,0.0284881591796875,1.0,0.4815211569362614,0.07341490545050056,0.9265850945494994
faz,client3,Domain3,block,10127.h5,65536,905,58183,1830,0.0138092041015625,0.8878021240234375,0.027923583984375,1.0,0.49453551912568305,0.030939226519337018,0.969060773480663
faz,client3,Domain3,block,10128.h5,65536,233,59957,839,0.0035552978515625,0.9148712158203125,0.0128021240234375,1.0,0.27771156138259834,0.012875536480686695,0.9871244635193133
faz,client3,Domain3,block,10129.h5,65536,387,59022,1271,0.0059051513671875,0.900604248046875,0.0193939208984375,1.0,0.3044846577498033,0.03875968992248062,0.9612403100775194
faz,client3,Domain3,block,10130.h5,65536,776,58677,1655,0.0118408203125,0.8953399658203125,0.0252532958984375,1.0,0.4688821752265861,0.06056701030927835,0.9394329896907216
faz,client3,Domain3,block,10131.h5,65536,637,57898,1641,0.0097198486328125,0.883453369140625,0.0250396728515625,1.0,0.3881779402803169,0.03610675039246468,0.9638932496075353
faz,client3,Domain3,block,10132.h5,65536,177,60339,692,0.0027008056640625,0.9207000732421875,0.01055908203125,1.0,0.25578034682080925,0.3107344632768362,0.6892655367231638
faz,client3,Domain3,block,10133.h5,65536,588,58710,1467,0.00897216796875,0.895843505859375,0.0223846435546875,1.0,0.40081799591002043,0.05102040816326531,0.9489795918367347
faz,client3,Domain3,block,10134.h5,65536,702,58315,1660,0.010711669921875,0.8898162841796875,0.02532958984375,1.0,0.42289156626506025,0.09829059829059829,0.9017094017094017
faz,client3,Domain3,block,10135.h5,65536,1277,57787,2205,0.0194854736328125,0.8817596435546875,0.0336456298828125,1.0,0.5791383219954649,0.0908379013312451,0.9091620986687549
faz,client3,Domain3,block,10136.h5,65536,798,58285,1850,0.012176513671875,0.8893585205078125,0.028228759765625,1.0,0.43135135135135133,0.02756892230576441,0.9724310776942355
faz,client3,Domain3,block,10137.h5,65536,600,58910,1444,0.0091552734375,0.898895263671875,0.02203369140625,1.0,0.4155124653739612,0.02666666666666667,0.9733333333333334
faz,client3,Domain3,block,10138.h5,65536,861,57851,1845,0.0131378173828125,0.8827362060546875,0.0281524658203125,1.0,0.4666666666666667,0.06504065040650407,0.9349593495934959
faz,client3,Domain3,block,10139.h5,65536,608,58666,1439,0.00927734375,0.895172119140625,0.0219573974609375,1.0,0.4225156358582349,0.039473684210526314,0.9605263157894737
faz,client3,Domain3,block,10140.h5,65536,2516,55302,4036,0.03839111328125,0.843841552734375,0.06158447265625,1.0,0.6233894945490585,0.02821939586645469,0.9717806041335453
faz,client3,Domain3,block,10141.h5,65536,911,57415,2086,0.0139007568359375,0.8760833740234375,0.031829833984375,1.0,0.4367209971236817,0.01756311745334797,0.9824368825466521
faz,client3,Domain3,block,10142.h5,65536,1111,57411,2103,0.0169525146484375,0.8760223388671875,0.0320892333984375,1.0,0.5282929148834997,0.06480648064806481,0.9351935193519352
faz,client3,Domain3,block,10143.h5,65536,749,58503,1566,0.0114288330078125,0.8926849365234375,0.023895263671875,1.0,0.4782886334610473,0.06542056074766354,0.9345794392523364
faz,client3,Domain3,block,10144.h5,65536,726,57859,1706,0.011077880859375,0.8828582763671875,0.026031494140625,1.0,0.42555685814771393,0.015151515151515152,0.9848484848484849
faz,client3,Domain3,block,10145.h5,65536,564,59054,1333,0.00860595703125,0.901092529296875,0.0203399658203125,1.0,0.423105776444111,0.04609929078014184,0.9539007092198581
faz,client3,Domain3,block,10146.h5,65536,1523,56583,2739,0.0232391357421875,0.8633880615234375,0.0417938232421875,1.0,0.5560423512230741,0.03742613263296126,0.9625738673670388
faz,client3,Domain3,block,10147.h5,65536,997,58070,1969,0.0152130126953125,0.886077880859375,0.0300445556640625,1.0,0.5063484002031488,0.04012036108324975,0.9598796389167502
faz,client3,Domain3,block,10148.h5,65536,144,59009,854,0.002197265625,0.9004058837890625,0.013031005859375,1.0,0.1686182669789227,0.2222222222222222,0.7777777777777778
faz,client3,Domain3,block,10149.h5,65536,2168,55063,3878,0.0330810546875,0.8401947021484375,0.059173583984375,1.0,0.5590510572460031,0.06365313653136531,0.9363468634686347
faz,client3,Domain3,block,10150.h5,65536,984,58036,1932,0.0150146484375,0.88555908203125,0.02947998046875,1.0,0.5093167701863354,0.034552845528455285,0.9654471544715447
faz,client3,Domain3,block,10151.h5,65536,819,57801,1812,0.0124969482421875,0.8819732666015625,0.02764892578125,1.0,0.4519867549668874,0.08180708180708181,0.9181929181929182
faz,client3,Domain3,block,10152.h5,65536,708,58614,1568,0.01080322265625,0.894378662109375,0.02392578125,1.0,0.45153061224489793,0.08615819209039548,0.9138418079096046
faz,client3,Domain3,block,10153.h5,65536,1025,58231,2043,0.0156402587890625,0.8885345458984375,0.0311737060546875,1.0,0.5017131669114048,0.06146341463414634,0.9385365853658536
faz,client3,Domain3,block,10154.h5,65536,973,58287,1861,0.0148468017578125,0.8893890380859375,0.0283966064453125,1.0,0.522837184309511,0.06166495375128469,0.9383350462487153
faz,client3,Domain3,block,10155.h5,65536,816,57408,2032,0.012451171875,0.8759765625,0.031005859375,1.0,0.4015748031496063,0.07352941176470588,0.9264705882352942
faz,client3,Domain3,block,10156.h5,65536,501,58795,1365,0.0076446533203125,0.8971405029296875,0.0208282470703125,1.0,0.367032967032967,0.027944111776447105,0.9720558882235529
faz,client3,Domain3,block,10157.h5,65536,447,58847,1221,0.0068206787109375,0.8979339599609375,0.0186309814453125,1.0,0.36609336609336607,0.1029082774049217,0.8970917225950783
faz,client3,Domain3,block,10158.h5,65536,557,57961,1599,0.0084991455078125,0.8844146728515625,0.0243988037109375,1.0,0.34834271419637275,0.1310592459605027,0.8689407540394973
faz,client3,Domain3,block,10159.h5,65536,1258,57869,2292,0.019195556640625,0.8830108642578125,0.03497314453125,1.0,0.5488656195462478,0.04292527821939587,0.9570747217806042
faz,client3,Domain3,block,10160.h5,65536,402,59549,1044,0.006134033203125,0.9086456298828125,0.01593017578125,1.0,0.3850574712643678,0.08955223880597014,0.9104477611940298
faz,client3,Domain3,block,10161.h5,65536,1028,57913,2066,0.01568603515625,0.8836822509765625,0.031524658203125,1.0,0.4975798644724105,0.03696498054474708,0.9630350194552529
faz,client3,Domain3,block,10162.h5,65536,1121,57774,2187,0.0171051025390625,0.881561279296875,0.0333709716796875,1.0,0.5125743026977595,0.019625334522747548,0.9803746654772525
faz,client3,Domain3,block,10163.h5,65536,302,59280,1060,0.004608154296875,0.904541015625,0.01617431640625,1.0,0.2849056603773585,0.1390728476821192,0.8609271523178808
faz,client3,Domain3,block,10164.h5,65536,670,59089,1472,0.010223388671875,0.9016265869140625,0.0224609375,1.0,0.45516304347826086,0.03134328358208955,0.9686567164179104
faz,client3,Domain3,block,10165.h5,65536,732,58467,1620,0.01116943359375,0.8921356201171875,0.02471923828125,1.0,0.45185185185185184,0.08196721311475409,0.9180327868852459
faz,client3,Domain3,block,10166.h5,65536,1016,58219,1967,0.0155029296875,0.8883514404296875,0.0300140380859375,1.0,0.5165226232841891,0.028543307086614175,0.9714566929133859
faz,client3,Domain3,block,10167.h5,65536,697,59111,1497,0.0106353759765625,0.9019622802734375,0.0228424072265625,1.0,0.46559786239144957,0.12482065997130559,0.8751793400286944
faz,client3,Domain3,block,10168.h5,65536,561,58978,1373,0.0085601806640625,0.899932861328125,0.0209503173828125,1.0,0.4085943190094683,0.016042780748663103,0.983957219251337
faz,client3,Domain3,block,10169.h5,65536,414,58284,1492,0.006317138671875,0.88934326171875,0.02276611328125,1.0,0.2774798927613941,0.04589371980676329,0.9541062801932367
faz,client3,Domain3,block,10170.h5,65536,814,58434,1718,0.012420654296875,0.891632080078125,0.026214599609375,1.0,0.47380675203725264,0.045454545454545456,0.9545454545454546
faz,client3,Domain3,block,10171.h5,65536,1140,57877,2199,0.01739501953125,0.8831329345703125,0.0335540771484375,1.0,0.5184174624829468,0.028070175438596492,0.9719298245614035
faz,client3,Domain3,block,10172.h5,65536,815,58629,1691,0.0124359130859375,0.8946075439453125,0.0258026123046875,1.0,0.48196333530455354,0.04049079754601227,0.9595092024539877
faz,client3,Domain3,block,10173.h5,65536,1050,58148,2039,0.016021728515625,0.88726806640625,0.0311126708984375,1.0,0.5149583128984796,0.02761904761904762,0.9723809523809523
faz,client3,Domain3,block,10174.h5,65536,967,58241,1887,0.0147552490234375,0.8886871337890625,0.0287933349609375,1.0,0.5124536301006889,0.02998965873836608,0.9700103412616339
faz,client3,Domain3,block,10175.h5,65536,504,58577,1459,0.0076904296875,0.8938140869140625,0.0222625732421875,1.0,0.34544208361891704,0.09523809523809523,0.9047619047619048
faz,client3,Domain3,block,10176.h5,65536,1102,56944,2391,0.016815185546875,0.868896484375,0.0364837646484375,1.0,0.4608950230029277,0.08892921960072596,0.911070780399274
faz,client3,Domain3,block,10177.h5,65536,895,57237,1963,0.0136566162109375,0.8733673095703125,0.0299530029296875,1.0,0.45593479368313805,0.061452513966480445,0.9385474860335196
faz,client3,Domain3,block,10178.h5,65536,719,58732,1619,0.0109710693359375,0.89617919921875,0.0247039794921875,1.0,0.44410129709697344,0.011126564673157162,0.9888734353268428
faz,client3,Domain3,block,10179.h5,65536,420,59818,1083,0.00640869140625,0.912750244140625,0.0165252685546875,1.0,0.3878116343490305,0.014285714285714285,0.9857142857142858
faz,client3,Domain3,block,10180.h5,65536,948,58243,1898,0.01446533203125,0.8887176513671875,0.028961181640625,1.0,0.4994731296101159,0.028481012658227847,0.9715189873417721
faz,client3,Domain3,block,10181.h5,65536,691,58476,1607,0.0105438232421875,0.89227294921875,0.0245208740234375,1.0,0.4299937772246422,0.0361794500723589,0.9638205499276411
faz,client3,Domain3,block,10182.h5,65536,655,59243,1482,0.0099945068359375,0.9039764404296875,0.022613525390625,1.0,0.44197031039136303,0.061068702290076333,0.9389312977099237
faz,client3,Domain3,block,10183.h5,65536,752,58616,1657,0.011474609375,0.8944091796875,0.0252838134765625,1.0,0.45383222691611347,0.03723404255319149,0.9627659574468085
faz,client3,Domain3,block,10184.h5,65536,556,58761,1491,0.00848388671875,0.8966217041015625,0.0227508544921875,1.0,0.37290409121395035,0.06654676258992806,0.9334532374100719
faz,client3,Domain3,block,10185.h5,65536,493,59012,1246,0.0075225830078125,0.90045166015625,0.019012451171875,1.0,0.3956661316211878,0.08924949290060852,0.9107505070993914
faz,client3,Domain3,block,10186.h5,65536,555,58992,1377,0.0084686279296875,0.900146484375,0.0210113525390625,1.0,0.40305010893246185,0.01981981981981982,0.9801801801801802
faz,client3,Domain3,block,10187.h5,65536,1402,57213,2563,0.021392822265625,0.8730010986328125,0.0391082763671875,1.0,0.5470152165431136,0.03637660485021398,0.963623395149786
faz,client3,Domain3,block,10188.h5,65536,523,59395,1279,0.0079803466796875,0.9062957763671875,0.0195159912109375,1.0,0.40891321344800624,0.055449330783938815,0.9445506692160612
faz,client3,Domain3,block,10189.h5,65536,1557,57427,2639,0.0237579345703125,0.8762664794921875,0.0402679443359375,1.0,0.5899962106858658,0.07578676942838793,0.9242132305716121
faz,client3,Domain3,block,10190.h5,65536,426,59316,1216,0.006500244140625,0.90509033203125,0.0185546875,1.0,0.3503289473684211,0.0,1.0
faz,client3,Domain3,block,10191.h5,65536,413,59821,1090,0.0063018798828125,0.9127960205078125,0.016632080078125,1.0,0.37889908256880733,0.1016949152542373,0.8983050847457628
faz,client3,Domain3,block,10192.h5,65536,157,60244,755,0.0023956298828125,0.91925048828125,0.0115203857421875,1.0,0.20794701986754968,0.01910828025477707,0.9808917197452229
faz,client3,Domain3,block,10193.h5,65536,539,58733,1375,0.0082244873046875,0.8961944580078125,0.0209808349609375,1.0,0.392,0.0575139146567718,0.9424860853432282
faz,client3,Domain3,block,10194.h5,65536,286,59654,1009,0.004364013671875,0.910247802734375,0.0153961181640625,1.0,0.28344895936570863,0.0034965034965034965,0.9965034965034965
faz,client3,Domain3,block,10195.h5,65536,1927,56528,3207,0.0294036865234375,0.862548828125,0.0489349365234375,1.0,0.6008730901153726,0.026466009340944473,0.9735339906590555
faz,client3,Domain3,block,10196.h5,65536,749,57989,1695,0.0114288330078125,0.8848419189453125,0.0258636474609375,1.0,0.44188790560471974,0.07076101468624833,0.9292389853137517
faz,client3,Domain3,block,10197.h5,65536,651,58530,1588,0.0099334716796875,0.893096923828125,0.02423095703125,1.0,0.40994962216624686,0.0629800307219662,0.9370199692780338
faz,client3,Domain3,block,10198.h5,65536,1634,56258,2936,0.024932861328125,0.858428955078125,0.0447998046875,1.0,0.5565395095367848,0.0605875152998776,0.9394124847001224
faz,client3,Domain3,block,10199.h5,65536,538,58740,1389,0.008209228515625,0.89630126953125,0.0211944580078125,1.0,0.3873290136789057,0.04460966542750929,0.9553903345724907
faz,client3,Domain3,block,10200.h5,65536,798,58327,1760,0.012176513671875,0.8899993896484375,0.02685546875,1.0,0.45340909090909093,0.021303258145363407,0.9786967418546366
faz,client4,Domain4,box,1.h5,65536,576,52070,2965,0.0087890625,0.794525146484375,0.0452423095703125,1.0,0.1942664418212479,0.0,1.0
faz,client4,Domain4,box,10.h5,65536,360,54669,1840,0.0054931640625,0.8341827392578125,0.028076171875,1.0,0.1956521739130435,0.05,0.95
faz,client4,Domain4,box,100.h5,65536,360,54796,2220,0.0054931640625,0.83612060546875,0.03387451171875,1.0,0.16216216216216217,0.0,1.0
faz,client4,Domain4,box,101.h5,65536,960,46210,5180,0.0146484375,0.705108642578125,0.07904052734375,1.0,0.18532818532818532,0.0,1.0
faz,client4,Domain4,box,102.h5,65536,960,47048,5187,0.0146484375,0.7178955078125,0.0791473388671875,1.0,0.18507807981492191,0.0,1.0
faz,client4,Domain4,box,103.h5,65536,784,48230,4735,0.011962890625,0.735931396484375,0.0722503662109375,1.0,0.16557550158394932,0.0,1.0
faz,client4,Domain4,box,104.h5,65536,840,48016,4858,0.0128173828125,0.732666015625,0.074127197265625,1.0,0.1729106628242075,0.0,1.0
faz,client4,Domain4,box,105.h5,65536,900,47532,4852,0.01373291015625,0.72528076171875,0.07403564453125,1.0,0.18549051937345423,0.0,1.0
faz,client4,Domain4,box,106.h5,65536,1008,45397,5352,0.015380859375,0.6927032470703125,0.0816650390625,1.0,0.18834080717488788,0.0,1.0
faz,client4,Domain4,box,107.h5,65536,484,52916,3117,0.00738525390625,0.80743408203125,0.0475616455078125,1.0,0.15527751042669233,0.0,1.0
faz,client4,Domain4,box,108.h5,65536,720,49298,3144,0.010986328125,0.752227783203125,0.0479736328125,1.0,0.22900763358778625,0.0,1.0
faz,client4,Domain4,box,109.h5,65536,484,52564,2992,0.00738525390625,0.80206298828125,0.045654296875,1.0,0.16176470588235295,0.0,1.0
faz,client4,Domain4,box,11.h5,65536,324,55356,1774,0.00494384765625,0.84466552734375,0.027069091796875,1.0,0.1826381059751973,0.0,1.0
faz,client4,Domain4,box,110.h5,65536,720,49405,4318,0.010986328125,0.7538604736328125,0.065887451171875,1.0,0.1667438628994905,0.018055555555555554,0.9819444444444444
faz,client4,Domain4,box,111.h5,65536,720,49528,3465,0.010986328125,0.7557373046875,0.0528717041015625,1.0,0.2077922077922078,0.0,1.0
faz,client4,Domain4,box,112.h5,65536,780,49191,4553,0.01190185546875,0.7505950927734375,0.0694732666015625,1.0,0.17131561607731166,0.0,1.0
faz,client4,Domain4,box,113.h5,65536,576,51952,2600,0.0087890625,0.792724609375,0.0396728515625,1.0,0.22153846153846155,0.027777777777777776,0.9722222222222222
faz,client4,Domain4,box,114.h5,65536,576,51352,3288,0.0087890625,0.7835693359375,0.0501708984375,1.0,0.17518248175182483,0.0,1.0
faz,client4,Domain4,box,115.h5,65536,728,49514,3974,0.0111083984375,0.755523681640625,0.060638427734375,1.0,0.1831907398087569,0.0,1.0
faz,client4,Domain4,box,116.h5,65536,676,50588,3872,0.01031494140625,0.77191162109375,0.05908203125,1.0,0.17458677685950413,0.0,1.0
faz,client4,Domain4,box,117.h5,65536,900,47396,4920,0.01373291015625,0.72320556640625,0.0750732421875,1.0,0.18292682926829268,0.0,1.0
faz,client4,Domain4,box,118.h5,65536,676,50836,3752,0.01031494140625,0.77569580078125,0.0572509765625,1.0,0.18017057569296374,0.0,1.0
faz,client4,Domain4,box,119.h5,65536,484,52795,2179,0.00738525390625,0.8055877685546875,0.0332489013671875,0.9772727272727273,0.21707205139972466,0.11983471074380166,0.8574380165289256
faz,client4,Domain4,box,12.h5,65536,440,53998,2315,0.0067138671875,0.823944091796875,0.0353240966796875,1.0,0.1900647948164147,0.0,1.0
faz,client4,Domain4,box,120.h5,65536,400,54700,2273,0.006103515625,0.83465576171875,0.0346832275390625,1.0,0.1759788825340959,0.0,1.0
faz,client4,Domain4,box,121.h5,65536,360,54676,2332,0.0054931640625,0.83428955078125,0.03558349609375,1.0,0.15437392795883362,0.0,1.0
faz,client4,Domain4,box,122.h5,65536,352,54814,2236,0.00537109375,0.836395263671875,0.03411865234375,1.0,0.15742397137745975,0.0,1.0
faz,client4,Domain4,box,123.h5,65536,572,51273,3104,0.00872802734375,0.7823638916015625,0.04736328125,1.0,0.18427835051546393,0.0,1.0
faz,client4,Domain4,box,124.h5,65536,480,52696,2544,0.00732421875,0.8040771484375,0.038818359375,1.0,0.18867924528301888,0.0020833333333333333,0.9979166666666667
faz,client4,Domain4,box,125.h5,65536,672,50500,3213,0.01025390625,0.77056884765625,0.0490264892578125,1.0,0.20915032679738563,0.025297619047619048,0.9747023809523809
faz,client4,Domain4,box,126.h5,65536,624,50293,3997,0.009521484375,0.7674102783203125,0.0609893798828125,1.0,0.1561170878158619,0.0,1.0
faz,client4,Domain4,box,127.h5,65536,576,51352,3261,0.0087890625,0.7835693359375,0.0497589111328125,1.0,0.1766329346826127,0.0,1.0
faz,client4,Domain4,box,128.h5,65536,520,52360,2911,0.0079345703125,0.7989501953125,0.0444183349609375,1.0,0.1786327722432154,0.0,1.0
faz,client4,Domain4,box,129.h5,65536,560,51490,2901,0.008544921875,0.785675048828125,0.0442657470703125,1.0,0.19303688383316098,0.0035714285714285713,0.9964285714285714
faz,client4,Domain4,box,13.h5,65536,624,51035,2791,0.009521484375,0.7787322998046875,0.0425872802734375,1.0,0.22357577929057684,0.0,1.0
faz,client4,Domain4,box,130.h5,65536,748,49000,3801,0.01141357421875,0.7476806640625,0.0579986572265625,1.0,0.19679031833727967,0.0,1.0
faz,client4,Domain4,box,131.h5,65536,952,46424,6397,0.0145263671875,0.7083740234375,0.0976104736328125,1.0,0.14881975926215413,0.0,1.0
faz,client4,Domain4,box,132.h5,65536,780,49044,5046,0.01190185546875,0.74835205078125,0.076995849609375,1.0,0.1545778834720571,0.0,1.0
faz,client4,Domain4,box,133.h5,65536,896,47688,4754,0.013671875,0.7276611328125,0.072540283203125,1.0,0.18847286495582669,0.0,1.0
faz,client4,Domain4,box,134.h5,65536,960,46192,5532,0.0146484375,0.704833984375,0.08441162109375,1.0,0.1735357917570499,0.0,1.0
faz,client4,Domain4,box,135.h5,65536,960,46336,5188,0.0146484375,0.70703125,0.07916259765625,1.0,0.18504240555127216,0.0,1.0
faz,client4,Domain4,box,136.h5,65536,768,48492,5318,0.01171875,0.73992919921875,0.081146240234375,1.0,0.14441519368183528,0.0,1.0
faz,client4,Domain4,box,137.h5,65536,1020,45265,5449,0.01556396484375,0.6906890869140625,0.0831451416015625,1.0,0.18719031014865112,0.0,1.0
faz,client4,Domain4,box,138.h5,65536,528,51919,3135,0.008056640625,0.7922210693359375,0.0478363037109375,1.0,0.16842105263157894,0.0,1.0
faz,client4,Domain4,box,139.h5,65536,672,50478,3465,0.01025390625,0.770233154296875,0.0528717041015625,1.0,0.19393939393939394,0.0,1.0
faz,client4,Domain4,box,14.h5,65536,288,55627,1811,0.00439453125,0.8488006591796875,0.0276336669921875,0.9895833333333334,0.15737161789066814,0.10416666666666667,0.8854166666666666
faz,client4,Domain4,box,140.h5,65536,624,51528,2626,0.009521484375,0.7862548828125,0.040069580078125,1.0,0.2376237623762376,0.060897435897435896,0.9391025641025641
faz,client4,Domain4,box,141.h5,65536,528,52258,2941,0.008056640625,0.797393798828125,0.0448760986328125,1.0,0.17953077184631078,0.0,1.0
faz,client4,Domain4,box,142.h5,65536,572,51996,2647,0.00872802734375,0.79339599609375,0.0403900146484375,1.0,0.21609369097091047,0.0,1.0
faz,client4,Domain4,box,143.h5,65536,396,53868,2043,0.00604248046875,0.82196044921875,0.0311737060546875,1.0,0.19383259911894274,0.0,1.0
faz,client4,Domain4,box,144.h5,65536,440,53223,2226,0.0067138671875,0.8121185302734375,0.033966064453125,1.0,0.1976639712488769,0.07954545454545454,0.9204545454545454
faz,client4,Domain4,box,145.h5,65536,484,52916,2396,0.00738525390625,0.80743408203125,0.03656005859375,1.0,0.2020033388981636,0.0,1.0
faz,client4,Domain4,box,146.h5,65536,480,52978,2722,0.00732421875,0.808380126953125,0.041534423828125,1.0,0.1763409257898604,0.0,1.0
faz,client4,Domain4,box,147.h5,65536,360,54346,2231,0.0054931640625,0.829254150390625,0.0340423583984375,1.0,0.16136261766024204,0.0,1.0
faz,client4,Domain4,box,148.h5,65536,572,51630,2902,0.00872802734375,0.787811279296875,0.044281005859375,1.0,0.19710544452102,0.0,1.0
faz,client4,Domain4,box,149.h5,65536,528,51907,2850,0.008056640625,0.7920379638671875,0.043487548828125,1.0,0.18526315789473685,0.0,1.0
faz,client4,Domain4,box,15.h5,65536,440,53768,2376,0.0067138671875,0.8204345703125,0.0362548828125,1.0,0.18518518518518517,0.0,1.0
faz,client4,Domain4,box,150.h5,65536,884,47476,4899,0.01348876953125,0.72442626953125,0.0747528076171875,1.0,0.18044498877321902,0.0,1.0
faz,client4,Domain4,box,151.h5,65536,784,48770,4978,0.011962890625,0.744171142578125,0.075958251953125,1.0,0.15749296906388108,0.0,1.0
faz,client4,Domain4,box,152.h5,65536,728,49240,4873,0.0111083984375,0.7513427734375,0.0743560791015625,1.0,0.1493946234352555,0.0,1.0
faz,client4,Domain4,box,153.h5,65536,784,49028,4532,0.011962890625,0.74810791015625,0.06915283203125,1.0,0.17299205648720212,0.0,1.0
faz,client4,Domain4,box,154.h5,65536,528,51673,3044,0.008056640625,0.7884674072265625,0.04644775390625,1.0,0.17345597897503284,0.0,1.0
faz,client4,Domain4,box,155.h5,65536,672,49972,4682,0.01025390625,0.76251220703125,0.071441650390625,1.0,0.14352840666381889,0.0,1.0
faz,client4,Domain4,box,156.h5,65536,676,49828,3440,0.01031494140625,0.76031494140625,0.052490234375,1.0,0.19651162790697674,0.0,1.0
faz,client4,Domain4,box,157.h5,65536,308,55080,1516,0.00469970703125,0.8404541015625,0.02313232421875,1.0,0.20316622691292877,0.00974025974025974,0.9902597402597403
faz,client4,Domain4,box,158.h5,65536,832,48207,4398,0.0126953125,0.7355804443359375,0.067108154296875,1.0,0.18917689859026832,0.0,1.0
faz,client4,Domain4,box,159.h5,65536,896,47404,4580,0.013671875,0.72332763671875,0.06988525390625,1.0,0.19563318777292577,0.0,1.0
faz,client4,Domain4,box,16.h5,65536,484,53252,2665,0.00738525390625,0.81256103515625,0.0406646728515625,1.0,0.18161350844277674,0.0,1.0
faz,client4,Domain4,box,160.h5,65536,900,47393,4473,0.01373291015625,0.7231597900390625,0.0682525634765625,1.0,0.2012072434607646,0.0,1.0
faz,client4,Domain4,box,161.h5,65536,676,49828,3986,0.01031494140625,0.76031494140625,0.060821533203125,1.0,0.16959357752132465,0.0,1.0
faz,client4,Domain4,box,162.h5,65536,672,50236,3793,0.01025390625,0.76654052734375,0.0578765869140625,1.0,0.17716846823095175,0.0,1.0
faz,client4,Domain4,box,163.h5,65536,832,48064,4799,0.0126953125,0.7333984375,0.0732269287109375,1.0,0.17336945196916023,0.0,1.0
faz,client4,Domain4,box,164.h5,65536,720,49972,3344,0.010986328125,0.76251220703125,0.051025390625,1.0,0.215311004784689,0.05555555555555555,0.9444444444444444
faz,client4,Domain4,box,165.h5,65536,728,49380,4189,0.0111083984375,0.75347900390625,0.0639190673828125,1.0,0.17378849367390786,0.0,1.0
faz,client4,Domain4,box,166.h5,65536,1080,45264,6177,0.0164794921875,0.690673828125,0.0942535400390625,1.0,0.17484215638659542,0.0,1.0
faz,client4,Domain4,box,167.h5,65536,960,46616,6082,0.0146484375,0.7113037109375,0.092803955078125,1.0,0.15784281486353174,0.0,1.0
faz,client4,Domain4,box,168.h5,65536,1088,44868,5778,0.0166015625,0.68463134765625,0.088165283203125,1.0,0.18830044998269296,0.0,1.0
faz,client4,Domain4,box,169.h5,65536,616,51332,3614,0.0093994140625,0.78326416015625,0.055145263671875,1.0,0.17044825677919204,0.0,1.0
faz,client4,Domain4,box,17.h5,65536,576,51716,3604,0.0087890625,0.78912353515625,0.05499267578125,1.0,0.1598224195338513,0.0,1.0
faz,client4,Domain4,box,170.h5,65536,256,56387,1591,0.00390625,0.8603973388671875,0.0242767333984375,1.0,0.16090509113764928,0.0,1.0
faz,client4,Domain4,box,171.h5,65536,1088,45164,6364,0.0166015625,0.68914794921875,0.09710693359375,1.0,0.17096165933375235,0.0,1.0
faz,client4,Domain4,box,172.h5,65536,572,51144,2852,0.00872802734375,0.7803955078125,0.04351806640625,1.0,0.2005610098176718,0.0,1.0
faz,client4,Domain4,box,173.h5,65536,1320,42196,6203,0.0201416015625,0.64385986328125,0.0946502685546875,1.0,0.21280025793970658,0.0,1.0
faz,client4,Domain4,box,174.h5,65536,616,51072,3115,0.0093994140625,0.779296875,0.0475311279296875,1.0,0.19775280898876405,0.0,1.0
faz,client4,Domain4,box,175.h5,65536,784,49028,3664,0.011962890625,0.74810791015625,0.055908203125,1.0,0.21397379912663755,0.02806122448979592,0.9719387755102041
faz,client4,Domain4,box,176.h5,65536,720,49054,3844,0.010986328125,0.748504638671875,0.05865478515625,1.0,0.18730489073881373,0.0,1.0
faz,client4,Domain4,box,177.h5,65536,1080,44479,6295,0.0164794921875,0.6786956787109375,0.0960540771484375,1.0,0.1715647339158062,0.0,1.0
faz,client4,Domain4,box,178.h5,65536,624,51035,3272,0.009521484375,0.7787322998046875,0.0499267578125,1.0,0.19070904645476772,0.0,1.0
faz,client4,Domain4,box,179.h5,65536,672,50236,3258,0.01025390625,0.76654052734375,0.049713134765625,1.0,0.20626151012891344,0.0,1.0
faz,client4,Domain4,box,18.h5,65536,1152,43474,6833,0.017578125,0.663360595703125,0.1042633056640625,1.0,0.16859358993121615,0.0,1.0
faz,client4,Domain4,box,180.h5,65536,660,50556,3836,0.01007080078125,0.77142333984375,0.05853271484375,1.0,0.17205422314911367,0.0,1.0
faz,client4,Domain4,box,181.h5,65536,704,49158,4002,0.0107421875,0.750091552734375,0.061065673828125,1.0,0.175912043978011,0.0,1.0
faz,client4,Domain4,box,182.h5,65536,1292,42094,7808,0.01971435546875,0.642303466796875,0.119140625,1.0,0.16547131147540983,0.0,1.0
faz,client4,Domain4,box,183.h5,65536,728,49389,4460,0.0111083984375,0.7536163330078125,0.06805419921875,1.0,0.16322869955156952,0.0,1.0
faz,client4,Domain4,box,184.h5,65536,676,50212,4273,0.01031494140625,0.76617431640625,0.0652008056640625,1.0,0.15820266791481394,0.0,1.0
faz,client4,Domain4,box,185.h5,65536,616,50357,4192,0.0093994140625,0.7683868408203125,0.06396484375,1.0,0.14694656488549618,0.0,1.0
faz,client4,Domain4,box,186.h5,65536,840,47756,5470,0.0128173828125,0.72869873046875,0.083465576171875,1.0,0.15356489945155394,0.0,1.0
faz,client4,Domain4,box,187.h5,65536,840,48160,4118,0.0128173828125,0.73486328125,0.062835693359375,1.0,0.20398251578436133,0.0,1.0
faz,client4,Domain4,box,188.h5,65536,440,53772,2632,0.0067138671875,0.82049560546875,0.0401611328125,1.0,0.16717325227963525,0.0,1.0
faz,client4,Domain4,box,189.h5,65536,440,53550,2507,0.0067138671875,0.817108154296875,0.0382537841796875,1.0,0.17550857598723574,0.0,1.0
faz,client4,Domain4,box,19.h5,65536,1020,45869,5473,0.01556396484375,0.6999053955078125,0.0835113525390625,1.0,0.18636945002740726,0.0,1.0
faz,client4,Domain4,box,190.h5,65536,440,53546,2599,0.0067138671875,0.817047119140625,0.0396575927734375,1.0,0.16929588303193535,0.0,1.0
faz,client4,Domain4,box,191.h5,65536,1156,43436,7515,0.01763916015625,0.66278076171875,0.1146697998046875,1.0,0.15382568196939456,0.0,1.0
faz,client4,Domain4,box,192.h5,65536,672,50236,4265,0.01025390625,0.76654052734375,0.0650787353515625,1.0,0.15756154747948417,0.0,1.0
faz,client4,Domain4,box,193.h5,65536,1020,45406,7047,0.01556396484375,0.692840576171875,0.1075286865234375,1.0,0.1447424435930183,0.0,1.0
faz,client4,Domain4,box,194.h5,65536,1088,45016,7520,0.0166015625,0.6868896484375,0.11474609375,1.0,0.14468085106382977,0.0,1.0
faz,client4,Domain4,box,195.h5,65536,1088,44870,7185,0.0166015625,0.684661865234375,0.1096343994140625,1.0,0.15142658315935978,0.0,1.0
faz,client4,Domain4,box,196.h5,65536,1024,45392,6822,0.015625,0.692626953125,0.104095458984375,1.0,0.15010260920551158,0.0,1.0
faz,client4,Domain4,box,197.h5,65536,1020,45696,6325,0.01556396484375,0.697265625,0.0965118408203125,1.0,0.16126482213438736,0.0,1.0
faz,client4,Domain4,box,198.h5,65536,624,50914,3085,0.009521484375,0.776885986328125,0.0470733642578125,1.0,0.20226904376012966,0.0,1.0
faz,client4,Domain4,box,199.h5,65536,676,50340,4460,0.01031494140625,0.76812744140625,0.06805419921875,1.0,0.1515695067264574,0.0,1.0
faz,client4,Domain4,box,2.h5,65536,576,51352,2733,0.0087890625,0.7835693359375,0.0417022705078125,1.0,0.21075740944017562,0.010416666666666666,0.9895833333333334
faz,client4,Domain4,box,20.h5,65536,624,51156,3206,0.009521484375,0.78057861328125,0.048919677734375,1.0,0.19463505926388022,0.0,1.0
faz,client4,Domain4,box,200.h5,65536,1088,44888,7164,0.0166015625,0.6849365234375,0.10931396484375,1.0,0.15187046342825236,0.0,1.0
faz,client4,Domain4,box,201.h5,65536,672,50095,4373,0.01025390625,0.7643890380859375,0.0667266845703125,1.0,0.15367024925680312,0.0,1.0
faz,client4,Domain4,box,202.h5,65536,896,47830,4930,0.013671875,0.729827880859375,0.075225830078125,1.0,0.1817444219066937,0.0,1.0
faz,client4,Domain4,box,203.h5,65536,728,48849,4634,0.0111083984375,0.7453765869140625,0.070709228515625,1.0,0.15709969788519637,0.0,1.0
faz,client4,Domain4,box,204.h5,65536,784,48764,4627,0.011962890625,0.74407958984375,0.0706024169921875,1.0,0.16944024205748864,0.0,1.0
faz,client4,Domain4,box,205.h5,65536,840,47905,4965,0.0128173828125,0.7309722900390625,0.0757598876953125,1.0,0.1691842900302115,0.0,1.0
faz,client4,Domain4,box,206.h5,65536,1292,42215,7499,0.01971435546875,0.6441497802734375,0.1144256591796875,1.0,0.17228963861848245,0.0,1.0
faz,client4,Domain4,box,207.h5,65536,624,50293,4097,0.009521484375,0.7674102783203125,0.0625152587890625,1.0,0.1523065657798389,0.0,1.0
faz,client4,Domain4,box,208.h5,65536,832,47936,4739,0.0126953125,0.7314453125,0.0723114013671875,1.0,0.17556446507702048,0.0,1.0
faz,client4,Domain4,box,209.h5,65536,896,46587,5645,0.013671875,0.7108612060546875,0.0861358642578125,1.0,0.1587245349867139,0.0,1.0
faz,client4,Domain4,box,21.h5,65536,440,53216,2486,0.0067138671875,0.81201171875,0.037933349609375,1.0,0.17699115044247787,0.0,1.0
faz,client4,Domain4,box,210.h5,65536,676,49956,4039,0.01031494140625,0.76226806640625,0.0616302490234375,1.0,0.16736816043575142,0.0,1.0
faz,client4,Domain4,box,211.h5,65536,572,51848,3687,0.00872802734375,0.7911376953125,0.0562591552734375,1.0,0.1551396799566043,0.0,1.0
faz,client4,Domain4,box,212.h5,65536,528,52624,3137,0.008056640625,0.802978515625,0.0478668212890625,1.0,0.16831367548613324,0.0,1.0
faz,client4,Domain4,box,213.h5,65536,1088,44721,7055,0.0166015625,0.6823883056640625,0.1076507568359375,1.0,0.15421686746987953,0.0,1.0
faz,client4,Domain4,box,214.h5,65536,672,50008,4560,0.01025390625,0.7630615234375,0.069580078125,1.0,0.14736842105263157,0.0,1.0
faz,client4,Domain4,box,215.h5,65536,768,48346,5529,0.01171875,0.737701416015625,0.0843658447265625,1.0,0.138903960933261,0.0,1.0
faz,client4,Domain4,box,216.h5,65536,572,51015,3541,0.00872802734375,0.7784271240234375,0.0540313720703125,1.0,0.16153628918384638,0.0,1.0
faz,client4,Domain4,box,217.h5,65536,728,49754,4482,0.0111083984375,0.759185791015625,0.068389892578125,1.0,0.16242748772869256,0.0,1.0
faz,client4,Domain4,box,218.h5,65536,676,50084,4242,0.01031494140625,0.76422119140625,0.064727783203125,1.0,0.15935879302215936,0.0,1.0
faz,client4,Domain4,box,219.h5,65536,360,54463,2145,0.0054931640625,0.8310394287109375,0.0327301025390625,1.0,0.16783216783216784,0.0,1.0
faz,client4,Domain4,box,22.h5,65536,440,53556,2052,0.0067138671875,0.81719970703125,0.03131103515625,1.0,0.21442495126705652,0.0,1.0
faz,client4,Domain4,box,220.h5,65536,832,47792,5423,0.0126953125,0.729248046875,0.0827484130859375,1.0,0.15342061589526093,0.0,1.0
faz,client4,Domain4,box,221.h5,65536,728,49506,4386,0.0111083984375,0.755401611328125,0.066925048828125,1.0,0.1659826721386229,0.0,1.0
faz,client4,Domain4,box,222.h5,65536,624,50785,3611,0.009521484375,0.7749176025390625,0.0550994873046875,1.0,0.1728053170866796,0.0,1.0
faz,client4,Domain4,box,223.h5,65536,480,53176,2555,0.00732421875,0.8114013671875,0.0389862060546875,1.0,0.18786692759295498,0.0,1.0
faz,client4,Domain4,box,224.h5,65536,676,50084,4118,0.01031494140625,0.76422119140625,0.062835693359375,1.0,0.16415735794074793,0.0,1.0
faz,client4,Domain4,box,225.h5,65536,660,50628,3090,0.01007080078125,0.77252197265625,0.047149658203125,0.9696969696969697,0.20711974110032363,0.07575757575757576,0.8939393939393939
faz,client4,Domain4,box,226.h5,65536,1020,45994,6252,0.01556396484375,0.701812744140625,0.09539794921875,1.0,0.16314779270633398,0.0,1.0
faz,client4,Domain4,box,227.h5,65536,1088,44745,5541,0.0166015625,0.6827545166015625,0.0845489501953125,1.0,0.19635444865547735,0.0,1.0
faz,client4,Domain4,box,228.h5,65536,840,47746,5828,0.0128173828125,0.728546142578125,0.08892822265625,1.0,0.1441317776252574,0.0,1.0
faz,client4,Domain4,box,229.h5,65536,1024,45535,5947,0.015625,0.6948089599609375,0.0907440185546875,1.0,0.17218765764250882,0.0,1.0
faz,client4,Domain4,box,23.h5,65536,832,47534,4810,0.0126953125,0.725311279296875,0.073394775390625,1.0,0.17297297297297298,0.0,1.0
faz,client4,Domain4,box,230.h5,65536,1156,44048,6311,0.01763916015625,0.672119140625,0.0962982177734375,1.0,0.1831722389478688,0.0,1.0
faz,client4,Domain4,box,231.h5,65536,676,50087,4042,0.01031494140625,0.7642669677734375,0.061676025390625,1.0,0.16724393864423553,0.0,1.0
faz,client4,Domain4,box,232.h5,65536,384,54496,1804,0.005859375,0.83154296875,0.02752685546875,1.0,0.21286031042128603,0.020833333333333332,0.9791666666666666
faz,client4,Domain4,box,233.h5,65536,1428,40516,8048,0.02178955078125,0.61822509765625,0.122802734375,1.0,0.17743538767395625,0.0,1.0
faz,client4,Domain4,box,234.h5,65536,784,48632,4782,0.011962890625,0.7420654296875,0.072967529296875,1.0,0.16394813885403597,0.0,1.0
faz,client4,Domain4,box,235.h5,65536,784,49290,4584,0.011962890625,0.752105712890625,0.0699462890625,1.0,0.17102966841186737,0.0,1.0
faz,client4,Domain4,box,236.h5,65536,616,51218,3853,0.0093994140625,0.781524658203125,0.0587921142578125,1.0,0.15987542174928626,0.0,1.0
faz,client4,Domain4,box,237.h5,65536,676,50588,3232,0.01031494140625,0.77191162109375,0.04931640625,1.0,0.20915841584158415,0.0,1.0
faz,client4,Domain4,box,238.h5,65536,780,48396,4944,0.01190185546875,0.73846435546875,0.075439453125,1.0,0.15776699029126215,0.0,1.0
faz,client4,Domain4,box,239.h5,65536,896,47147,4956,0.013671875,0.7194061279296875,0.07562255859375,1.0,0.1807909604519774,0.0,1.0
faz,client4,Domain4,box,24.h5,65536,440,53992,2449,0.0067138671875,0.8238525390625,0.0373687744140625,1.0,0.17966516945692118,0.0022727272727272726,0.9977272727272727
faz,client4,Domain4,box,240.h5,65536,840,48036,3894,0.0128173828125,0.73297119140625,0.059417724609375,1.0,0.21571648690292758,0.0,1.0
faz,client4,Domain4,box,241.h5,65536,468,52948,2528,0.00714111328125,0.80792236328125,0.03857421875,1.0,0.185126582278481,0.0,1.0
faz,client4,Domain4,box,242.h5,65536,728,49368,3484,0.0111083984375,0.7532958984375,0.05316162109375,1.0,0.208955223880597,0.0,1.0
faz,client4,Domain4,box,243.h5,65536,616,50742,3485,0.0093994140625,0.774261474609375,0.0531768798828125,1.0,0.17675753228120517,0.0,1.0
faz,client4,Domain4,box,244.h5,65536,676,50084,4418,0.01031494140625,0.76422119140625,0.067413330078125,1.0,0.1530104119511091,0.0,1.0
faz,client4,Domain4,box,245.h5,65536,960,46631,5487,0.0146484375,0.7115325927734375,0.0837249755859375,1.0,0.17495899398578457,0.0,1.0
faz,client4,Domain4,box,246.h5,65536,576,51472,3813,0.0087890625,0.785400390625,0.0581817626953125,1.0,0.15106215578284815,0.0,1.0
faz,client4,Domain4,box,247.h5,65536,672,49603,3893,0.01025390625,0.7568817138671875,0.0594024658203125,1.0,0.1726175186231698,0.00744047619047619,0.9925595238095238
faz,client4,Domain4,box,248.h5,65536,624,50422,4082,0.009521484375,0.769378662109375,0.062286376953125,1.0,0.15286624203821655,0.0,1.0
faz,client4,Domain4,box,249.h5,65536,624,51166,3549,0.009521484375,0.780731201171875,0.0541534423828125,1.0,0.17582417582417584,0.0,1.0
faz,client4,Domain4,box,25.h5,65536,440,53322,3109,0.0067138671875,0.813629150390625,0.0474395751953125,1.0,0.14152460598263106,0.0,1.0
faz,client4,Domain4,box,250.h5,65536,624,50914,3783,0.009521484375,0.776885986328125,0.0577239990234375,1.0,0.16494845360824742,0.0,1.0
faz,client4,Domain4,box,251.h5,65536,576,50983,3293,0.0087890625,0.7779388427734375,0.0502471923828125,1.0,0.1749164895232311,0.0,1.0
faz,client4,Domain4,box,252.h5,65536,576,51350,3431,0.0087890625,0.783538818359375,0.0523529052734375,1.0,0.16788108423200232,0.0,1.0
faz,client4,Domain4,box,253.h5,65536,624,50539,3765,0.009521484375,0.7711639404296875,0.0574493408203125,1.0,0.1657370517928287,0.0,1.0
faz,client4,Domain4,box,254.h5,65536,832,48476,4860,0.0126953125,0.73968505859375,0.07415771484375,1.0,0.17119341563786009,0.0,1.0
faz,client4,Domain4,box,255.h5,65536,1200,43752,6683,0.018310546875,0.6676025390625,0.1019744873046875,1.0,0.17956007780936706,0.0,1.0
faz,client4,Domain4,box,256.h5,65536,672,50750,3392,0.01025390625,0.774383544921875,0.0517578125,1.0,0.19811320754716982,0.0,1.0
faz,client4,Domain4,box,257.h5,65536,952,46988,6201,0.0145263671875,0.71697998046875,0.0946197509765625,1.0,0.15352362522173843,0.0,1.0
faz,client4,Domain4,box,258.h5,65536,960,46192,5962,0.0146484375,0.704833984375,0.090972900390625,1.0,0.16101979201610198,0.0,1.0
faz,client4,Domain4,box,259.h5,65536,520,52196,2854,0.0079345703125,0.79644775390625,0.043548583984375,1.0,0.18220042046250876,0.0,1.0
faz,client4,Domain4,box,26.h5,65536,672,50262,4364,0.01025390625,0.766937255859375,0.06658935546875,1.0,0.153987167736022,0.0,1.0
faz,client4,Domain4,box,260.h5,65536,816,47839,4067,0.012451171875,0.7299652099609375,0.0620574951171875,1.0,0.20063929186132284,0.003676470588235294,0.9963235294117647
faz,client4,Domain4,box,261.h5,65536,616,51349,3136,0.0093994140625,0.7835235595703125,0.0478515625,1.0,0.19642857142857142,0.0,1.0
faz,client4,Domain4,box,262.h5,65536,840,48566,5302,0.0128173828125,0.741058349609375,0.080902099609375,1.0,0.15843078083741985,0.0,1.0
faz,client4,Domain4,box,263.h5,65536,1152,44080,5961,0.017578125,0.672607421875,0.0909576416015625,1.0,0.19325616507297433,0.0,1.0
faz,client4,Domain4,box,264.h5,65536,1020,45845,6006,0.01556396484375,0.6995391845703125,0.091644287109375,1.0,0.16983016983016982,0.0,1.0
faz,client4,Domain4,box,265.h5,65536,960,47042,5330,0.0146484375,0.717803955078125,0.081329345703125,1.0,0.1801125703564728,0.0,1.0
faz,client4,Domain4,box,266.h5,65536,768,48736,3525,0.01171875,0.74365234375,0.0537872314453125,1.0,0.2178723404255319,0.0,1.0
faz,client4,Domain4,box,267.h5,65536,672,50368,4310,0.01025390625,0.7685546875,0.065765380859375,1.0,0.15591647331786543,0.0,1.0
faz,client4,Domain4,box,268.h5,65536,1152,44237,6365,0.017578125,0.6750030517578125,0.0971221923828125,1.0,0.1809897879025923,0.0,1.0
faz,client4,Domain4,box,269.h5,65536,672,49849,4317,0.01025390625,0.7606353759765625,0.0658721923828125,1.0,0.1556636553161918,0.0,1.0
faz,client4,Domain4,box,27.h5,65536,528,51673,3804,0.008056640625,0.7884674072265625,0.05804443359375,1.0,0.138801261829653,0.0,1.0
faz,client4,Domain4,box,270.h5,65536,840,47623,4795,0.0128173828125,0.7266693115234375,0.0731658935546875,1.0,0.17518248175182483,0.0,1.0
faz,client4,Domain4,box,271.h5,65536,840,47476,4975,0.0128173828125,0.72442626953125,0.0759124755859375,1.0,0.16884422110552763,0.0,1.0
faz,client4,Domain4,box,272.h5,65536,768,48904,4410,0.01171875,0.7462158203125,0.067291259765625,1.0,0.17414965986394557,0.0,1.0
faz,client4,Domain4,box,273.h5,65536,528,52144,3136,0.008056640625,0.795654296875,0.0478515625,1.0,0.1683673469387755,0.0,1.0
faz,client4,Domain4,box,274.h5,65536,440,53574,2144,0.0067138671875,0.817474365234375,0.03271484375,1.0,0.20522388059701493,0.0,1.0
faz,client4,Domain4,box,275.h5,65536,840,48696,4864,0.0128173828125,0.7430419921875,0.07421875,1.0,0.17269736842105263,0.0,1.0
faz,client4,Domain4,box,276.h5,65536,840,47764,4524,0.0128173828125,0.72882080078125,0.06903076171875,1.0,0.1856763925729443,0.0,1.0
faz,client4,Domain4,box,277.h5,65536,780,48514,4595,0.01190185546875,0.740264892578125,0.0701141357421875,1.0,0.16974972796517954,0.0,1.0
faz,client4,Domain4,box,278.h5,65536,572,51492,3340,0.00872802734375,0.78570556640625,0.05096435546875,1.0,0.17125748502994012,0.0,1.0
faz,client4,Domain4,box,279.h5,65536,624,51174,3397,0.009521484375,0.780853271484375,0.0518341064453125,1.0,0.18369149249337652,0.0,1.0
faz,client4,Domain4,box,28.h5,65536,832,48140,4507,0.0126953125,0.73455810546875,0.0687713623046875,1.0,0.18460173064122476,0.0,1.0
faz,client4,Domain4,box,280.h5,65536,1216,43300,6519,0.0185546875,0.66070556640625,0.0994720458984375,1.0,0.1865316766375211,0.0,1.0
faz,client4,Domain4,box,281.h5,65536,624,50788,3922,0.009521484375,0.77496337890625,0.059844970703125,1.0,0.15910249872514023,0.0,1.0
faz,client4,Domain4,box,282.h5,65536,600,50846,2839,0.0091552734375,0.775848388671875,0.0433197021484375,0.9966666666666667,0.21063754843254667,0.041666666666666664,0.955
faz,client4,Domain4,box,283.h5,65536,572,51260,3227,0.00872802734375,0.78216552734375,0.0492401123046875,1.0,0.17725441586612953,0.0,1.0
faz,client4,Domain4,box,284.h5,65536,960,46619,5553,0.0146484375,0.7113494873046875,0.0847320556640625,1.0,0.1728795245813074,0.0,1.0
faz,client4,Domain4,box,285.h5,65536,728,49389,3550,0.0111083984375,0.7536163330078125,0.054168701171875,1.0,0.20507042253521127,0.0,1.0
faz,client4,Domain4,box,286.h5,65536,440,53433,2381,0.0067138671875,0.8153228759765625,0.0363311767578125,1.0,0.18479630407391853,0.011363636363636364,0.9886363636363636
faz,client4,Domain4,box,287.h5,65536,1024,45968,4702,0.015625,0.701416015625,0.071746826171875,0.98828125,0.2152275627392599,0.1044921875,0.8837890625
faz,client4,Domain4,box,288.h5,65536,624,50914,3784,0.009521484375,0.776885986328125,0.0577392578125,1.0,0.1649048625792812,0.0,1.0
faz,client4,Domain4,box,289.h5,65536,1216,43322,5576,0.0185546875,0.661041259765625,0.0850830078125,1.0,0.21807747489239598,0.0,1.0
faz,client4,Domain4,box,29.h5,65536,840,47905,5629,0.0128173828125,0.7309722900390625,0.0858917236328125,1.0,0.14922721620181204,0.0,1.0
faz,client4,Domain4,box,290.h5,65536,1216,42938,6662,0.0185546875,0.655181884765625,0.101654052734375,1.0,0.18252776943860702,0.0,1.0
faz,client4,Domain4,box,291.h5,65536,480,53036,2814,0.00732421875,0.80926513671875,0.042938232421875,1.0,0.17057569296375266,0.0,1.0
faz,client4,Domain4,box,292.h5,65536,728,49884,3458,0.0111083984375,0.76116943359375,0.052764892578125,1.0,0.21052631578947367,0.006868131868131868,0.9931318681318682
faz,client4,Domain4,box,293.h5,65536,576,51106,3972,0.0087890625,0.779815673828125,0.06060791015625,1.0,0.14501510574018128,0.0,1.0
faz,client4,Domain4,box,294.h5,65536,624,50666,3799,0.009521484375,0.773101806640625,0.0579681396484375,1.0,0.16425375098710188,0.0,1.0
faz,client4,Domain4,box,295.h5,65536,520,52788,2751,0.0079345703125,0.80548095703125,0.0419769287109375,1.0,0.1890221737549982,0.0,1.0
faz,client4,Domain4,box,296.h5,65536,1140,43576,6441,0.01739501953125,0.6649169921875,0.0982818603515625,1.0,0.17699115044247787,0.0,1.0
faz,client4,Domain4,box,297.h5,65536,480,52807,2725,0.00732421875,0.8057708740234375,0.0415802001953125,1.0,0.1761467889908257,0.0,1.0
faz,client4,Domain4,box,298.h5,65536,440,53656,2616,0.0067138671875,0.8187255859375,0.0399169921875,1.0,0.16819571865443425,0.0,1.0
faz,client4,Domain4,box,299.h5,65536,468,52459,3165,0.00714111328125,0.8004608154296875,0.0482940673828125,1.0,0.14786729857819905,0.0,1.0
faz,client4,Domain4,box,3.h5,65536,896,47292,5267,0.013671875,0.72161865234375,0.0803680419921875,1.0,0.17011581545471804,0.0,1.0
faz,client4,Domain4,box,30.h5,65536,572,51733,3197,0.00872802734375,0.7893829345703125,0.0487823486328125,1.0,0.17891773537691585,0.0,1.0
faz,client4,Domain4,box,300.h5,65536,676,50336,4306,0.01031494140625,0.76806640625,0.065704345703125,1.0,0.15699024616813748,0.0,1.0
faz,client4,Domain4,box,301.h5,65536,840,48560,4431,0.0128173828125,0.740966796875,0.0676116943359375,1.0,0.1895734597156398,0.0,1.0
faz,client4,Domain4,box,302.h5,65536,768,48904,4721,0.01171875,0.7462158203125,0.0720367431640625,1.0,0.16267739885617455,0.0,1.0
faz,client4,Domain4,box,303.h5,65536,440,53441,2569,0.0067138671875,0.8154449462890625,0.0391998291015625,1.0,0.17127286882055273,0.0,1.0
faz,client4,Domain4,box,304.h5,65536,360,54676,2172,0.0054931640625,0.83428955078125,0.03314208984375,1.0,0.16574585635359115,0.0,1.0
faz,client4,Domain4,box,305.h5,65536,484,52796,2617,0.00738525390625,0.80560302734375,0.0399322509765625,1.0,0.18494459304547192,0.0,1.0
faz,client4,Domain4,box,306.h5,65536,960,46474,5669,0.0146484375,0.709136962890625,0.0865020751953125,1.0,0.16934203563238667,0.0,1.0
faz,client4,Domain4,box,307.h5,65536,1088,44578,5859,0.0166015625,0.680206298828125,0.0894012451171875,1.0,0.18569721795528246,0.0,1.0
faz,client4,Domain4,box,308.h5,65536,1020,46020,5504,0.01556396484375,0.70220947265625,0.083984375,1.0,0.18531976744186046,0.0,1.0
faz,client4,Domain4,box,309.h5,65536,616,51480,3224,0.0093994140625,0.7855224609375,0.0491943359375,1.0,0.19106699751861042,0.0,1.0
faz,client4,Domain4,box,31.h5,65536,896,47452,4930,0.013671875,0.72406005859375,0.075225830078125,0.9854910714285714,0.1791075050709939,0.05133928571428571,0.9341517857142857
faz,client4,Domain4,box,310.h5,65536,528,52384,3297,0.008056640625,0.79931640625,0.0503082275390625,1.0,0.16014558689717925,0.0,1.0
faz,client4,Domain4,box,311.h5,65536,624,50920,3707,0.009521484375,0.7769775390625,0.0565643310546875,1.0,0.16833018613434045,0.0,1.0
faz,client4,Domain4,box,312.h5,65536,572,51848,2531,0.00872802734375,0.7911376953125,0.0386199951171875,1.0,0.22599762939549586,0.012237762237762238,0.9877622377622378
faz,client4,Domain4,box,313.h5,65536,960,46056,5206,0.0146484375,0.7027587890625,0.079437255859375,1.0,0.18440261237034192,0.0,1.0
faz,client4,Domain4,box,314.h5,65536,840,48160,4634,0.0128173828125,0.73486328125,0.070709228515625,1.0,0.18126888217522658,0.0,1.0
faz,client4,Domain4,box,315.h5,65536,784,48230,4726,0.011962890625,0.735931396484375,0.072113037109375,1.0,0.165890816758358,0.0,1.0
faz,client4,Domain4,box,316.h5,65536,1156,44492,6875,0.01763916015625,0.67889404296875,0.1049041748046875,1.0,0.16814545454545454,0.0,1.0
faz,client4,Domain4,box,317.h5,65536,1088,45019,5500,0.0166015625,0.6869354248046875,0.08392333984375,1.0,0.1978181818181818,0.0,1.0
faz,client4,Domain4,box,318.h5,65536,676,50216,4087,0.01031494140625,0.7662353515625,0.0623626708984375,1.0,0.16540249571813065,0.0,1.0
faz,client4,Domain4,box,319.h5,65536,560,52079,2786,0.008544921875,0.7946624755859375,0.042510986328125,1.0,0.20100502512562815,0.0,1.0
faz,client4,Domain4,box,32.h5,65536,728,49524,4624,0.0111083984375,0.75567626953125,0.070556640625,1.0,0.157439446366782,0.0,1.0
faz,client4,Domain4,box,320.h5,65536,252,56710,1274,0.00384521484375,0.865325927734375,0.019439697265625,1.0,0.1978021978021978,0.0,1.0
faz,client4,Domain4,box,321.h5,65536,840,47881,4913,0.0128173828125,0.7306060791015625,0.0749664306640625,1.0,0.17097496438021575,0.0,1.0
faz,client4,Domain4,box,322.h5,65536,780,48514,4991,0.01190185546875,0.740264892578125,0.0761566162109375,1.0,0.1562813063514326,0.0,1.0
faz,client4,Domain4,box,323.h5,65536,840,47756,5328,0.0128173828125,0.72869873046875,0.081298828125,1.0,0.15765765765765766,0.0,1.0
faz,client4,Domain4,box,324.h5,65536,672,50396,3468,0.01025390625,0.76898193359375,0.05291748046875,1.0,0.19377162629757785,0.0,1.0
faz,client4,Domain4,box,325.h5,65536,672,50368,3979,0.01025390625,0.7685546875,0.0607147216796875,1.0,0.16888665493842675,0.0,1.0
faz,client4,Domain4,box,326.h5,65536,484,52448,3258,0.00738525390625,0.80029296875,0.049713134765625,1.0,0.14855739717618172,0.0,1.0
faz,client4,Domain4,box,327.h5,65536,660,50167,3300,0.01007080078125,0.7654876708984375,0.05035400390625,1.0,0.2,0.0,1.0
faz,client4,Domain4,box,328.h5,65536,572,51366,3325,0.00872802734375,0.783782958984375,0.0507354736328125,1.0,0.17203007518796992,0.0,1.0
faz,client4,Domain4,box,329.h5,65536,576,51229,3453,0.0087890625,0.7816925048828125,0.0526885986328125,1.0,0.16681146828844484,0.0,1.0
faz,client4,Domain4,box,33.h5,65536,672,50218,3677,0.01025390625,0.766265869140625,0.0561065673828125,1.0,0.18275768289366331,0.0,1.0
faz,client4,Domain4,box,330.h5,65536,780,48127,4475,0.01190185546875,0.7343597412109375,0.0682830810546875,1.0,0.17430167597765364,0.0,1.0
faz,client4,Domain4,box,331.h5,65536,960,46486,5736,0.0146484375,0.709320068359375,0.0875244140625,1.0,0.16736401673640167,0.0,1.0
faz,client4,Domain4,box,332.h5,65536,1216,42848,6624,0.0185546875,0.65380859375,0.10107421875,1.0,0.18357487922705315,0.0,1.0
faz,client4,Domain4,box,333.h5,65536,960,46494,5328,0.0146484375,0.709442138671875,0.081298828125,1.0,0.18018018018018017,0.0,1.0
faz,client4,Domain4,box,334.h5,65536,960,46900,5047,0.0146484375,0.71563720703125,0.0770111083984375,1.0,0.19021200713295028,0.0,1.0
faz,client4,Domain4,box,335.h5,65536,1088,44874,5381,0.0166015625,0.684722900390625,0.0821075439453125,1.0,0.20219290094777922,0.0,1.0
faz,client4,Domain4,box,336.h5,65536,780,48832,4170,0.01190185546875,0.7451171875,0.063629150390625,0.8974358974358975,0.16786570743405277,0.17051282051282052,0.7269230769230769
faz,client4,Domain4,box,337.h5,65536,784,48498,4637,0.011962890625,0.740020751953125,0.0707550048828125,1.0,0.16907483286607722,0.0,1.0
faz,client4,Domain4,box,338.h5,65536,960,45910,5611,0.0146484375,0.700531005859375,0.0856170654296875,1.0,0.17109249688112635,0.0,1.0
faz,client4,Domain4,box,339.h5,65536,672,50632,3698,0.01025390625,0.7725830078125,0.056427001953125,1.0,0.18171984856679285,0.0,1.0
faz,client4,Domain4,box,34.h5,65536,600,51176,3450,0.0091552734375,0.7808837890625,0.052642822265625,1.0,0.17391304347826086,0.0,1.0
faz,client4,Domain4,box,340.h5,65536,720,50090,4055,0.010986328125,0.764312744140625,0.0618743896484375,1.0,0.17755856966707767,0.0,1.0
faz,client4,Domain4,box,341.h5,65536,728,49236,3735,0.0111083984375,0.75128173828125,0.0569915771484375,1.0,0.19491298527443104,0.0,1.0
faz,client4,Domain4,box,342.h5,65536,364,54740,1942,0.00555419921875,0.83526611328125,0.029632568359375,0.9725274725274725,0.1822863027806385,0.13736263736263737,0.8351648351648352
faz,client4,Domain4,box,343.h5,65536,728,49240,4355,0.0111083984375,0.7513427734375,0.0664520263671875,1.0,0.16716417910447762,0.0,1.0
faz,client4,Domain4,box,344.h5,65536,784,49160,4098,0.011962890625,0.7501220703125,0.062530517578125,1.0,0.1913128355295266,0.0,1.0
faz,client4,Domain4,box,345.h5,65536,1088,43986,5546,0.0166015625,0.671173095703125,0.084625244140625,1.0,0.19617742517129463,0.0,1.0
faz,client4,Domain4,box,346.h5,65536,1020,45124,5650,0.01556396484375,0.68853759765625,0.086212158203125,1.0,0.18053097345132743,0.0,1.0
faz,client4,Domain4,box,347.h5,65536,1260,42054,5859,0.01922607421875,0.641693115234375,0.0894012451171875,1.0,0.21505376344086022,0.004761904761904762,0.9952380952380953
faz,client4,Domain4,box,348.h5,65536,832,48098,4566,0.0126953125,0.733917236328125,0.069671630859375,1.0,0.18221638195356987,0.0,1.0
faz,client4,Domain4,box,349.h5,65536,960,46776,5831,0.0146484375,0.7137451171875,0.0889739990234375,1.0,0.1646372834848225,0.0,1.0
faz,client4,Domain4,box,35.h5,65536,720,49054,4095,0.010986328125,0.748504638671875,0.0624847412109375,1.0,0.17582417582417584,0.0,1.0
faz,client4,Domain4,box,350.h5,65536,1224,43672,6670,0.0186767578125,0.6663818359375,0.101776123046875,1.0,0.18350824587706147,0.0,1.0
faz,client4,Domain4,box,351.h5,65536,1024,45968,5902,0.015625,0.701416015625,0.090057373046875,1.0,0.17350050830227043,0.0,1.0
faz,client4,Domain4,box,352.h5,65536,896,47556,4773,0.013671875,0.72564697265625,0.0728302001953125,1.0,0.18772260632725749,0.0,1.0
faz,client4,Domain4,box,353.h5,65536,960,46768,5475,0.0146484375,0.713623046875,0.0835418701171875,1.0,0.17534246575342466,0.0,1.0
faz,client4,Domain4,box,354.h5,65536,960,46476,6040,0.0146484375,0.70916748046875,0.0921630859375,1.0,0.15894039735099338,0.0,1.0
faz,client4,Domain4,box,355.h5,65536,1152,43936,6445,0.017578125,0.67041015625,0.0983428955078125,1.0,0.17874321179208688,0.0,1.0
faz,client4,Domain4,box,356.h5,65536,676,50083,4029,0.01031494140625,0.7642059326171875,0.0614776611328125,1.0,0.16778356912385206,0.0,1.0
faz,client4,Domain4,box,357.h5,65536,384,54238,2353,0.005859375,0.827606201171875,0.0359039306640625,1.0,0.16319592010199746,0.0,1.0
faz,client4,Domain4,box,358.h5,65536,440,53656,2457,0.0067138671875,0.8187255859375,0.0374908447265625,1.0,0.1790801790801791,0.0,1.0
faz,client4,Domain4,box,359.h5,65536,528,52024,3090,0.008056640625,0.7938232421875,0.047149658203125,1.0,0.170873786407767,0.0,1.0
faz,client4,Domain4,box,36.h5,65536,784,48095,4593,0.011962890625,0.7338714599609375,0.0700836181640625,1.0,0.17069453516220334,0.0,1.0
faz,client4,Domain4,box,360.h5,65536,676,50083,3696,0.01031494140625,0.7642059326171875,0.056396484375,1.0,0.1829004329004329,0.0,1.0
faz,client4,Domain4,box,361.h5,65536,396,54180,2337,0.00604248046875,0.82672119140625,0.0356597900390625,1.0,0.16944801026957637,0.0,1.0
faz,client4,Domain4,box,362.h5,65536,560,51111,2963,0.008544921875,0.7798919677734375,0.0452117919921875,0.9964285714285714,0.1883226459669254,0.06428571428571428,0.9321428571428572
faz,client4,Domain4,box,363.h5,65536,1020,45556,5779,0.01556396484375,0.69512939453125,0.0881805419921875,1.0,0.17650112476206956,0.0,1.0
faz,client4,Domain4,box,364.h5,65536,1024,45536,5734,0.015625,0.69482421875,0.087493896484375,1.0,0.1785838855946983,0.0,1.0
faz,client4,Domain4,box,365.h5,65536,1008,46264,5088,0.015380859375,0.7059326171875,0.07763671875,1.0,0.19811320754716982,0.0,1.0
faz,client4,Domain4,box,366.h5,65536,1088,45164,5546,0.0166015625,0.68914794921875,0.084625244140625,1.0,0.19617742517129463,0.0,1.0
faz,client4,Domain4,box,367.h5,65536,784,48635,4878,0.011962890625,0.7421112060546875,0.074432373046875,1.0,0.16072160721607215,0.0,1.0
faz,client4,Domain4,box,368.h5,65536,1088,45164,5236,0.0166015625,0.68914794921875,0.07989501953125,1.0,0.2077922077922078,0.0,1.0
faz,client4,Domain4,box,369.h5,65536,960,46348,5552,0.0146484375,0.70721435546875,0.084716796875,1.0,0.1729106628242075,0.0,1.0
faz,client4,Domain4,box,37.h5,65536,520,52448,3126,0.0079345703125,0.80029296875,0.047698974609375,1.0,0.16634676903390916,0.0,1.0
faz,client4,Domain4,box,370.h5,65536,952,46292,5279,0.0145263671875,0.70635986328125,0.0805511474609375,1.0,0.18033718507293048,0.0,1.0
faz,client4,Domain4,box,371.h5,65536,576,51475,3330,0.0087890625,0.7854461669921875,0.050811767578125,1.0,0.17297297297297298,0.0,1.0
faz,client4,Domain4,box,372.h5,65536,840,47896,4749,0.0128173828125,0.7308349609375,0.0724639892578125,1.0,0.17687934301958308,0.0,1.0
faz,client4,Domain4,box,373.h5,65536,624,50551,3634,0.009521484375,0.7713470458984375,0.055450439453125,1.0,0.1717116125481563,0.0,1.0
faz,client4,Domain4,box,374.h5,65536,432,53422,2738,0.006591796875,0.815155029296875,0.041778564453125,1.0,0.15777940102264426,0.0,1.0
faz,client4,Domain4,box,375.h5,65536,672,49873,3806,0.01025390625,0.7610015869140625,0.058074951171875,1.0,0.1765633210719916,0.0,1.0
faz,client4,Domain4,box,376.h5,65536,660,50236,3233,0.01007080078125,0.76654052734375,0.0493316650390625,1.0,0.20414475719146305,0.0,1.0
faz,client4,Domain4,box,377.h5,65536,720,50090,3396,0.010986328125,0.764312744140625,0.05181884765625,1.0,0.21201413427561838,0.0,1.0
faz,client4,Domain4,box,378.h5,65536,672,50348,4132,0.01025390625,0.76824951171875,0.06304931640625,1.0,0.16263310745401743,0.0,1.0
faz,client4,Domain4,box,379.h5,65536,676,49956,3692,0.01031494140625,0.76226806640625,0.05633544921875,1.0,0.18309859154929578,0.0,1.0
faz,client4,Domain4,box,38.h5,65536,952,46804,5098,0.0145263671875,0.71417236328125,0.077789306640625,1.0,0.18673989799921537,0.0,1.0
faz,client4,Domain4,box,380.h5,65536,576,51952,3139,0.0087890625,0.792724609375,0.0478973388671875,1.0,0.18349792927683975,0.0,1.0
faz,client4,Domain4,box,381.h5,65536,520,52700,2916,0.0079345703125,0.80413818359375,0.04449462890625,1.0,0.17832647462277093,0.0,1.0
faz,client4,Domain4,box,382.h5,65536,528,52379,3394,0.008056640625,0.7992401123046875,0.051788330078125,1.0,0.15556865055981142,0.0,1.0
faz,client4,Domain4,box,383.h5,65536,624,51292,3049,0.009521484375,0.78265380859375,0.0465240478515625,1.0,0.20465726467694326,0.0016025641025641025,0.9983974358974359
faz,client4,Domain4,box,384.h5,65536,624,50908,3628,0.009521484375,0.77679443359375,0.05535888671875,1.0,0.17199558985667035,0.0,1.0
faz,client4,Domain4,box,385.h5,65536,624,50910,3280,0.009521484375,0.776824951171875,0.050048828125,1.0,0.1902439024390244,0.0,1.0
faz,client4,Domain4,box,386.h5,65536,560,51466,3225,0.008544921875,0.785308837890625,0.0492095947265625,1.0,0.17364341085271318,0.0,1.0
faz,client4,Domain4,box,387.h5,65536,528,52848,2734,0.008056640625,0.806396484375,0.041717529296875,1.0,0.19312362838332114,0.0,1.0
faz,client4,Domain4,box,388.h5,65536,484,53476,2548,0.00738525390625,0.81597900390625,0.03887939453125,1.0,0.18995290423861852,0.0,1.0
faz,client4,Domain4,box,389.h5,65536,528,52042,2743,0.008056640625,0.794097900390625,0.0418548583984375,1.0,0.19248997448049582,0.0,1.0
faz,client4,Domain4,box,39.h5,65536,768,49406,4852,0.01171875,0.753875732421875,0.07403564453125,1.0,0.15828524319868095,0.0,1.0
faz,client4,Domain4,box,390.h5,65536,624,50680,2925,0.009521484375,0.7733154296875,0.0446319580078125,1.0,0.21333333333333335,0.0,1.0
faz,client4,Domain4,box,391.h5,65536,624,50793,3228,0.009521484375,0.7750396728515625,0.04925537109375,1.0,0.19330855018587362,0.0,1.0
faz,client4,Domain4,box,392.h5,65536,572,51608,3474,0.00872802734375,0.7874755859375,0.053009033203125,1.0,0.16465169833045482,0.0,1.0
faz,client4,Domain4,box,393.h5,65536,528,52391,3302,0.008056640625,0.7994232177734375,0.050384521484375,1.0,0.1599030890369473,0.0,1.0
faz,client4,Domain4,box,394.h5,65536,480,52840,3129,0.00732421875,0.8062744140625,0.0477447509765625,1.0,0.15340364333652926,0.0,1.0
faz,client4,Domain4,box,395.h5,65536,624,51404,2861,0.009521484375,0.78436279296875,0.0436553955078125,1.0,0.21810555749737853,0.03365384615384615,0.9663461538461539
faz,client4,Domain4,box,396.h5,65536,352,55058,1811,0.00537109375,0.840118408203125,0.0276336669921875,1.0,0.1943677526228603,0.0,1.0
faz,client4,Domain4,box,397.h5,65536,576,51834,3080,0.0087890625,0.790924072265625,0.0469970703125,1.0,0.18701298701298702,0.0,1.0
faz,client4,Domain4,box,398.h5,65536,576,51350,3084,0.0087890625,0.783538818359375,0.04705810546875,1.0,0.1867704280155642,0.013888888888888888,0.9861111111111112
faz,client4,Domain4,box,399.h5,65536,572,51144,3299,0.00872802734375,0.7803955078125,0.0503387451171875,1.0,0.17338587450742649,0.0,1.0
faz,client4,Domain4,box,4.h5,65536,1296,42652,7251,0.019775390625,0.65081787109375,0.1106414794921875,1.0,0.17873396772858915,0.0,1.0
faz,client4,Domain4,box,40.h5,65536,504,52405,2407,0.0076904296875,0.7996368408203125,0.0367279052734375,1.0,0.20938928126298298,0.013888888888888888,0.9861111111111112
faz,client4,Domain4,box,400.h5,65536,528,52736,2919,0.008056640625,0.8046875,0.0445404052734375,1.0,0.18088386433710174,0.0,1.0
faz,client4,Domain4,box,401.h5,65536,400,54273,2005,0.006103515625,0.8281402587890625,0.0305938720703125,1.0,0.19950124688279303,0.0,1.0
faz,client4,Domain4,box,402.h5,65536,440,53223,2846,0.0067138671875,0.8121185302734375,0.043426513671875,1.0,0.15460295151089248,0.0,1.0
faz,client4,Domain4,box,403.h5,65536,440,53671,2228,0.0067138671875,0.8189544677734375,0.03399658203125,1.0,0.19748653500897667,0.006818181818181818,0.9931818181818182
faz,client4,Domain4,box,404.h5,65536,480,53154,2230,0.00732421875,0.811065673828125,0.034027099609375,1.0,0.21524663677130046,0.020833333333333332,0.9791666666666666
faz,client4,Domain4,box,405.h5,65536,560,51796,2850,0.008544921875,0.79034423828125,0.043487548828125,1.0,0.19649122807017544,0.0,1.0
faz,client4,Domain4,box,406.h5,65536,660,50188,3604,0.01007080078125,0.76580810546875,0.05499267578125,1.0,0.18312985571587126,0.0,1.0
faz,client4,Domain4,box,407.h5,65536,672,49603,3872,0.01025390625,0.7568817138671875,0.05908203125,1.0,0.17355371900826447,0.0,1.0
faz,client4,Domain4,box,408.h5,65536,528,52034,3551,0.008056640625,0.793975830078125,0.0541839599609375,1.0,0.14869050971557307,0.0,1.0
faz,client4,Domain4,box,409.h5,65536,528,51912,3716,0.008056640625,0.7921142578125,0.05670166015625,1.0,0.14208826695371368,0.0,1.0
faz,client4,Domain4,box,41.h5,65536,400,54166,2386,0.006103515625,0.826507568359375,0.036407470703125,1.0,0.16764459346186086,0.0,1.0
faz,client4,Domain4,box,410.h5,65536,624,50914,4011,0.009521484375,0.776885986328125,0.0612030029296875,1.0,0.15557217651458488,0.0,1.0
faz,client4,Domain4,box,411.h5,65536,572,51733,3583,0.00872802734375,0.7893829345703125,0.0546722412109375,1.0,0.15964275746581078,0.0,1.0
faz,client4,Domain4,box,412.h5,65536,572,51249,3758,0.00872802734375,0.7819976806640625,0.057342529296875,1.0,0.1522086216072379,0.0,1.0
faz,client4,Domain4,box,413.h5,65536,572,51260,3713,0.00872802734375,0.78216552734375,0.0566558837890625,1.0,0.15405332615136008,0.0,1.0
faz,client4,Domain4,box,414.h5,65536,728,48978,3618,0.0111083984375,0.747344970703125,0.055206298828125,1.0,0.20121614151464898,0.0,1.0
faz,client4,Domain4,box,415.h5,65536,672,50348,4115,0.01025390625,0.76824951171875,0.0627899169921875,1.0,0.16330498177399758,0.0,1.0
faz,client4,Domain4,box,416.h5,65536,576,51229,3845,0.0087890625,0.7816925048828125,0.0586700439453125,1.0,0.14980494148244472,0.0,1.0
faz,client4,Domain4,box,417.h5,65536,672,50236,4275,0.01025390625,0.76654052734375,0.0652313232421875,1.0,0.15719298245614036,0.0,1.0
faz,client4,Domain4,box,418.h5,65536,624,51040,3396,0.009521484375,0.77880859375,0.05181884765625,1.0,0.18374558303886926,0.0,1.0
faz,client4,Domain4,box,419.h5,65536,572,51757,3037,0.00872802734375,0.7897491455078125,0.0463409423828125,1.0,0.18834376028975963,0.0034965034965034965,0.9965034965034965
faz,client4,Domain4,box,42.h5,65536,840,47756,4848,0.0128173828125,0.72869873046875,0.073974609375,1.0,0.17326732673267325,0.0,1.0
faz,client4,Domain4,box,420.h5,65536,572,52096,3013,0.00872802734375,0.794921875,0.0459747314453125,1.0,0.1898440092930634,0.0,1.0
faz,client4,Domain4,box,421.h5,65536,528,52612,2680,0.008056640625,0.80279541015625,0.0408935546875,1.0,0.19701492537313434,0.0,1.0
faz,client4,Domain4,box,422.h5,65536,560,52316,2919,0.008544921875,0.79827880859375,0.0445404052734375,1.0,0.19184652278177458,0.0,1.0
faz,client4,Domain4,box,423.h5,65536,672,50514,3162,0.01025390625,0.770782470703125,0.048248291015625,1.0,0.2125237191650854,0.004464285714285714,0.9955357142857143
faz,client4,Domain4,box,424.h5,65536,900,47256,5840,0.01373291015625,0.7210693359375,0.089111328125,1.0,0.1541095890410959,0.0,1.0
faz,client4,Domain4,box,425.h5,65536,1088,44578,6436,0.0166015625,0.680206298828125,0.09820556640625,1.0,0.16904909881914232,0.0,1.0
faz,client4,Domain4,box,426.h5,65536,528,52144,2617,0.008056640625,0.795654296875,0.0399322509765625,1.0,0.20175773786778756,0.0,1.0
faz,client4,Domain4,box,427.h5,65536,440,53656,2368,0.0067138671875,0.8187255859375,0.0361328125,1.0,0.1858108108108108,0.0,1.0
faz,client4,Domain4,box,428.h5,65536,560,51796,2808,0.008544921875,0.79034423828125,0.0428466796875,1.0,0.19943019943019943,0.0017857142857142857,0.9982142857142857
faz,client4,Domain4,box,429.h5,65536,560,51796,2793,0.008544921875,0.79034423828125,0.0426177978515625,1.0,0.20050125313283207,0.0035714285714285713,0.9964285714285714
faz,client4,Domain4,box,43.h5,65536,784,49160,4607,0.011962890625,0.7501220703125,0.0702972412109375,1.0,0.17017581940525286,0.0,1.0
faz,client4,Domain4,box,430.h5,65536,1024,45828,4916,0.015625,0.69927978515625,0.07501220703125,1.0,0.2082994304312449,0.0,1.0
faz,client4,Domain4,box,431.h5,65536,936,47252,4348,0.0142822265625,0.72100830078125,0.06634521484375,1.0,0.21527138914443422,0.0,1.0
faz,client4,Domain4,box,432.h5,65536,748,49108,3056,0.01141357421875,0.74932861328125,0.046630859375,1.0,0.24476439790575916,0.02406417112299465,0.9759358288770054
faz,client4,Domain4,box,433.h5,65536,520,52196,2916,0.0079345703125,0.79644775390625,0.04449462890625,1.0,0.17832647462277093,0.0,1.0
faz,client4,Domain4,box,434.h5,65536,676,50083,4256,0.01031494140625,0.7642059326171875,0.06494140625,1.0,0.1588345864661654,0.0,1.0
faz,client4,Domain4,box,435.h5,65536,780,48772,4116,0.01190185546875,0.74420166015625,0.06280517578125,1.0,0.18950437317784258,0.0,1.0
faz,client4,Domain4,box,436.h5,65536,960,46192,4687,0.0146484375,0.704833984375,0.0715179443359375,1.0,0.2048218476637508,0.0,1.0
faz,client4,Domain4,box,437.h5,65536,960,46768,5480,0.0146484375,0.713623046875,0.0836181640625,1.0,0.17518248175182483,0.0,1.0
faz,client4,Domain4,box,438.h5,65536,252,56710,1216,0.00384521484375,0.865325927734375,0.0185546875,1.0,0.20723684210526316,0.0873015873015873,0.9126984126984127
faz,client4,Domain4,box,439.h5,65536,1140,43975,4896,0.01739501953125,0.6710052490234375,0.07470703125,1.0,0.23284313725490197,0.039473684210526314,0.9605263157894737
faz,client4,Domain4,box,44.h5,65536,1156,43740,5164,0.01763916015625,0.66741943359375,0.07879638671875,1.0,0.2238574748257165,0.0,1.0
faz,client4,Domain4,box,440.h5,65536,624,50809,2743,0.009521484375,0.7752838134765625,0.0418548583984375,1.0,0.22748815165876776,0.0,1.0
faz,client4,Domain4,box,441.h5,65536,528,52260,3144,0.008056640625,0.79742431640625,0.0479736328125,1.0,0.16793893129770993,0.0,1.0
faz,client4,Domain4,box,442.h5,65536,672,49603,2934,0.01025390625,0.7568817138671875,0.044769287109375,1.0,0.22903885480572597,0.008928571428571428,0.9910714285714286
faz,client4,Domain4,box,443.h5,65536,540,51932,3111,0.00823974609375,0.79241943359375,0.0474700927734375,1.0,0.17357762777242045,0.0,1.0
faz,client4,Domain4,box,444.h5,65536,528,52264,3051,0.008056640625,0.7974853515625,0.0465545654296875,1.0,0.17305801376597837,0.0,1.0
faz,client4,Domain4,box,445.h5,65536,440,53574,2470,0.0067138671875,0.817474365234375,0.037689208984375,1.0,0.17813765182186234,0.0,1.0
faz,client4,Domain4,box,446.h5,65536,396,53647,2327,0.00604248046875,0.8185882568359375,0.0355072021484375,1.0,0.17017619252256125,0.0,1.0
faz,client4,Domain4,box,447.h5,65536,572,52096,2708,0.00872802734375,0.794921875,0.04132080078125,1.0,0.21122599704579026,0.0034965034965034965,0.9965034965034965
faz,client4,Domain4,box,448.h5,65536,780,48652,4835,0.01190185546875,0.74237060546875,0.0737762451171875,1.0,0.16132368148914167,0.0,1.0
faz,client4,Domain4,box,449.h5,65536,576,51592,3790,0.0087890625,0.7872314453125,0.057830810546875,1.0,0.15197889182058047,0.0,1.0
faz,client4,Domain4,box,45.h5,65536,720,49528,4430,0.010986328125,0.7557373046875,0.067596435546875,1.0,0.16252821670428894,0.0,1.0
faz,client4,Domain4,box,450.h5,65536,672,50095,3436,0.01025390625,0.7643890380859375,0.05242919921875,1.0,0.19557625145518046,0.023809523809523808,0.9761904761904762
faz,client4,Domain4,box,451.h5,65536,676,49829,3658,0.01031494140625,0.7603302001953125,0.055816650390625,1.0,0.18480043739748497,0.022189349112426034,0.977810650887574
faz,client4,Domain4,box,452.h5,65536,624,51285,2976,0.009521484375,0.7825469970703125,0.04541015625,1.0,0.20967741935483872,0.0,1.0
faz,client4,Domain4,box,453.h5,65536,952,46373,5534,0.0145263671875,0.7075958251953125,0.084442138671875,1.0,0.17202746657029275,0.0,1.0
faz,client4,Domain4,box,454.h5,65536,832,48388,4905,0.0126953125,0.73834228515625,0.0748443603515625,1.0,0.16962283384301732,0.0,1.0
faz,client4,Domain4,box,455.h5,65536,1020,46156,5438,0.01556396484375,0.70428466796875,0.082977294921875,1.0,0.1875689591761677,0.0,1.0
faz,client4,Domain4,box,456.h5,65536,624,50920,2874,0.009521484375,0.7769775390625,0.043853759765625,1.0,0.21711899791231734,0.0,1.0
faz,client4,Domain4,box,457.h5,65536,960,46762,4880,0.0146484375,0.713531494140625,0.074462890625,1.0,0.19672131147540983,0.0,1.0
faz,client4,Domain4,box,458.h5,65536,528,52264,2821,0.008056640625,0.7974853515625,0.0430450439453125,1.0,0.1871676710386388,0.0,1.0
faz,client4,Domain4,box,459.h5,65536,572,51366,3147,0.00872802734375,0.783782958984375,0.0480194091796875,1.0,0.1817604067365745,0.0,1.0
faz,client4,Domain4,box,46.h5,65536,936,47097,5106,0.0142822265625,0.7186431884765625,0.077911376953125,1.0,0.18331374853113983,0.0,1.0
faz,client4,Domain4,box,460.h5,65536,624,50672,3117,0.009521484375,0.773193359375,0.0475616455078125,1.0,0.20019249278152068,0.0,1.0
faz,client4,Domain4,box,461.h5,65536,480,52718,3526,0.00732421875,0.804412841796875,0.053802490234375,1.0,0.13613159387407828,0.0,1.0
faz,client4,Domain4,box,462.h5,65536,676,50340,4173,0.01031494140625,0.76812744140625,0.0636749267578125,1.0,0.16199376947040497,0.0,1.0
faz,client4,Domain4,box,463.h5,65536,576,51952,3301,0.0087890625,0.792724609375,0.0503692626953125,1.0,0.17449257800666465,0.0,1.0
faz,client4,Domain4,box,464.h5,65536,884,46964,6151,0.01348876953125,0.71661376953125,0.0938568115234375,1.0,0.1437164688668509,0.0,1.0
faz,client4,Domain4,box,465.h5,65536,480,53272,2781,0.00732421875,0.8128662109375,0.0424346923828125,1.0,0.1725997842502697,0.0,1.0
faz,client4,Domain4,box,466.h5,65536,480,52948,2796,0.00732421875,0.80792236328125,0.04266357421875,1.0,0.17167381974248927,0.0,1.0
faz,client4,Domain4,box,467.h5,65536,484,52680,2472,0.00738525390625,0.8038330078125,0.0377197265625,1.0,0.19579288025889968,0.0,1.0
faz,client4,Domain4,box,468.h5,65536,616,51087,3115,0.0093994140625,0.7795257568359375,0.0475311279296875,1.0,0.19775280898876405,0.00487012987012987,0.9951298701298701
faz,client4,Domain4,box,469.h5,65536,896,47452,5235,0.013671875,0.72406005859375,0.0798797607421875,1.0,0.17115568290353392,0.0,1.0
faz,client4,Domain4,box,47.h5,65536,1008,45663,4955,0.015380859375,0.6967620849609375,0.0756072998046875,1.0,0.20343087790111,0.0,1.0
faz,client4,Domain4,box,470.h5,65536,308,55428,1368,0.00469970703125,0.84576416015625,0.0208740234375,1.0,0.22514619883040934,0.14935064935064934,0.8506493506493507
faz,client4,Domain4,box,471.h5,65536,440,53332,2381,0.0067138671875,0.81378173828125,0.0363311767578125,1.0,0.18479630407391853,0.0,1.0
faz,client4,Domain4,box,472.h5,65536,1292,42528,7131,0.01971435546875,0.64892578125,0.1088104248046875,1.0,0.18118076006170242,0.0,1.0
faz,client4,Domain4,box,473.h5,65536,1156,44344,7330,0.01763916015625,0.6766357421875,0.111846923828125,1.0,0.1577080491132333,0.0,1.0
faz,client4,Domain4,box,474.h5,65536,528,51790,3247,0.008056640625,0.790252685546875,0.0495452880859375,1.0,0.16261164151524485,0.0,1.0
faz,client4,Domain4,box,475.h5,65536,528,52156,3088,0.008056640625,0.79583740234375,0.047119140625,1.0,0.17098445595854922,0.0,1.0
faz,client4,Domain4,box,476.h5,65536,616,51072,3227,0.0093994140625,0.779296875,0.0492401123046875,1.0,0.19088937093275488,0.0,1.0
faz,client4,Domain4,box,477.h5,65536,572,51600,2760,0.00872802734375,0.787353515625,0.0421142578125,1.0,0.2072463768115942,0.0,1.0
faz,client4,Domain4,box,478.h5,65536,528,52384,2494,0.008056640625,0.79931640625,0.038055419921875,1.0,0.21170809943865276,0.0,1.0
faz,client4,Domain4,box,479.h5,65536,672,50514,3977,0.01025390625,0.770782470703125,0.0606842041015625,1.0,0.16897158662308273,0.0,1.0
faz,client4,Domain4,box,48.h5,65536,1152,43474,5845,0.017578125,0.663360595703125,0.0891876220703125,1.0,0.19709153122326775,0.0,1.0
faz,client4,Domain4,box,480.h5,65536,672,50381,3522,0.01025390625,0.7687530517578125,0.053741455078125,1.0,0.19080068143100512,0.0,1.0
faz,client4,Domain4,box,481.h5,65536,676,50464,3369,0.01031494140625,0.77001953125,0.0514068603515625,1.0,0.20065301276343128,0.0,1.0
faz,client4,Domain4,box,482.h5,65536,576,51350,3204,0.0087890625,0.783538818359375,0.04888916015625,1.0,0.1797752808988764,0.0,1.0
faz,client4,Domain4,box,483.h5,65536,484,52331,3104,0.00738525390625,0.7985076904296875,0.04736328125,1.0,0.1559278350515464,0.0,1.0
faz,client4,Domain4,box,484.h5,65536,576,51951,3490,0.0087890625,0.7927093505859375,0.053253173828125,1.0,0.1650429799426934,0.0,1.0
faz,client4,Domain4,box,485.h5,65536,484,52912,3315,0.00738525390625,0.807373046875,0.0505828857421875,1.0,0.1460030165912519,0.0,1.0
faz,client4,Domain4,box,486.h5,65536,884,47448,5209,0.01348876953125,0.7239990234375,0.0794830322265625,1.0,0.16970627759646764,0.0,1.0
faz,client4,Domain4,box,487.h5,65536,440,53556,2552,0.0067138671875,0.81719970703125,0.0389404296875,1.0,0.1724137931034483,0.0,1.0
faz,client4,Domain4,box,488.h5,65536,324,55460,1914,0.00494384765625,0.84625244140625,0.029205322265625,1.0,0.16927899686520376,0.0,1.0
faz,client4,Domain4,box,489.h5,65536,360,54456,2130,0.0054931640625,0.8309326171875,0.032501220703125,1.0,0.16901408450704225,0.0,1.0
faz,client4,Domain4,box,49.h5,65536,1664,37124,8139,0.025390625,0.56646728515625,0.1241912841796875,1.0,0.2044477208502273,0.0,1.0
faz,client4,Domain4,box,490.h5,65536,640,50768,3101,0.009765625,0.774658203125,0.0473175048828125,1.0,0.20638503708481135,0.0296875,0.9703125
faz,client4,Domain4,box,491.h5,65536,840,47611,4720,0.0128173828125,0.7264862060546875,0.072021484375,1.0,0.17796610169491525,0.0,1.0
faz,client4,Domain4,box,492.h5,65536,840,47616,4648,0.0128173828125,0.7265625,0.0709228515625,1.0,0.18072289156626506,0.0,1.0
faz,client4,Domain4,box,493.h5,65536,896,46587,5118,0.013671875,0.7108612060546875,0.078094482421875,1.0,0.17506838608831574,0.0,1.0
faz,client4,Domain4,box,494.h5,65536,784,49030,4576,0.011962890625,0.748138427734375,0.06982421875,1.0,0.17132867132867133,0.0,1.0
faz,client4,Domain4,box,495.h5,65536,780,48772,4501,0.01190185546875,0.74420166015625,0.0686798095703125,1.0,0.17329482337258387,0.0,1.0
faz,client4,Domain4,box,496.h5,65536,676,49829,4305,0.01031494140625,0.7603302001953125,0.0656890869140625,1.0,0.1570267131242741,0.0,1.0
faz,client4,Domain4,box,497.h5,65536,840,48155,4661,0.0128173828125,0.7347869873046875,0.0711212158203125,1.0,0.18021883715940784,0.0,1.0
faz,client4,Domain4,box,498.h5,65536,728,49236,4653,0.0111083984375,0.75128173828125,0.0709991455078125,1.0,0.1564581990113905,0.0,1.0
faz,client4,Domain4,box,499.h5,65536,840,47750,4852,0.0128173828125,0.728607177734375,0.07403564453125,1.0,0.1731244847485573,0.0,1.0
faz,client4,Domain4,box,5.h5,65536,1224,43665,6592,0.0186767578125,0.6662750244140625,0.1005859375,1.0,0.18567961165048544,0.0,1.0
faz,client4,Domain4,box,50.h5,65536,832,47826,5305,0.0126953125,0.729766845703125,0.0809478759765625,1.0,0.15683317624882187,0.0,1.0
faz,client4,Domain4,box,500.h5,65536,672,50218,3833,0.01025390625,0.766265869140625,0.0584869384765625,1.0,0.17531959300808767,0.0,1.0
faz,client4,Domain4,box,501.h5,65536,396,53764,2402,0.00604248046875,0.82037353515625,0.036651611328125,1.0,0.16486261448792672,0.0,1.0
faz,client4,Domain4,box,502.h5,65536,440,53998,2341,0.0067138671875,0.823944091796875,0.0357208251953125,1.0,0.18795386586928664,0.0,1.0
faz,client4,Domain4,box,503.h5,65536,360,54766,2240,0.0054931640625,0.835662841796875,0.0341796875,1.0,0.16071428571428573,0.0,1.0
faz,client4,Domain4,box,504.h5,65536,1296,42652,7977,0.019775390625,0.65081787109375,0.1217193603515625,1.0,0.16246709289206468,0.0,1.0
faz,client4,Domain4,box,505.h5,65536,840,48560,4950,0.0128173828125,0.740966796875,0.075531005859375,1.0,0.1696969696969697,0.0,1.0
faz,client4,Domain4,box,506.h5,65536,468,52820,2518,0.00714111328125,0.80596923828125,0.038421630859375,1.0,0.18586179507545672,0.0,1.0
faz,client4,Domain4,box,507.h5,65536,480,52827,2632,0.00732421875,0.8060760498046875,0.0401611328125,1.0,0.182370820668693,0.0,1.0
faz,client4,Domain4,box,508.h5,65536,572,51972,3173,0.00872802734375,0.79302978515625,0.0484161376953125,1.0,0.18027103687362117,0.0,1.0
faz,client4,Domain4,box,509.h5,65536,440,53880,2311,0.0067138671875,0.8221435546875,0.0352630615234375,1.0,0.1903937689311986,0.0,1.0
faz,client4,Domain4,box,51.h5,65536,720,49679,4523,0.010986328125,0.7580413818359375,0.0690155029296875,1.0,0.15918638072076055,0.0,1.0
faz,client4,Domain4,box,510.h5,65536,572,51858,2850,0.00872802734375,0.791290283203125,0.043487548828125,1.0,0.2007017543859649,0.0,1.0
faz,client4,Domain4,box,511.h5,65536,400,53837,2515,0.006103515625,0.8214874267578125,0.0383758544921875,1.0,0.15904572564612326,0.0,1.0
faz,client4,Domain4,box,512.h5,65536,1088,45317,5859,0.0166015625,0.6914825439453125,0.0894012451171875,1.0,0.18569721795528246,0.0,1.0
faz,client4,Domain4,box,513.h5,65536,780,48956,4705,0.01190185546875,0.74700927734375,0.0717926025390625,1.0,0.16578108395324123,0.0,1.0
faz,client4,Domain4,box,514.h5,65536,672,49994,4519,0.01025390625,0.762847900390625,0.0689544677734375,1.0,0.14870546581102015,0.0,1.0
faz,client4,Domain4,box,515.h5,65536,780,48676,4808,0.01190185546875,0.74273681640625,0.0733642578125,1.0,0.1622296173044925,0.0,1.0
faz,client4,Domain4,box,516.h5,65536,960,46202,5534,0.0146484375,0.704986572265625,0.084442138671875,1.0,0.17347307553306832,0.0,1.0
faz,client4,Domain4,box,517.h5,65536,1200,43216,7361,0.018310546875,0.659423828125,0.1123199462890625,1.0,0.1630213286238283,0.0,1.0
faz,client4,Domain4,box,518.h5,65536,1080,44636,7129,0.0164794921875,0.68109130859375,0.1087799072265625,1.0,0.15149389816243514,0.0,1.0
faz,client4,Domain4,box,519.h5,65536,1428,40516,8171,0.02178955078125,0.61822509765625,0.1246795654296875,1.0,0.174764410720842,0.0,1.0
faz,client4,Domain4,box,52.h5,65536,768,48592,5042,0.01171875,0.741455078125,0.076934814453125,1.0,0.15232050773502578,0.0,1.0
faz,client4,Domain4,box,520.h5,65536,768,49287,4200,0.01171875,0.7520599365234375,0.0640869140625,1.0,0.18285714285714286,0.0,1.0
faz,client4,Domain4,box,521.h5,65536,624,50662,3852,0.009521484375,0.773040771484375,0.05877685546875,1.0,0.16199376947040497,0.0,1.0
faz,client4,Domain4,box,522.h5,65536,672,50095,3553,0.01025390625,0.7643890380859375,0.0542144775390625,1.0,0.1891359414579229,0.0,1.0
faz,client4,Domain4,box,523.h5,65536,660,50420,3704,0.01007080078125,0.76934814453125,0.0565185546875,1.0,0.17818574514038876,0.0,1.0
faz,client4,Domain4,box,524.h5,65536,676,50337,3907,0.01031494140625,0.7680816650390625,0.0596160888671875,1.0,0.17302277962631174,0.0,1.0
faz,client4,Domain4,box,525.h5,65536,960,46336,6434,0.0146484375,0.70703125,0.098175048828125,1.0,0.14920733602735467,0.0,1.0
faz,client4,Domain4,box,526.h5,65536,400,54380,1767,0.006103515625,0.82977294921875,0.0269622802734375,1.0,0.22637238256932654,0.07,0.93
faz,client4,Domain4,box,527.h5,65536,528,52260,2662,0.008056640625,0.79742431640625,0.040618896484375,1.0,0.19834710743801653,0.0,1.0
faz,client4,Domain4,box,528.h5,65536,780,49204,4399,0.01190185546875,0.75079345703125,0.0671234130859375,1.0,0.17731302568765628,0.0,1.0
faz,client4,Domain4,box,529.h5,65536,728,49119,4014,0.0111083984375,0.7494964599609375,0.061248779296875,1.0,0.18136522172396613,0.0,1.0
faz,client4,Domain4,box,53.h5,65536,624,50938,3401,0.009521484375,0.777252197265625,0.0518951416015625,0.9727564102564102,0.17847691855336667,0.07211538461538461,0.9006410256410257
faz,client4,Domain4,box,530.h5,65536,960,46616,5147,0.0146484375,0.7113037109375,0.0785369873046875,1.0,0.18651641733048377,0.0,1.0
faz,client4,Domain4,box,531.h5,65536,1140,43906,5174,0.01739501953125,0.669952392578125,0.078948974609375,1.0,0.22033243138770778,0.0,1.0
faz,client4,Domain4,box,532.h5,65536,1080,44696,5095,0.0164794921875,0.6820068359375,0.0777435302734375,1.0,0.21197252208047104,0.0,1.0
faz,client4,Domain4,box,533.h5,65536,900,47668,5457,0.01373291015625,0.72735595703125,0.0832672119140625,1.0,0.16492578339747113,0.0,1.0
faz,client4,Domain4,box,534.h5,65536,528,52149,3125,0.008056640625,0.7957305908203125,0.0476837158203125,1.0,0.16896,0.0,1.0
faz,client4,Domain4,box,535.h5,65536,624,51280,3871,0.009521484375,0.782470703125,0.0590667724609375,1.0,0.161198656677861,0.0,1.0
faz,client4,Domain4,box,536.h5,65536,528,52264,2964,0.008056640625,0.7974853515625,0.04522705078125,1.0,0.17813765182186234,0.0,1.0
faz,client4,Domain4,box,537.h5,65536,624,51285,3947,0.009521484375,0.7825469970703125,0.0602264404296875,1.0,0.1580947555105143,0.0,1.0
faz,client4,Domain4,box,538.h5,65536,1080,44479,6394,0.0164794921875,0.6786956787109375,0.097564697265625,1.0,0.16890835157960588,0.0,1.0
faz,client4,Domain4,box,539.h5,65536,1200,43523,6559,0.018310546875,0.6641082763671875,0.1000823974609375,1.0,0.18295471870712,0.0,1.0
faz,client4,Domain4,box,54.h5,65536,1140,43411,7497,0.01739501953125,0.6623992919921875,0.1143951416015625,1.0,0.1520608243297319,0.0,1.0
faz,client4,Domain4,box,540.h5,65536,784,49160,4843,0.011962890625,0.7501220703125,0.0738983154296875,1.0,0.16188313029114185,0.0,1.0
faz,client4,Domain4,box,541.h5,65536,900,47396,5220,0.01373291015625,0.72320556640625,0.07965087890625,1.0,0.1724137931034483,0.0,1.0
faz,client4,Domain4,box,542.h5,65536,624,51410,3629,0.009521484375,0.784454345703125,0.0553741455078125,1.0,0.1719481950950675,0.0,1.0
faz,client4,Domain4,box,543.h5,65536,896,47175,5165,0.013671875,0.7198333740234375,0.0788116455078125,1.0,0.1734753146176186,0.0,1.0
faz,client4,Domain4,box,544.h5,65536,896,47972,5547,0.013671875,0.73199462890625,0.0846405029296875,1.0,0.16152875428159366,0.0,1.0
faz,client4,Domain4,box,545.h5,65536,352,55172,1594,0.00537109375,0.84185791015625,0.024322509765625,1.0,0.22082810539523212,0.014204545454545454,0.9857954545454546
faz,client4,Domain4,box,546.h5,65536,528,52034,3268,0.008056640625,0.793975830078125,0.04986572265625,1.0,0.16156670746634028,0.0,1.0
faz,client4,Domain4,box,547.h5,65536,840,48152,5113,0.0128173828125,0.7347412109375,0.0780181884765625,1.0,0.1642871112849599,0.0,1.0
faz,client4,Domain4,box,548.h5,65536,780,48917,4668,0.01190185546875,0.7464141845703125,0.07122802734375,1.0,0.16709511568123395,0.0,1.0
faz,client4,Domain4,box,549.h5,65536,528,52264,2891,0.008056640625,0.7974853515625,0.0441131591796875,1.0,0.18263576617087512,0.0,1.0
faz,client4,Domain4,box,55.h5,65536,1216,43014,7757,0.0185546875,0.656341552734375,0.1183624267578125,1.0,0.15676163465257187,0.0,1.0
faz,client4,Domain4,box,550.h5,65536,572,51848,3187,0.00872802734375,0.7911376953125,0.0486297607421875,1.0,0.17947913398180107,0.0,1.0
faz,client4,Domain4,box,551.h5,65536,1764,37198,9356,0.02691650390625,0.567596435546875,0.14276123046875,1.0,0.18854211201368107,0.0,1.0
faz,client4,Domain4,box,552.h5,65536,1672,37216,9569,0.0255126953125,0.56787109375,0.1460113525390625,1.0,0.1747309018706239,0.0,1.0
faz,client4,Domain4,box,553.h5,65536,672,49603,4348,0.01025390625,0.7568817138671875,0.06634521484375,1.0,0.1545538178472861,0.0,1.0
faz,client4,Domain4,box,554.h5,65536,624,50800,3829,0.009521484375,0.775146484375,0.0584259033203125,1.0,0.16296683207103682,0.0,1.0
faz,client4,Domain4,box,555.h5,65536,784,48365,4565,0.011962890625,0.7379913330078125,0.0696563720703125,1.0,0.17174151150054764,0.0,1.0
faz,client4,Domain4,box,556.h5,65536,672,50143,3854,0.01025390625,0.7651214599609375,0.058807373046875,1.0,0.1743642968344577,0.0,1.0
faz,client4,Domain4,box,557.h5,65536,960,46333,5843,0.0146484375,0.7069854736328125,0.0891571044921875,1.0,0.16429916138969708,0.0,1.0
faz,client4,Domain4,box,558.h5,65536,576,50782,3017,0.0087890625,0.774871826171875,0.0460357666015625,1.0,0.19091813059330462,0.0,1.0
faz,client4,Domain4,box,559.h5,65536,672,49726,3918,0.01025390625,0.758758544921875,0.059783935546875,1.0,0.17151607963246554,0.0,1.0
faz,client4,Domain4,box,56.h5,65536,1440,40600,9040,0.02197265625,0.6195068359375,0.137939453125,1.0,0.1592920353982301,0.0,1.0
faz,client4,Domain4,box,560.h5,65536,728,49240,3945,0.0111083984375,0.7513427734375,0.0601959228515625,1.0,0.18453738910012674,0.0,1.0
faz,client4,Domain4,box,561.h5,65536,676,49829,3836,0.01031494140625,0.7603302001953125,0.05853271484375,1.0,0.1762252346193952,0.0,1.0
faz,client4,Domain4,box,562.h5,65536,784,48500,4110,0.011962890625,0.74005126953125,0.062713623046875,1.0,0.19075425790754258,0.0,1.0
faz,client4,Domain4,box,563.h5,65536,672,50750,3563,0.01025390625,0.774383544921875,0.0543670654296875,1.0,0.18860510805500982,0.0,1.0
faz,client4,Domain4,box,564.h5,65536,840,47764,4852,0.0128173828125,0.72882080078125,0.07403564453125,1.0,0.1731244847485573,0.0,1.0
faz,client4,Domain4,box,565.h5,65536,484,53140,2507,0.00738525390625,0.81085205078125,0.0382537841796875,1.0,0.1930594335859593,0.0,1.0
faz,client4,Domain4,box,566.h5,65536,624,50544,3761,0.009521484375,0.771240234375,0.0573883056640625,1.0,0.16591332092528582,0.0,1.0
faz,client4,Domain4,box,567.h5,65536,528,52612,3092,0.008056640625,0.80279541015625,0.04718017578125,1.0,0.17076326002587322,0.0,1.0
faz,client4,Domain4,box,568.h5,65536,1020,46156,5984,0.01556396484375,0.70428466796875,0.09130859375,1.0,0.17045454545454544,0.0,1.0
faz,client4,Domain4,box,569.h5,65536,528,52376,2888,0.008056640625,0.7991943359375,0.0440673828125,1.0,0.18282548476454294,0.0,1.0
faz,client4,Domain4,box,57.h5,65536,1428,39883,8476,0.02178955078125,0.6085662841796875,0.12933349609375,1.0,0.16847569608305804,0.0,1.0
faz,client4,Domain4,box,570.h5,65536,1200,43048,6421,0.018310546875,0.6568603515625,0.0979766845703125,1.0,0.18688677776047344,0.0,1.0
faz,client4,Domain4,box,571.h5,65536,832,48192,5169,0.0126953125,0.7353515625,0.0788726806640625,1.0,0.16095956664732056,0.0,1.0
faz,client4,Domain4,box,572.h5,65536,676,50084,4282,0.01031494140625,0.76422119140625,0.065338134765625,1.0,0.15787015413358244,0.0,1.0
faz,client4,Domain4,box,573.h5,65536,440,53106,2570,0.0067138671875,0.810333251953125,0.039215087890625,1.0,0.17120622568093385,0.01818181818181818,0.9818181818181818
faz,client4,Domain4,box,574.h5,65536,440,53892,2716,0.0067138671875,0.82232666015625,0.04144287109375,1.0,0.16200294550810015,0.0,1.0
faz,client4,Domain4,box,575.h5,65536,528,52376,3085,0.008056640625,0.7991943359375,0.0470733642578125,1.0,0.17115072933549433,0.0,1.0
faz,client4,Domain4,box,576.h5,65536,952,46373,5430,0.0145263671875,0.7075958251953125,0.082855224609375,1.0,0.17532228360957644,0.0,1.0
faz,client4,Domain4,box,577.h5,65536,1224,43376,6212,0.0186767578125,0.661865234375,0.09478759765625,1.0,0.19703799098518995,0.0,1.0
faz,client4,Domain4,box,578.h5,65536,528,52264,3598,0.008056640625,0.7974853515625,0.054901123046875,1.0,0.14674819344080045,0.0,1.0
faz,client4,Domain4,box,579.h5,65536,1456,42121,9705,0.022216796875,0.6427154541015625,0.1480865478515625,1.0,0.15002575991756825,0.0,1.0
faz,client4,Domain4,box,58.h5,65536,1428,40841,8263,0.02178955078125,0.6231842041015625,0.1260833740234375,1.0,0.17281858889023358,0.0,1.0
faz,client4,Domain4,box,580.h5,65536,660,50188,3728,0.01007080078125,0.76580810546875,0.056884765625,1.0,0.17703862660944206,0.0,1.0
faz,client4,Domain4,box,581.h5,65536,1024,45825,5761,0.015625,0.6992340087890625,0.0879058837890625,1.0,0.17774691893768443,0.0,1.0
faz,client4,Domain4,box,582.h5,65536,840,48288,4678,0.0128173828125,0.73681640625,0.071380615234375,1.0,0.17956391620350576,0.0,1.0
faz,client4,Domain4,box,583.h5,65536,520,52213,3538,0.0079345703125,0.7967071533203125,0.053985595703125,1.0,0.14697569248162803,0.0,1.0
faz,client4,Domain4,box,584.h5,65536,672,50095,3648,0.01025390625,0.7643890380859375,0.0556640625,1.0,0.18421052631578946,0.0,1.0
faz,client4,Domain4,box,585.h5,65536,624,50551,4011,0.009521484375,0.7713470458984375,0.0612030029296875,1.0,0.15557217651458488,0.0,1.0
faz,client4,Domain4,box,586.h5,65536,528,52165,3330,0.008056640625,0.7959747314453125,0.050811767578125,1.0,0.15855855855855855,0.0,1.0
faz,client4,Domain4,box,587.h5,65536,400,54056,2654,0.006103515625,0.8248291015625,0.040496826171875,1.0,0.15071590052750566,0.0,1.0
faz,client4,Domain4,box,588.h5,65536,672,50488,4175,0.01025390625,0.7703857421875,0.0637054443359375,1.0,0.16095808383233534,0.0,1.0
faz,client4,Domain4,box,589.h5,65536,1024,45686,5489,0.015625,0.697113037109375,0.0837554931640625,1.0,0.18655492803789397,0.0,1.0
faz,client4,Domain4,box,59.h5,65536,1512,39923,8177,0.0230712890625,0.6091766357421875,0.1247711181640625,1.0,0.18490889079124373,0.0,1.0
faz,client4,Domain4,box,590.h5,65536,728,49373,3925,0.0111083984375,0.7533721923828125,0.0598907470703125,1.0,0.18547770700636942,0.0,1.0
faz,client4,Domain4,box,591.h5,65536,832,47936,5579,0.0126953125,0.7314453125,0.0851287841796875,1.0,0.1491306685785983,0.0,1.0
faz,client4,Domain4,box,592.h5,65536,624,51160,3249,0.009521484375,0.7806396484375,0.0495758056640625,1.0,0.19205909510618652,0.0,1.0
faz,client4,Domain4,box,593.h5,65536,672,50226,3773,0.01025390625,0.766387939453125,0.0575714111328125,1.0,0.17810760667903525,0.0,1.0
faz,client4,Domain4,box,594.h5,65536,616,50742,3231,0.0093994140625,0.774261474609375,0.0493011474609375,1.0,0.19065304859176727,0.0,1.0
faz,client4,Domain4,box,595.h5,65536,672,49726,4306,0.01025390625,0.758758544921875,0.065704345703125,1.0,0.15606130980027869,0.0,1.0
faz,client4,Domain4,box,596.h5,65536,1008,45530,5824,0.015380859375,0.694732666015625,0.0888671875,1.0,0.17307692307692307,0.0,1.0
faz,client4,Domain4,box,597.h5,65536,672,50500,3701,0.01025390625,0.77056884765625,0.0564727783203125,1.0,0.18157254796001082,0.0,1.0
faz,client4,Domain4,box,598.h5,65536,676,50712,3973,0.01031494140625,0.7738037109375,0.0606231689453125,1.0,0.17014850239114018,0.0,1.0
faz,client4,Domain4,box,599.h5,65536,896,47842,4814,0.013671875,0.730010986328125,0.073455810546875,1.0,0.18612380556709596,0.0,1.0
faz,client4,Domain4,box,6.h5,65536,1152,44394,6228,0.017578125,0.677398681640625,0.09503173828125,1.0,0.18497109826589594,0.0,1.0
faz,client4,Domain4,box,60.h5,65536,1512,39280,8561,0.0230712890625,0.599365234375,0.1306304931640625,1.0,0.17661488143908421,0.0,1.0
faz,client4,Domain4,box,600.h5,65536,784,49290,4771,0.011962890625,0.752105712890625,0.0727996826171875,1.0,0.16432613707818067,0.0,1.0
faz,client4,Domain4,box,601.h5,65536,440,53574,2395,0.0067138671875,0.817474365234375,0.0365447998046875,1.0,0.1837160751565762,0.0,1.0
faz,client4,Domain4,box,602.h5,65536,484,52910,2846,0.00738525390625,0.807342529296875,0.043426513671875,1.0,0.17006324666198172,0.0,1.0
faz,client4,Domain4,box,603.h5,65536,672,50128,3923,0.01025390625,0.764892578125,0.0598602294921875,1.0,0.1712974764211063,0.0,1.0
faz,client4,Domain4,box,604.h5,65536,660,50326,4255,0.01007080078125,0.767913818359375,0.0649261474609375,1.0,0.15511163337250294,0.0,1.0
faz,client4,Domain4,box,605.h5,65536,704,49824,3608,0.0107421875,0.76025390625,0.0550537109375,1.0,0.1951219512195122,0.0,1.0
faz,client4,Domain4,box,606.h5,65536,840,48022,4337,0.0128173828125,0.732757568359375,0.0661773681640625,1.0,0.1936822688494351,0.0,1.0
faz,client4,Domain4,box,607.h5,65536,832,48080,4757,0.0126953125,0.733642578125,0.0725860595703125,0.9903846153846154,0.17321841496741644,0.04807692307692308,0.9423076923076923
faz,client4,Domain4,box,608.h5,65536,896,46734,5358,0.013671875,0.713104248046875,0.081756591796875,1.0,0.16722657708100036,0.0,1.0
faz,client4,Domain4,box,609.h5,65536,832,48388,4437,0.0126953125,0.73834228515625,0.0677032470703125,1.0,0.1875140860942078,0.0,1.0
faz,client4,Domain4,box,61.h5,65536,520,52306,2647,0.0079345703125,0.798126220703125,0.0403900146484375,1.0,0.19644880997355496,0.0019230769230769232,0.9980769230769231
faz,client4,Domain4,box,610.h5,65536,720,49420,4324,0.010986328125,0.75408935546875,0.06597900390625,1.0,0.16651248843663274,0.0,1.0
faz,client4,Domain4,box,611.h5,65536,840,48424,4697,0.0128173828125,0.7388916015625,0.0716705322265625,1.0,0.17883755588673622,0.0,1.0
faz,client4,Domain4,box,612.h5,65536,840,48018,4948,0.0128173828125,0.732696533203125,0.07550048828125,1.0,0.16976556184316896,0.0,1.0
faz,client4,Domain4,box,613.h5,65536,840,48167,4793,0.0128173828125,0.7349700927734375,0.0731353759765625,1.0,0.17525558105570624,0.0,1.0
faz,client4,Domain4,box,614.h5,65536,784,48632,4657,0.011962890625,0.7420654296875,0.0710601806640625,1.0,0.16834872235344642,0.0,1.0
faz,client4,Domain4,box,615.h5,65536,676,50216,4444,0.01031494140625,0.7662353515625,0.06781005859375,1.0,0.15211521152115212,0.0,1.0
faz,client4,Domain4,box,616.h5,65536,672,50357,3955,0.01025390625,0.7683868408203125,0.0603485107421875,1.0,0.16991150442477876,0.0,1.0
faz,client4,Domain4,box,617.h5,65536,672,50357,3955,0.01025390625,0.7683868408203125,0.0603485107421875,1.0,0.16991150442477876,0.0,1.0
faz,client4,Domain4,box,618.h5,65536,728,49254,4358,0.0111083984375,0.751556396484375,0.066497802734375,1.0,0.16704910509407986,0.0,1.0
faz,client4,Domain4,box,619.h5,65536,1152,44394,6507,0.017578125,0.677398681640625,0.0992889404296875,1.0,0.17704011065006917,0.0,1.0
faz,client4,Domain4,box,62.h5,65536,1152,43462,6460,0.017578125,0.663177490234375,0.09857177734375,1.0,0.178328173374613,0.0,1.0
faz,client4,Domain4,box,620.h5,65536,624,50908,3318,0.009521484375,0.77679443359375,0.050628662109375,1.0,0.18806509945750452,0.0,1.0
faz,client4,Domain4,box,621.h5,65536,988,45788,5218,0.01507568359375,0.69866943359375,0.079620361328125,1.0,0.18934457646607897,0.0,1.0
faz,client4,Domain4,box,622.h5,65536,780,48816,4160,0.01190185546875,0.744873046875,0.0634765625,1.0,0.1875,0.0,1.0
faz,client4,Domain4,box,623.h5,65536,784,49290,4868,0.011962890625,0.752105712890625,0.07427978515625,1.0,0.16105176663927692,0.0,1.0
faz,client4,Domain4,box,624.h5,65536,676,50588,3785,0.01031494140625,0.77191162109375,0.0577545166015625,1.0,0.1785997357992074,0.0,1.0
faz,client4,Domain4,box,625.h5,65536,572,51144,3652,0.00872802734375,0.7803955078125,0.05572509765625,1.0,0.1566265060240964,0.0,1.0
faz,client4,Domain4,box,626.h5,65536,960,47042,5665,0.0146484375,0.717803955078125,0.0864410400390625,1.0,0.16946160635481025,0.0,1.0
faz,client4,Domain4,box,627.h5,65536,1080,44812,5885,0.0164794921875,0.68377685546875,0.0897979736328125,1.0,0.18351741716227699,0.0,1.0
faz,client4,Domain4,box,628.h5,65536,720,49596,3875,0.010986328125,0.75677490234375,0.0591278076171875,1.0,0.18580645161290324,0.0,1.0
faz,client4,Domain4,box,629.h5,65536,780,48385,4412,0.01190185546875,0.7382965087890625,0.06732177734375,1.0,0.1767905711695376,0.0,1.0
faz,client4,Domain4,box,63.h5,65536,1024,45539,6097,0.015625,0.6948699951171875,0.0930328369140625,1.0,0.16795145153354107,0.0,1.0
faz,client4,Domain4,box,630.h5,65536,520,52322,2820,0.0079345703125,0.798370361328125,0.04302978515625,1.0,0.18439716312056736,0.0,1.0
faz,client4,Domain4,box,631.h5,65536,1216,43424,5995,0.0185546875,0.66259765625,0.0914764404296875,1.0,0.20283569641367807,0.0,1.0
faz,client4,Domain4,box,632.h5,65536,1292,42195,7262,0.01971435546875,0.6438446044921875,0.110809326171875,1.0,0.17791242082071054,0.0,1.0
faz,client4,Domain4,box,633.h5,65536,1156,44492,6843,0.01763916015625,0.67889404296875,0.1044158935546875,1.0,0.1689317550781821,0.0,1.0
faz,client4,Domain4,box,634.h5,65536,960,46056,5320,0.0146484375,0.7027587890625,0.0811767578125,1.0,0.18045112781954886,0.0,1.0
faz,client4,Domain4,box,635.h5,65536,616,51072,3779,0.0093994140625,0.779296875,0.0576629638671875,1.0,0.163006086266208,0.0,1.0
faz,client4,Domain4,box,636.h5,65536,900,47667,5218,0.01373291015625,0.7273406982421875,0.079620361328125,1.0,0.17247987734764278,0.0,1.0
faz,client4,Domain4,box,637.h5,65536,400,54166,2096,0.006103515625,0.826507568359375,0.031982421875,1.0,0.19083969465648856,0.0,1.0
faz,client4,Domain4,box,638.h5,65536,832,48350,4307,0.0126953125,0.737762451171875,0.0657196044921875,1.0,0.1931739029486882,0.0,1.0
faz,client4,Domain4,box,639.h5,65536,576,51834,2185,0.0087890625,0.790924072265625,0.0333404541015625,0.7552083333333334,0.19908466819221968,0.20833333333333334,0.546875
faz,client4,Domain4,box,64.h5,65536,1224,43820,6358,0.0186767578125,0.66864013671875,0.097015380859375,1.0,0.1925133689839572,0.0,1.0
faz,client4,Domain4,box,640.h5,65536,704,49776,2912,0.0107421875,0.759521484375,0.04443359375,1.0,0.24175824175824176,0.029829545454545456,0.9701704545454546
faz,client4,Domain4,box,641.h5,65536,728,49500,4424,0.0111083984375,0.75531005859375,0.0675048828125,1.0,0.16455696202531644,0.0,1.0
faz,client4,Domain4,box,642.h5,65536,576,51598,3434,0.0087890625,0.787322998046875,0.052398681640625,1.0,0.16773442050087362,0.0,1.0
faz,client4,Domain4,box,643.h5,65536,672,49972,3687,0.01025390625,0.76251220703125,0.0562591552734375,1.0,0.1822620016273393,0.0,1.0
faz,client4,Domain4,box,644.h5,65536,616,51462,3158,0.0093994140625,0.785247802734375,0.048187255859375,1.0,0.19506016466117795,0.0,1.0
faz,client4,Domain4,box,645.h5,65536,1020,45124,6391,0.01556396484375,0.68853759765625,0.0975189208984375,1.0,0.15959943670787044,0.0,1.0
faz,client4,Domain4,box,646.h5,65536,676,49956,3984,0.01031494140625,0.76226806640625,0.060791015625,1.0,0.16967871485943775,0.0,1.0
faz,client4,Domain4,box,647.h5,65536,660,49816,3572,0.01007080078125,0.7601318359375,0.05450439453125,1.0,0.18477043673012317,0.0,1.0
faz,client4,Domain4,box,648.h5,65536,624,50809,3513,0.009521484375,0.7752838134765625,0.0536041259765625,1.0,0.1776259607173356,0.0016025641025641025,0.9983974358974359
faz,client4,Domain4,box,649.h5,65536,624,50662,3713,0.009521484375,0.773040771484375,0.0566558837890625,1.0,0.16805817398330192,0.0,1.0
faz,client4,Domain4,box,65.h5,65536,1296,42026,6637,0.019775390625,0.641265869140625,0.1012725830078125,1.0,0.19526894681331927,0.0,1.0
faz,client4,Domain4,box,650.h5,65536,396,54293,2353,0.00604248046875,0.8284454345703125,0.0359039306640625,1.0,0.16829579260518487,0.0,1.0
faz,client4,Domain4,box,651.h5,65536,480,52978,2769,0.00732421875,0.808380126953125,0.0422515869140625,1.0,0.1733477789815818,0.0,1.0
faz,client4,Domain4,box,652.h5,65536,528,51912,3460,0.008056640625,0.7921142578125,0.05279541015625,1.0,0.15260115606936417,0.0,1.0
faz,client4,Domain4,box,653.h5,65536,900,46978,5542,0.01373291015625,0.716827392578125,0.084564208984375,1.0,0.1623962468422952,0.0,1.0
faz,client4,Domain4,box,654.h5,65536,840,47746,4944,0.0128173828125,0.728546142578125,0.075439453125,1.0,0.16990291262135923,0.0,1.0
faz,client4,Domain4,box,655.h5,65536,528,52034,3137,0.008056640625,0.793975830078125,0.0478668212890625,1.0,0.16831367548613324,0.0,1.0
faz,client4,Domain4,box,656.h5,65536,728,49648,4123,0.0111083984375,0.757568359375,0.0629119873046875,1.0,0.1765704584040747,0.0,1.0
faz,client4,Domain4,box,657.h5,65536,900,47940,5354,0.01373291015625,0.73150634765625,0.081695556640625,1.0,0.16809861785580874,0.0,1.0
faz,client4,Domain4,box,658.h5,65536,1024,45539,5809,0.015625,0.6948699951171875,0.0886383056640625,1.0,0.1762781890170425,0.0,1.0
faz,client4,Domain4,box,659.h5,65536,1584,38910,10026,0.024169921875,0.593719482421875,0.152984619140625,1.0,0.15798922800718132,0.0,1.0
faz,client4,Domain4,box,66.h5,65536,728,49107,4284,0.0111083984375,0.7493133544921875,0.06536865234375,1.0,0.16993464052287582,0.0,1.0
faz,client4,Domain4,box,660.h5,65536,900,47119,6465,0.01373291015625,0.7189788818359375,0.0986480712890625,1.0,0.13921113689095127,0.0,1.0
faz,client4,Domain4,box,661.h5,65536,624,51280,4133,0.009521484375,0.782470703125,0.0630645751953125,1.0,0.15097991773530123,0.0,1.0
faz,client4,Domain4,box,662.h5,65536,1156,43589,6922,0.01763916015625,0.6651153564453125,0.105621337890625,1.0,0.16700375613984397,0.0,1.0
faz,client4,Domain4,box,663.h5,65536,952,45986,6042,0.0145263671875,0.701690673828125,0.092193603515625,1.0,0.1575637206223105,0.0,1.0
faz,client4,Domain4,box,664.h5,65536,780,48956,4279,0.01190185546875,0.74700927734375,0.0652923583984375,1.0,0.18228558074316428,0.0,1.0
faz,client4,Domain4,box,665.h5,65536,676,49958,4019,0.01031494140625,0.762298583984375,0.0613250732421875,1.0,0.16820104503607863,0.0,1.0
faz,client4,Domain4,box,666.h5,65536,780,48816,4001,0.01190185546875,0.744873046875,0.0610504150390625,1.0,0.19495126218445388,0.0,1.0
faz,client4,Domain4,box,667.h5,65536,1024,45535,5301,0.015625,0.6948089599609375,0.0808868408203125,1.0,0.19317109979249197,0.0,1.0
faz,client4,Domain4,box,668.h5,65536,896,47568,5835,0.013671875,0.725830078125,0.0890350341796875,1.0,0.1535561268209083,0.0,1.0
faz,client4,Domain4,box,669.h5,65536,816,47533,4569,0.012451171875,0.7252960205078125,0.0697174072265625,1.0,0.17859487852921865,0.0,1.0
faz,client4,Domain4,box,67.h5,65536,784,49290,4306,0.011962890625,0.752105712890625,0.065704345703125,1.0,0.18207152810032512,0.0,1.0
faz,client4,Domain4,box,670.h5,65536,960,46051,5134,0.0146484375,0.7026824951171875,0.078338623046875,1.0,0.18698870276587456,0.0,1.0
faz,client4,Domain4,box,671.h5,65536,896,47028,5190,0.013671875,0.71759033203125,0.079193115234375,1.0,0.17263969171483623,0.0,1.0
faz,client4,Domain4,box,672.h5,65536,784,48095,5119,0.011962890625,0.7338714599609375,0.0781097412109375,1.0,0.1531549130689588,0.0,1.0
faz,client4,Domain4,box,673.h5,65536,1088,44868,6523,0.0166015625,0.68463134765625,0.0995330810546875,1.0,0.16679441974551587,0.0,1.0
faz,client4,Domain4,box,674.h5,65536,768,48469,4880,0.01171875,0.7395782470703125,0.074462890625,1.0,0.15737704918032788,0.0,1.0
faz,client4,Domain4,box,675.h5,65536,900,47256,5228,0.01373291015625,0.7210693359375,0.07977294921875,1.0,0.17214996174445293,0.0,1.0
faz,client4,Domain4,box,676.h5,65536,624,50422,3754,0.009521484375,0.769378662109375,0.057281494140625,1.0,0.1662226957911561,0.0,1.0
faz,client4,Domain4,box,677.h5,65536,1088,44724,7262,0.0166015625,0.68243408203125,0.110809326171875,1.0,0.14982098595428256,0.0,1.0
faz,client4,Domain4,box,678.h5,65536,840,48566,5195,0.0128173828125,0.741058349609375,0.0792694091796875,1.0,0.1616939364773821,0.0,1.0
faz,client4,Domain4,box,679.h5,65536,840,47881,5145,0.0128173828125,0.7306060791015625,0.0785064697265625,1.0,0.16326530612244897,0.0,1.0
faz,client4,Domain4,box,68.h5,65536,780,49316,4250,0.01190185546875,0.75250244140625,0.064849853515625,1.0,0.18352941176470589,0.0,1.0
faz,client4,Domain4,box,680.h5,65536,784,48364,4508,0.011962890625,0.73797607421875,0.06878662109375,1.0,0.17391304347826086,0.0,1.0
faz,client4,Domain4,box,681.h5,65536,1200,43189,7599,0.018310546875,0.6590118408203125,0.1159515380859375,1.0,0.15791551519936833,0.0,1.0
faz,client4,Domain4,box,682.h5,65536,728,49373,3236,0.0111083984375,0.7533721923828125,0.04937744140625,1.0,0.2249690976514215,0.02197802197802198,0.978021978021978
faz,client4,Domain4,box,683.h5,65536,960,46474,5332,0.0146484375,0.709136962890625,0.08135986328125,1.0,0.1800450112528132,0.0,1.0
faz,client4,Domain4,box,684.h5,65536,624,50551,4210,0.009521484375,0.7713470458984375,0.064239501953125,1.0,0.14821852731591448,0.0,1.0
faz,client4,Domain4,box,685.h5,65536,1024,45244,6392,0.015625,0.69036865234375,0.0975341796875,1.0,0.16020025031289112,0.0,1.0
faz,client4,Domain4,box,686.h5,65536,960,46336,6206,0.0146484375,0.70703125,0.094696044921875,1.0,0.15468901063486948,0.0,1.0
faz,client4,Domain4,box,687.h5,65536,728,49648,4077,0.0111083984375,0.757568359375,0.0622100830078125,1.0,0.1785626686288938,0.0,1.0
faz,client4,Domain4,box,688.h5,65536,576,51352,3775,0.0087890625,0.7835693359375,0.0576019287109375,1.0,0.15258278145695364,0.0,1.0
faz,client4,Domain4,box,689.h5,65536,784,48365,3967,0.011962890625,0.7379913330078125,0.0605316162109375,1.0,0.19763045122258635,0.0,1.0
faz,client4,Domain4,box,69.h5,65536,1024,45245,5735,0.015625,0.6903839111328125,0.0875091552734375,1.0,0.1785527462946818,0.0,1.0
faz,client4,Domain4,box,690.h5,65536,784,48766,4744,0.011962890625,0.744110107421875,0.0723876953125,1.0,0.16526138279932545,0.0,1.0
faz,client4,Domain4,box,691.h5,65536,1260,42471,6012,0.01922607421875,0.6480560302734375,0.09173583984375,1.0,0.20958083832335328,0.0,1.0
faz,client4,Domain4,box,692.h5,65536,784,48230,4468,0.011962890625,0.735931396484375,0.06817626953125,1.0,0.17547000895255147,0.0,1.0
faz,client4,Domain4,box,693.h5,65536,960,46905,5486,0.0146484375,0.7157135009765625,0.083709716796875,1.0,0.17499088589135983,0.0,1.0
faz,client4,Domain4,box,694.h5,65536,784,49030,3939,0.011962890625,0.748138427734375,0.0601043701171875,1.0,0.19903528814419905,0.0,1.0
faz,client4,Domain4,box,695.h5,65536,360,54346,2210,0.0054931640625,0.829254150390625,0.033721923828125,1.0,0.16289592760180996,0.0,1.0
faz,client4,Domain4,box,696.h5,65536,784,48498,5162,0.011962890625,0.740020751953125,0.078765869140625,1.0,0.15187911662146455,0.0,1.0
faz,client4,Domain4,box,697.h5,65536,960,46348,6204,0.0146484375,0.70721435546875,0.09466552734375,1.0,0.15473887814313347,0.0,1.0
faz,client4,Domain4,box,698.h5,65536,1152,43648,5868,0.017578125,0.666015625,0.08953857421875,1.0,0.19631901840490798,0.0,1.0
faz,client4,Domain4,box,699.h5,65536,884,47920,5042,0.01348876953125,0.731201171875,0.076934814453125,1.0,0.17532725109083697,0.0,1.0
faz,client4,Domain4,box,7.h5,65536,960,46758,4737,0.0146484375,0.713470458984375,0.0722808837890625,1.0,0.2026599113362888,0.0,1.0
faz,client4,Domain4,box,70.h5,65536,780,48772,4579,0.01190185546875,0.74420166015625,0.0698699951171875,1.0,0.17034286962218825,0.0,1.0
faz,client4,Domain4,box,700.h5,65536,1024,45682,5752,0.015625,0.697052001953125,0.0877685546875,1.0,0.1780250347705146,0.0,1.0
faz,client4,Domain4,box,701.h5,65536,480,52585,3023,0.00732421875,0.8023834228515625,0.0461273193359375,1.0,0.1587826662256037,0.0,1.0
faz,client4,Domain4,box,702.h5,65536,1020,45547,6501,0.01556396484375,0.6949920654296875,0.0991973876953125,1.0,0.15689893862482696,0.0,1.0
faz,client4,Domain4,box,703.h5,65536,1088,45312,5272,0.0166015625,0.69140625,0.0804443359375,1.0,0.20637329286798178,0.0,1.0
faz,client4,Domain4,box,704.h5,65536,624,51056,3994,0.009521484375,0.779052734375,0.060943603515625,1.0,0.15623435152729093,0.0,1.0
faz,client4,Domain4,box,705.h5,65536,440,53544,2655,0.0067138671875,0.8170166015625,0.0405120849609375,1.0,0.1657250470809793,0.0,1.0
faz,client4,Domain4,box,706.h5,65536,616,50840,3548,0.0093994140625,0.7757568359375,0.05413818359375,1.0,0.17361894024802707,0.0,1.0
faz,client4,Domain4,box,707.h5,65536,1344,41622,6889,0.0205078125,0.635101318359375,0.1051177978515625,1.0,0.19509362752213674,0.0,1.0
faz,client4,Domain4,box,708.h5,65536,840,47750,4942,0.0128173828125,0.728607177734375,0.075408935546875,1.0,0.16997167138810199,0.0,1.0
faz,client4,Domain4,box,71.h5,65536,352,54814,2180,0.00537109375,0.836395263671875,0.03326416015625,1.0,0.1614678899082569,0.0,1.0
faz,client4,Domain4,box,72.h5,65536,396,53857,2542,0.00604248046875,0.8217926025390625,0.038787841796875,1.0,0.15578284815106216,0.0,1.0
faz,client4,Domain4,box,73.h5,65536,480,53045,2428,0.00732421875,0.8094024658203125,0.03704833984375,1.0,0.19769357495881384,0.0,1.0
faz,client4,Domain4,box,74.h5,65536,432,53473,2350,0.006591796875,0.8159332275390625,0.035858154296875,1.0,0.18382978723404256,0.0,1.0
faz,client4,Domain4,box,75.h5,65536,1200,42907,6569,0.018310546875,0.6547088623046875,0.1002349853515625,1.0,0.18267620642411325,0.0,1.0
faz,client4,Domain4,box,76.h5,65536,1360,41696,7525,0.020751953125,0.63623046875,0.1148223876953125,1.0,0.18073089700996678,0.0,1.0
faz,client4,Domain4,box,77.h5,65536,1224,43367,6897,0.0186767578125,0.6617279052734375,0.1052398681640625,1.0,0.17746846454980425,0.0,1.0
faz,client4,Domain4,box,78.h5,65536,1296,41552,8527,0.019775390625,0.634033203125,0.1301116943359375,1.0,0.15198780344787147,0.0,1.0
faz,client4,Domain4,box,79.h5,65536,728,49365,4391,0.0111083984375,0.7532501220703125,0.0670013427734375,1.0,0.16579366886813937,0.0,1.0
faz,client4,Domain4,box,8.h5,65536,1088,44724,6406,0.0166015625,0.68243408203125,0.097747802734375,1.0,0.169840774274118,0.0,1.0
faz,client4,Domain4,box,80.h5,65536,728,49772,3849,0.0111083984375,0.75946044921875,0.0587310791015625,1.0,0.1891400363730839,0.0,1.0
faz,client4,Domain4,box,81.h5,65536,728,50020,4167,0.0111083984375,0.76324462890625,0.0635833740234375,1.0,0.17470602351811856,0.0,1.0
faz,client4,Domain4,box,82.h5,65536,624,51156,3596,0.009521484375,0.78057861328125,0.05487060546875,1.0,0.1735261401557286,0.0,1.0
faz,client4,Domain4,box,83.h5,65536,624,50539,3861,0.009521484375,0.7711639404296875,0.0589141845703125,1.0,0.16161616161616163,0.0,1.0
faz,client4,Domain4,box,84.h5,65536,840,47884,4555,0.0128173828125,0.73065185546875,0.0695037841796875,1.0,0.18441273326015367,0.0,1.0
faz,client4,Domain4,box,85.h5,65536,1024,46111,5316,0.015625,0.7035980224609375,0.08111572265625,1.0,0.1926260346124906,0.0,1.0
faz,client4,Domain4,box,86.h5,65536,780,48524,4510,0.01190185546875,0.74041748046875,0.068817138671875,1.0,0.1729490022172949,0.0,1.0
faz,client4,Domain4,box,87.h5,65536,840,47746,4867,0.0128173828125,0.728546142578125,0.0742645263671875,1.0,0.17259091843024452,0.0,1.0
faz,client4,Domain4,box,88.h5,65536,960,47042,5196,0.0146484375,0.717803955078125,0.07928466796875,1.0,0.18475750577367206,0.0,1.0
faz,client4,Domain4,box,89.h5,65536,676,50462,3357,0.01031494140625,0.769989013671875,0.0512237548828125,1.0,0.2013702710753649,0.0,1.0
faz,client4,Domain4,box,9.h5,65536,288,55926,1825,0.00439453125,0.853363037109375,0.0278472900390625,1.0,0.1578082191780822,0.0,1.0
faz,client4,Domain4,box,90.h5,65536,440,53786,2535,0.0067138671875,0.820709228515625,0.0386810302734375,1.0,0.17357001972386588,0.0,1.0
faz,client4,Domain4,box,91.h5,65536,624,51047,3713,0.009521484375,0.7789154052734375,0.0566558837890625,1.0,0.16805817398330192,0.0,1.0
faz,client4,Domain4,box,92.h5,65536,572,51618,2863,0.00872802734375,0.787628173828125,0.0436859130859375,1.0,0.19979042961928048,0.012237762237762238,0.9877622377622378
faz,client4,Domain4,box,93.h5,65536,1156,44196,4981,0.01763916015625,0.67437744140625,0.0760040283203125,1.0,0.23208191126279865,0.03806228373702422,0.9619377162629758
faz,client4,Domain4,box,94.h5,65536,840,47746,4591,0.0128173828125,0.728546142578125,0.0700531005859375,1.0,0.18296667392724897,0.0,1.0
faz,client4,Domain4,box,95.h5,65536,1156,43895,6453,0.01763916015625,0.6697845458984375,0.0984649658203125,1.0,0.17914148458081514,0.0,1.0
faz,client4,Domain4,box,96.h5,65536,960,46756,5497,0.0146484375,0.71343994140625,0.0838775634765625,1.0,0.1746407131162452,0.0,1.0
faz,client4,Domain4,box,97.h5,65536,624,51040,2544,0.009521484375,0.77880859375,0.038818359375,0.9663461538461539,0.23702830188679244,0.1955128205128205,0.7708333333333334
faz,client4,Domain4,box,98.h5,65536,900,47254,5806,0.01373291015625,0.721038818359375,0.088592529296875,1.0,0.1550120564932828,0.0,1.0
faz,client4,Domain4,box,99.h5,65536,624,51174,3683,0.009521484375,0.780853271484375,0.0561981201171875,1.0,0.1694270974748846,0.0,1.0
faz,client5,Domain5,scribble,01.h5,65536,402,2379,3106,0.006134033203125,0.0363006591796875,0.047393798828125,1.0,0.12942691564713457,0.3756218905472637,0.6243781094527363
faz,client5,Domain5,scribble,02.h5,65536,364,2314,2760,0.00555419921875,0.035308837890625,0.0421142578125,1.0,0.1318840579710145,0.4478021978021978,0.5521978021978022
faz,client5,Domain5,scribble,03.h5,65536,170,388,2860,0.002593994140625,0.00592041015625,0.04364013671875,1.0,0.05944055944055944,0.4588235294117647,0.5411764705882353
faz,client5,Domain5,scribble,04.h5,65536,175,2196,3286,0.0026702880859375,0.03350830078125,0.050140380859375,1.0,0.053256238587948874,0.4057142857142857,0.5942857142857143
faz,client5,Domain5,scribble,05.h5,65536,217,2354,6165,0.0033111572265625,0.035919189453125,0.0940704345703125,1.0,0.03519870235198702,0.6036866359447005,0.39631336405529954
faz,client5,Domain5,scribble,06.h5,65536,451,2598,6270,0.0068817138671875,0.039642333984375,0.095672607421875,1.0,0.07192982456140351,0.28824833702882485,0.7117516629711752
faz,client5,Domain5,scribble,07.h5,65536,363,2425,4348,0.0055389404296875,0.0370025634765625,0.06634521484375,1.0,0.08348666053357866,0.5509641873278237,0.4490358126721763
faz,client5,Domain5,scribble,08.h5,65536,461,2452,3172,0.0070343017578125,0.03741455078125,0.04840087890625,1.0,0.1453341740226986,0.4793926247288503,0.5206073752711496
faz,client5,Domain5,scribble,09.h5,65536,159,2062,1864,0.0024261474609375,0.031463623046875,0.0284423828125,1.0,0.08530042918454936,0.7610062893081762,0.2389937106918239
faz,client5,Domain5,scribble,10.h5,65536,222,2201,2455,0.003387451171875,0.0335845947265625,0.0374603271484375,1.0,0.09042769857433809,0.2747747747747748,0.7252252252252253
faz,client5,Domain5,scribble,11.h5,65536,171,2014,1141,0.0026092529296875,0.030731201171875,0.0174102783203125,1.0,0.14986853637160386,0.5555555555555556,0.4444444444444444
faz,client5,Domain5,scribble,12.h5,65536,110,2000,1337,0.001678466796875,0.030517578125,0.0204010009765625,1.0,0.08227374719521316,0.5363636363636364,0.4636363636363636
faz,client5,Domain5,scribble,13.h5,65536,756,930,8844,0.01153564453125,0.014190673828125,0.13494873046875,1.0,0.08548168249660787,0.3664021164021164,0.6335978835978836
faz,client5,Domain5,scribble,14.h5,65536,461,2603,6572,0.0070343017578125,0.0397186279296875,0.10028076171875,1.0,0.07014607425441266,0.7071583514099783,0.2928416485900217
faz,client5,Domain5,scribble,15.h5,65536,445,623,4489,0.0067901611328125,0.0095062255859375,0.0684967041015625,1.0,0.09913120962352417,0.5797752808988764,0.4202247191011236
faz,client5,Domain5,scribble,16.h5,65536,422,2483,4491,0.006439208984375,0.0378875732421875,0.0685272216796875,1.0,0.09396570919617012,0.35545023696682465,0.6445497630331753
faz,client5,Domain5,scribble,17.h5,65536,358,2322,2457,0.005462646484375,0.035430908203125,0.0374908447265625,1.0,0.1457061457061457,0.2011173184357542,0.7988826815642458
faz,client5,Domain5,scribble,18.h5,65536,285,2231,2373,0.0043487548828125,0.0340423583984375,0.0362091064453125,1.0,0.12010113780025285,0.3543859649122807,0.6456140350877193
faz,client5,Domain5,scribble,19.h5,65536,275,2215,2146,0.0041961669921875,0.0337982177734375,0.032745361328125,1.0,0.12814538676607642,0.17454545454545456,0.8254545454545454
faz,client5,Domain5,scribble,20.h5,65536,116,2063,2584,0.00177001953125,0.0314788818359375,0.0394287109375,1.0,0.04489164086687306,0.21551724137931033,0.7844827586206896
faz,client5,Domain5,scribble,21.h5,65536,116,2056,2214,0.00177001953125,0.0313720703125,0.033782958984375,1.0,0.052393857271906055,0.6293103448275862,0.3706896551724138
faz,client5,Domain5,scribble,22.h5,65536,269,2193,2077,0.0041046142578125,0.0334625244140625,0.0316925048828125,1.0,0.1295137217140106,0.4349442379182156,0.5650557620817844
faz,client5,Domain5,scribble,23.h5,65536,539,743,3659,0.0082244873046875,0.0113372802734375,0.0558319091796875,1.0,0.14730800765236404,0.37662337662337664,0.6233766233766234
faz,client5,Domain5,scribble,24.h5,65536,515,2516,3530,0.0078582763671875,0.03839111328125,0.053863525390625,1.0,0.14589235127478753,0.34368932038834954,0.6563106796116505
faz,client5,Domain5,scribble,25.h5,65536,170,2121,2489,0.002593994140625,0.0323638916015625,0.0379791259765625,1.0,0.06830052229811169,0.49411764705882355,0.5058823529411764
faz,client5,Domain5,scribble,26.h5,65536,200,2135,2364,0.0030517578125,0.0325775146484375,0.03607177734375,1.0,0.08460236886632826,0.385,0.615
faz,client5,Domain5,scribble,27.h5,65536,321,2132,5302,0.0048980712890625,0.03253173828125,0.080902099609375,1.0,0.06054319124858544,0.5046728971962616,0.4953271028037383
faz,client5,Domain5,scribble,28.h5,65536,518,2632,5108,0.007904052734375,0.0401611328125,0.07794189453125,1.0,0.1014095536413469,0.4691119691119691,0.5308880308880309
faz,client5,Domain5,scribble,29.h5,65536,398,2446,4329,0.006072998046875,0.037322998046875,0.0660552978515625,1.0,0.09193809193809194,0.2964824120603015,0.7035175879396985
faz,client5,Domain5,scribble,30.h5,65536,316,2416,5146,0.00482177734375,0.036865234375,0.078521728515625,1.0,0.06140691799455888,0.6234177215189873,0.37658227848101267
